extension,count_total,count_pldb,count_linguist,count_wikipedia,count_esolang,count_hyperpolyglot,count_pygments,count_rosettacode,sample_lang
.inc,12,8,12,1,2,12,12,7,Assembly
.m,7,5,7,0,1,7,5,7,limbo
.bas,6,4,6,2,1,1,6,6,B4X
.cls,6,4,6,0,0,5,6,4,apex
.fcgi,6,4,6,3,2,6,6,5,lua
.mod,5,4,5,0,0,4,5,2,ampl
.ncl,5,3,5,0,1,4,5,0,gerber-image
.pro,5,4,5,0,0,5,5,2,idl
.sql,5,3,5,0,0,5,5,2,plpgsql
.bf,4,4,4,1,3,3,4,2,beef
.fs,4,4,4,0,1,4,4,3,f-sharp
.gml,4,4,4,0,0,4,2,0,game-maker-language
.gs,4,4,4,1,0,4,4,4,genie
.l,4,4,4,0,0,4,2,2,common-lisp
.sch,4,3,4,0,0,4,2,1,eagle
.t,4,4,4,1,1,4,2,4,perl
.x,4,2,4,0,1,4,1,0,DirectX 3D File
.yaml,4,0,4,0,0,1,4,0,MiniYAML
.yml,4,0,4,0,0,1,4,0,MiniYAML
.asc,3,2,3,0,0,3,3,0,ags-script
.bb,3,3,3,1,0,3,3,1,bitbake
.bs,3,0,3,0,0,0,0,0,Bikeshed
.cgi,3,1,3,1,2,3,3,2,perl
.cl,3,3,3,0,1,3,3,1,common-lisp
.d,3,2,3,0,1,3,2,2,d
.e,3,2,3,0,1,2,2,3,e
.f,3,3,3,0,1,3,2,2,filebench-wml
.for,3,2,3,0,1,3,2,2,Formatted
.fr,3,2,3,0,2,3,2,2,forth
.frm,3,2,3,0,0,2,3,2,ini
.h,3,2,3,0,2,3,3,3,C
.i,3,0,3,0,1,3,3,1,Assembly
.json,3,0,3,0,0,1,3,0,JSON
.lp,3,0,3,0,0,0,0,0,Answer Set Programming
.mc,3,1,3,0,0,1,3,1,m4
.ms,3,2,3,0,0,3,3,1,maxscript
.pl,3,3,3,1,1,3,3,3,perl
.pm,3,3,3,1,1,3,3,2,perl
.r,3,2,3,1,0,2,2,2,r
.rs,3,3,3,0,0,3,3,1,renderscript
.s,3,0,3,0,1,3,3,1,Assembly
.spec,3,1,3,0,1,3,3,2,Python
.txt,3,0,3,0,1,1,3,0,Adblock Filter List
.v,3,2,3,0,1,3,3,3,Rocq Prover
.1,2,1,2,0,0,2,2,0,roff
.1in,2,1,2,0,0,2,2,0,roff
.1m,2,1,2,0,0,2,2,0,roff
.1x,2,1,2,0,0,2,2,0,roff
.2,2,1,2,0,0,2,2,0,roff
.3,2,1,2,0,0,2,2,0,roff
.3in,2,1,2,0,0,2,2,0,roff
.3m,2,1,2,0,0,2,2,0,roff
.3p,2,1,2,0,0,2,2,0,roff
.3pm,2,1,2,0,0,2,2,0,roff
.3qt,2,1,2,0,0,2,2,0,roff
.3x,2,1,2,0,0,2,2,0,roff
.4,2,1,2,0,0,2,2,0,roff
.5,2,1,2,0,0,2,2,0,roff
.6,2,1,2,0,0,2,2,0,roff
.7,2,1,2,0,0,2,2,0,roff
.8,2,1,2,0,0,2,2,0,roff
.9,2,1,2,0,0,2,2,0,roff
.al,2,2,2,1,1,1,1,1,al
.as,2,2,2,0,0,2,2,2,actionscript
.ash,2,1,2,0,0,1,1,0,ags-script
.asm,2,0,2,0,1,2,2,1,Assembly
.asy,2,1,2,0,0,2,2,1,asymptote
.b,2,2,2,1,1,2,2,1,brainfuck
.bi,2,2,2,1,0,0,2,2,freebasic
.brd,2,1,2,0,0,2,0,0,eagle
.bst,2,0,2,0,0,0,2,0,BibTeX Style
.cairo,2,1,2,0,0,0,0,0,cairo
.cake,2,1,2,0,1,2,2,2,C#
.cfg,2,1,2,0,0,2,2,0,HAProxy
.ch,2,2,2,0,0,2,1,1,charity
.cp,2,1,2,0,1,2,2,2,C++
.cs,2,1,2,1,1,2,2,2,C#
.csl,2,1,2,0,0,1,2,0,Kusto
.cue,2,0,2,0,0,0,0,0,CUE
.ddl,2,1,2,0,0,2,2,1,PLSQL
.dsc,2,0,2,0,0,0,0,0,Debian Package Control File
.dsp,2,1,2,0,0,2,0,1,faust
.ecl,2,1,2,0,1,2,2,1,ecl
.es,2,2,2,1,0,2,2,2,erlang
.ex,2,2,2,0,0,1,2,2,elixir
.frag,2,2,2,1,0,2,2,2,glsl
.ftl,2,1,2,0,0,1,0,0,Fluent
.fx,2,2,2,0,1,2,1,0,flux
.g,2,2,2,0,0,2,2,1,g-code
.gd,2,2,2,0,0,2,2,2,gap
.gst,2,2,2,0,0,2,2,1,gosu
.gts,2,1,2,0,0,1,1,0,gerber-image
.hh,2,1,2,0,1,2,2,2,C++
.html,2,1,2,0,0,1,2,0,Ecmarkup
.ice,2,1,2,0,0,2,1,0,JSON
.j,2,2,2,0,0,2,2,0,jasmin
.jq,2,2,2,0,1,1,0,1,jq
.k,2,1,2,0,0,0,0,0,kcl
.ks,2,0,2,0,0,0,0,0,KerboScript
.lean,2,1,2,0,0,1,2,1,lean
.lisp,2,2,2,0,0,2,2,2,common-lisp
.ls,2,2,2,0,0,2,2,1,livescript
.lsp,2,2,2,0,0,2,2,2,common-lisp
.m4,2,2,2,0,0,2,1,1,m4
.man,2,1,2,0,0,2,2,0,roff
.mask,2,1,2,0,0,2,2,0,Mask
.md,2,2,2,0,0,2,2,0,gcc-machine-description
.mdoc,2,1,2,0,0,2,2,0,roff
.ml,2,2,2,0,0,2,2,2,ocaml
.mm,2,1,2,0,0,2,2,0,Objective-C++
.mo,2,1,2,0,0,1,2,0,modelica
.mojo,2,2,2,0,0,1,2,1,mojo
.moo,2,1,2,0,0,2,2,1,mercury
.mps,2,0,2,0,0,0,1,0,JetBrains MPS
.mqh,2,0,2,0,0,2,2,0,MQL4
.msg,2,0,2,0,0,0,0,0,OMNeT++ MSG
.n,2,2,2,1,0,2,2,1,nemerle
.nas,2,1,2,0,2,1,1,1,Assembly
.nb,2,0,2,0,1,2,2,1,Text
.nl,2,2,2,0,0,2,2,1,newlisp
.nr,2,1,2,0,0,1,1,0,Noir
.nu,2,2,2,0,1,1,0,1,nu
.odin,2,1,2,0,0,2,2,1,Object Data Instance Notation
.p,2,1,2,0,0,2,2,1,gnuplot
.pbt,2,1,2,0,0,1,0,1,powerbuilder
.php,2,2,2,1,0,2,2,2,hack
.pkl,2,1,2,0,0,1,0,0,Pickle
.plist,2,0,2,0,0,2,0,0,OpenStep Property List
.plt,2,2,2,0,0,2,2,2,gnuplot
.pluginspec,2,2,2,0,0,2,2,1,ruby
.pod,2,1,2,0,0,2,0,0,pod
.pp,2,2,2,0,0,2,2,1,pascal
.prc,2,1,2,0,0,2,2,1,PLSQL
.properties,2,2,2,0,0,2,2,0,ini
.q,2,2,2,0,1,2,1,1,hiveql
.qs,2,1,2,0,0,0,0,1,q-sharp
.re,2,1,2,0,1,2,2,2,C++
.res,2,2,2,0,0,1,1,1,rescript
.rno,2,2,2,0,0,2,1,0,roff
.rpy,2,0,2,0,1,2,1,1,Python
.rsc,2,1,2,0,0,1,0,1,rascal
.sc,2,2,2,0,0,2,2,2,scala
.scd,2,2,2,0,0,2,2,1,markdown
.scm,2,1,2,0,0,1,2,1,scheme
.shader,2,2,2,0,0,2,1,1,glsl
.sls,2,2,2,0,0,2,2,1,saltstack
.sol,2,2,2,0,0,2,2,0,gerber-image
.srt,2,2,2,0,0,2,0,0,srecode-template
.st,2,1,2,1,0,1,2,1,smalltalk
.star,2,2,2,1,0,1,1,1,star
.svx,2,0,2,0,0,0,0,0,mdsvex
.sw,2,1,2,0,0,1,1,0,Sway
.tact,2,0,2,0,0,1,2,0,JSON
.tl,2,2,2,0,0,1,1,0,teal
.toc,2,2,2,0,0,2,2,1,tex
.tpl,2,1,2,0,0,1,2,0,Go Template
.trigger,2,1,2,0,0,2,2,1,apex
.ts,2,2,2,1,0,2,2,1,typescript
.tsp,2,0,2,0,0,0,0,0,TSPLIB data
.tst,2,2,2,0,0,2,2,2,gap
.tsx,2,1,2,0,0,2,2,0,TSX
.typ,2,2,2,0,0,1,2,0,typst
.vba,2,2,2,0,0,2,2,2,vba
.vcf,2,0,2,0,0,0,0,0,TSV
.vhost,2,1,2,0,0,2,2,0,apacheconf
.w,2,1,2,0,0,2,1,0,cweb
.workflow,2,2,2,0,0,2,2,1,hcl
.yy,2,1,2,0,0,2,1,0,JSON
.2da,1,0,1,0,0,0,0,0,2-Dimensional Array
.4dform,1,0,1,0,0,1,1,0,JSON
.4dm,1,0,1,0,0,1,0,1,4D
.4dproject,1,0,1,0,0,1,1,0,JSON
.4gl,1,0,1,0,0,0,0,0,Genero 4gl
.4th,1,1,1,0,1,1,1,1,forth
.6pl,1,1,1,0,0,1,1,1,raku
.6pm,1,1,1,0,0,1,1,1,raku
.8xp,1,0,1,0,0,1,0,0,TI Program
.8xp.txt,1,0,1,0,0,1,0,0,TI Program
._coffee,1,1,1,0,0,1,1,1,coffeescript
._js,1,1,1,1,0,1,1,1,javascript
._ls,1,1,1,0,0,1,1,1,livescript
.a51,1,0,1,0,1,1,1,1,Assembly
.abap,1,1,1,1,0,1,1,1,abap
.abnf,1,1,1,0,0,1,1,0,abnf
.action,1,0,1,0,0,0,0,0,ROS Interface
.ada,1,1,1,0,0,1,1,1,ada
.adb,1,1,1,0,0,1,1,1,ada
.adml,1,1,1,0,0,1,1,0,xml
.admx,1,1,1,0,0,1,1,0,xml
.ado,1,1,1,0,0,1,1,1,stata
.adoc,1,1,1,0,0,1,1,0,asciidoc
.adp,1,1,1,0,0,1,1,1,tcl
.ads,1,1,1,0,0,1,1,1,ada
.afm,1,1,1,0,0,1,0,0,adobe-font-metrics
.agc,1,1,1,0,1,1,0,0,apollo-guidance-computer
.agda,1,1,1,0,0,1,1,1,agda
.ahk,1,1,1,0,0,1,1,1,autohotkey
.ahkl,1,1,1,0,0,1,1,1,autohotkey
.aidl,1,0,1,0,0,0,0,0,AIDL
.aj,1,1,1,1,0,1,1,1,aspectj
.ak,1,0,1,0,0,0,0,0,Aiken
.alg,1,1,1,0,0,0,1,1,algol
.als,1,0,1,0,0,1,1,0,Alloy
.ampl,1,1,1,0,0,1,1,1,ampl
.angelscript,1,1,1,0,0,1,1,1,angelscript
.anim,1,1,1,0,0,1,1,0,unity3d-asset
.ant,1,1,1,0,0,1,1,0,xml
.antlers.html,1,0,1,0,0,0,0,0,Antlers
.antlers.php,1,0,1,0,0,0,0,0,Antlers
.antlers.xml,1,0,1,0,0,0,0,0,Antlers
.apacheconf,1,1,1,0,0,1,1,0,apacheconf
.apex,1,1,1,0,0,1,1,1,apex
.apib,1,1,1,0,0,1,0,0,api-blueprint
.apl,1,1,1,0,1,1,1,1,apl
.app,1,1,1,0,0,1,1,1,erlang
.app.src,1,1,1,0,0,1,1,1,erlang
.applescript,1,1,1,1,0,1,1,1,applescript
.arc,1,1,1,0,0,1,0,1,arc
.arpa,1,0,1,0,0,1,1,0,DNS Zone
.arr,1,1,1,0,0,0,0,1,pyret
.asax,1,1,1,0,0,0,1,1,asp.net
.asciidoc,1,1,1,0,0,1,1,0,asciidoc
.ascx,1,1,1,0,0,0,1,1,asp.net
.asd,1,1,1,0,0,1,1,1,common-lisp
.asddls,1,0,1,0,0,0,0,0,ABAP CDS
.ashx,1,1,1,0,0,0,1,1,asp.net
.asl,1,0,1,0,0,0,0,0,ASL
.asmx,1,1,1,0,0,0,1,1,asp.net
.asn,1,0,1,0,0,1,1,0,ASN.1
.asn1,1,0,1,0,0,1,1,0,ASN.1
.asp,1,0,1,0,0,1,0,1,Classic ASP
.aspx,1,1,1,0,0,0,1,1,asp.net
.asset,1,1,1,0,0,1,1,0,unity3d-asset
.astro,1,1,1,0,0,0,0,1,astro
.au3,1,1,1,0,0,1,1,1,autoit
.aug,1,1,1,0,0,1,1,0,augeas
.auk,1,1,1,0,0,1,1,1,awk
.aux,1,1,1,0,0,1,1,1,tex
.avdl,1,0,1,0,0,0,0,0,Avro IDL
.avsc,1,0,1,0,0,1,1,0,JSON
.aw,1,1,1,1,0,1,1,1,php
.awk,1,1,1,0,0,1,1,1,awk
.axaml,1,1,1,0,0,1,1,0,xml
.axd,1,1,1,0,0,0,1,1,asp.net
.axi,1,1,1,0,0,1,0,0,netlinx
.axi.erb,1,0,1,0,0,1,0,0,NetLinx+ERB
.axml,1,1,1,0,0,1,1,0,xml
.axs,1,1,1,0,0,1,0,0,netlinx
.axs.erb,1,0,1,0,0,1,0,0,NetLinx+ERB
.bal,1,1,1,0,0,1,0,1,ballerina
.bash,1,0,1,0,0,1,1,0,Shell
.bat,1,0,1,0,0,1,1,1,Batchfile
.bats,1,0,1,0,0,1,1,0,Shell
.bbappend,1,1,1,0,0,1,1,0,bitbake
.bbclass,1,1,1,0,0,1,1,0,bitbake
.bbx,1,1,1,0,0,1,1,1,tex
.bdf,1,1,1,0,0,1,0,0,glyph-bitmap-distribution-format
.bdy,1,0,1,0,0,1,1,0,PLSQL
.be,1,1,1,0,0,0,1,0,berry
.befunge,1,1,1,0,1,1,1,1,befunge
.bib,1,1,1,0,0,1,1,0,bibtex
.bibtex,1,1,1,0,0,1,1,0,bibtex
.bicep,1,0,1,0,0,0,0,0,Bicep
.bicepparam,1,0,1,0,0,0,0,0,Bicep
.bison,1,1,1,0,0,1,0,0,bison
.blade,1,1,1,0,0,1,0,1,blade
.blade.php,1,1,1,0,0,1,0,1,blade
.bmx,1,1,1,0,0,1,1,1,blitzmax
.bones,1,1,1,1,0,1,1,1,javascript
.boo,1,1,1,0,0,1,1,1,boo
.boot,1,1,1,1,0,1,1,1,clojure
.bpl,1,1,1,0,0,0,1,0,boogie
.bqn,1,1,1,0,1,0,1,1,bqn
.bro,1,1,1,0,0,1,1,0,zeek
.brs,1,0,1,0,0,1,0,0,Brightscript
.bru,1,0,1,0,0,0,0,0,Bru
.bsl,1,1,1,0,0,1,0,0,1c-enterprise
.bsv,1,1,1,0,0,1,0,0,bluespec
.builder,1,1,1,0,0,1,1,1,ruby
.builds,1,1,1,0,0,1,1,0,xml
.bzl,1,1,1,1,0,1,1,0,starlark
.c,1,1,1,0,1,1,1,1,C
.c++,1,0,1,0,1,1,1,1,C++
.c++-objdump,1,0,1,0,0,1,1,0,Cpp-ObjDump
.c++objdump,1,0,1,0,0,1,1,0,Cpp-ObjDump
.c-objdump,1,0,1,0,0,1,1,0,C-ObjDump
.c3,1,1,1,0,0,0,0,1,c3
.cabal,1,0,1,0,0,1,0,0,Cabal Config
.caddyfile,1,0,1,0,0,0,0,0,Caddyfile
.capnp,1,0,1,0,0,1,1,0,Cap'n Proto
.carbon,1,1,1,0,0,0,1,0,carbon
.cats,1,1,1,0,1,1,1,1,C
.cbl,1,1,1,0,1,1,1,1,cobol
.cbx,1,1,1,0,0,1,1,1,tex
.cc,1,0,1,0,1,1,1,1,C++
.ccp,1,1,1,0,1,1,1,1,cobol
.ccproj,1,1,1,0,0,1,1,0,xml
.ccxml,1,1,1,0,0,1,1,0,xml
.cdc,1,0,1,0,0,0,0,0,Cadence
.cdf,1,0,1,0,0,1,1,1,Wolfram Language
.cds,1,0,1,0,0,0,0,0,CAP CDS
.ceylon,1,1,1,0,0,1,1,1,ceylon
.cfc,1,0,1,0,0,1,1,0,ColdFusion CFC
.cfm,1,1,1,0,0,1,1,1,coldfusion
.cfml,1,1,1,0,0,1,1,1,coldfusion
.cginc,1,1,1,0,0,1,1,0,hlsl
.chem,1,1,1,0,0,1,0,0,pic
.chpl,1,1,1,0,0,1,1,1,chapel
.chs,1,0,1,0,0,1,0,0,C2hs Haskell
.cil,1,1,1,0,0,0,0,0,cil
.circom,1,0,1,0,0,0,0,0,Circom
.cirru,1,1,1,0,0,1,1,0,cirru
.cj,1,0,1,0,0,0,0,0,Cangjie
.cjs,1,1,1,1,0,1,1,1,javascript
.cjsx,1,1,1,0,0,1,1,1,coffeescript
.ck,1,1,1,0,0,1,0,1,chuck
.cl2,1,1,1,1,0,1,1,1,clojure
.clar,1,1,1,0,0,0,0,0,clarity
.click,1,1,1,0,0,1,0,0,click
.clixml,1,1,1,0,0,1,1,0,xml
.clj,1,1,1,1,0,1,1,1,clojure
.cljc,1,1,1,1,0,1,1,1,clojure
.cljs,1,1,1,1,0,1,1,1,clojure
.cljs.hl,1,1,1,1,0,1,1,1,clojure
.cljscm,1,1,1,1,0,1,1,1,clojure
.cljx,1,1,1,1,0,1,1,1,clojure
.clp,1,1,1,0,0,1,0,1,clips
.clue,1,0,1,0,0,0,0,0,Clue
.clw,1,1,1,0,0,1,0,1,clarion
.cmake,1,1,1,0,0,1,1,1,cmake
.cmake.in,1,1,1,0,0,1,1,1,cmake
.cmd,1,0,1,0,0,1,1,1,Batchfile
.cmp,1,1,1,0,0,1,1,0,gerber-image
.cnc,1,1,1,0,0,1,1,0,g-code
.cnf,1,1,1,0,0,1,1,0,ini
.cob,1,1,1,0,1,1,1,1,cobol
.cobol,1,1,1,0,1,1,1,1,cobol
.cocci,1,1,1,0,0,1,0,0,smpl
.code-snippets,1,0,1,0,0,1,0,0,JSON with Comments
.code-workspace,1,0,1,0,0,1,0,0,JSON with Comments
.coffee,1,1,1,0,0,1,1,1,coffeescript
.coffee.md,1,1,1,0,0,1,0,0,literate-coffeescript
.com,1,1,1,0,0,1,0,1,digital-command-language
.command,1,0,1,0,0,1,1,0,Shell
.conll,1,1,1,0,0,1,0,0,conll-u
.conllu,1,1,1,0,0,1,0,0,conll-u
.containerfile,1,1,1,0,0,1,1,0,dockerfile
.cook,1,0,1,0,0,0,0,0,Cooklang
.coq,1,0,1,0,0,1,1,1,Rocq Prover
.cpp,1,0,1,0,1,1,1,1,C++
.cpp-objdump,1,0,1,0,0,1,1,0,Cpp-ObjDump
.cppm,1,0,1,0,1,1,1,1,C++
.cppobjdump,1,0,1,0,0,1,1,0,Cpp-ObjDump
.cproject,1,1,1,0,0,1,1,0,xml
.cps,1,1,1,0,0,1,1,1,component-pascal
.cpy,1,1,1,0,1,1,1,1,cobol
.cql,1,1,1,0,0,0,0,0,cql
.cr,1,1,1,0,0,1,1,1,crystal
.crc32,1,0,1,0,0,0,0,0,Checksums
.creole,1,1,1,0,0,1,0,0,creole
.cs.pp,1,0,1,0,1,1,1,1,C#
.csc,1,0,1,0,0,0,0,0,GSC
.cscfg,1,1,1,0,0,1,1,0,xml
.csd,1,0,1,0,0,1,1,0,Csound Document
.csdef,1,1,1,0,0,1,1,0,xml
.csh,1,1,1,0,0,1,1,0,tcsh
.cshtml,1,0,1,0,0,1,0,0,HTML+Razor
.cson,1,1,1,0,0,1,0,0,cson
.csproj,1,1,1,0,0,1,1,0,xml
.css,1,1,1,0,0,1,1,0,css
.csv,1,0,1,0,0,1,0,0,CSV
.csx,1,0,1,0,1,1,1,1,C#
.ct,1,1,1,0,0,1,1,0,xml
.ctl,1,0,1,0,0,0,1,1,Visual Basic 6.0
.ctp,1,1,1,1,0,1,1,1,php
.cts,1,1,1,1,0,1,1,1,typescript
.cu,1,1,1,0,0,1,1,0,cuda
.cuh,1,1,1,0,0,1,1,0,cuda
.curry,1,1,1,0,0,0,0,1,curry
.cw,1,1,1,0,1,1,1,0,redcode
.cwl,1,1,1,0,0,1,0,0,common-workflow-language
.cxx,1,0,1,0,1,1,1,1,C++
.cxx-objdump,1,0,1,0,0,1,1,0,Cpp-ObjDump
.cy,1,1,1,0,0,1,0,0,cycript
.cylc,1,0,1,0,0,0,0,0,Cylc
.cyp,1,1,1,0,0,0,1,0,cypher
.cypher,1,1,1,0,0,0,1,0,cypher
.d-objdump,1,0,1,0,0,1,1,0,D-ObjDump
.d2,1,1,1,0,0,0,0,0,d2
.dae,1,1,1,0,0,1,0,0,collada
.darcspatch,1,0,1,0,0,1,1,0,Darcs Patch
.dart,1,1,1,0,0,1,1,1,dart
.das,1,0,1,0,0,0,0,0,Daslang
.dats,1,1,1,0,0,1,0,1,ats
.db2,1,1,1,0,0,1,1,0,sqlpl
.dcl,1,1,1,0,0,1,1,1,clean
.decls,1,1,1,0,0,1,1,0,blitzbasic
.depproj,1,1,1,0,0,1,1,0,xml
.desktop,1,1,1,0,0,1,1,0,desktop
.desktop.in,1,1,1,0,0,1,1,0,desktop
.dfm,1,1,1,0,0,1,1,1,pascal
.dfy,1,1,1,0,0,0,0,1,dafny
.dhall,1,1,1,0,0,1,0,0,dhall
.di,1,1,1,0,1,1,1,1,d
.diff,1,1,1,0,0,1,1,0,diff
.dircolors,1,0,1,0,0,1,0,0,dircolors
.dita,1,1,1,0,0,1,1,0,xml
.ditamap,1,1,1,0,0,1,1,0,xml
.ditaval,1,1,1,0,0,1,1,0,xml
.djs,1,1,1,0,1,1,0,0,dogescript
.dll.config,1,1,1,0,0,1,1,0,xml
.dlm,1,1,1,0,0,1,1,1,idl
.dm,1,1,1,0,0,1,0,1,dm
.do,1,1,1,0,0,1,1,1,stata
.dockerfile,1,1,1,0,0,1,1,0,dockerfile
.dof,1,1,1,0,0,1,1,0,ini
.doh,1,1,1,0,0,1,1,1,stata
.dot,1,0,1,0,0,1,1,0,Graphviz (DOT)
.dotsettings,1,1,1,0,0,1,1,0,xml
.dpatch,1,0,1,0,0,1,1,0,Darcs Patch
.dpr,1,1,1,0,0,1,1,1,pascal
.druby,1,1,1,0,0,1,1,1,mirah
.dsl,1,0,1,0,0,0,0,0,ASL
.dsr,1,0,1,0,0,0,1,1,Visual Basic 6.0
.dtx,1,1,1,0,0,1,1,1,tex
.duby,1,1,1,0,0,1,1,1,mirah
.dwl,1,1,1,0,0,1,0,1,dataweave
.dyalog,1,1,1,0,1,1,1,1,apl
.dyl,1,1,1,0,0,1,1,1,dylan
.dylan,1,1,1,0,0,1,1,1,dylan
.dzn,1,0,1,0,0,0,0,0,MiniZinc Data
.eam.fs,1,0,1,0,0,1,0,0,Formatted
.eb,1,1,1,0,0,1,0,0,easybuild
.ebnf,1,1,1,0,0,1,1,0,ebnf
.ebuild,1,1,1,0,0,1,1,0,gentoo-ebuild
.ec,1,1,1,0,0,1,1,1,ec
.eclass,1,0,1,0,0,1,1,0,Gentoo Eclass
.eclxml,1,1,1,0,1,1,1,1,ecl
.ecr,1,0,1,0,0,1,0,0,HTML+ECR
.ect,1,1,1,0,0,1,0,0,ejs
.edc,1,1,1,0,0,1,0,0,edje-data-collection
.edge,1,0,1,0,1,0,0,0,Edge
.edgeql,1,1,1,0,0,0,0,0,edgeql
.editorconfig,1,0,1,0,0,1,0,0,EditorConfig
.edn,1,1,1,0,0,1,0,0,edn
.eh,1,1,1,0,0,1,1,1,ec
.ejs,1,1,1,0,0,1,0,0,ejs
.ejs.t,1,1,1,0,0,1,0,0,ejs
.el,1,1,1,0,0,1,1,1,emacs-lisp
.eliom,1,1,1,0,0,1,1,1,ocaml
.eliomi,1,1,1,0,0,1,1,1,ocaml
.elm,1,0,1,0,0,1,1,1,Elm
.elv,1,1,1,0,0,0,0,0,elvish
.em,1,1,1,0,0,1,0,0,emberscript
.emacs,1,1,1,0,0,1,1,1,emacs-lisp
.emacs.desktop,1,1,1,0,0,1,1,1,emacs-lisp
.emberscript,1,1,1,0,0,1,0,0,emberscript
.eml,1,0,1,0,0,1,1,0,E-mail
.env,1,0,1,0,0,0,0,0,Dotenv
.epj,1,0,1,0,0,1,0,0,Ecere Projects
.eps,1,1,1,0,0,1,1,1,postscript
.epsi,1,1,1,0,0,1,1,1,postscript
.eq,1,0,1,0,0,1,0,0,EQ
.erb,1,0,1,0,0,1,1,0,HTML+ERB
.erb.deface,1,0,1,0,0,1,1,0,HTML+ERB
.erl,1,1,1,0,0,1,1,1,erlang
.es6,1,1,1,1,0,1,1,1,javascript
.escript,1,1,1,0,0,1,1,1,erlang
.esdl,1,1,1,0,0,0,0,0,edgeql
.exs,1,1,1,0,0,1,1,1,elixir
.eye,1,1,1,0,0,1,1,1,ruby
.f03,1,0,1,0,0,0,1,0,Fortran Free Form
.f08,1,0,1,0,0,0,1,0,Fortran Free Form
.f77,1,1,1,0,0,1,1,1,fortran
.f90,1,0,1,0,0,0,1,0,Fortran Free Form
.f95,1,0,1,0,0,0,1,0,Fortran Free Form
.factor,1,1,1,0,1,1,1,1,factor
.fan,1,1,1,0,0,1,1,1,fantom
.fancypack,1,1,1,0,0,1,1,1,fancy
.fbs,1,1,1,0,0,0,0,0,flatbuffers
.fea,1,1,1,0,0,1,0,0,opentype-feature-file
.feature,1,1,1,0,0,1,1,0,gherkin
.filters,1,1,1,0,0,1,1,0,xml
.fir,1,1,1,0,0,0,0,0,firrtl
.fish,1,1,1,0,1,1,1,1,fish
.flex,1,1,1,0,0,1,0,0,jflex
.flf,1,1,1,0,0,1,0,0,figlet-font
.flix,1,1,1,0,0,0,0,0,flix
.flux,1,1,1,0,1,1,0,0,flux
.fnc,1,0,1,0,0,1,1,0,PLSQL
.fnl,1,1,1,0,0,0,1,1,fennel
.forth,1,1,1,0,1,1,1,1,forth
.fp,1,1,1,0,0,1,1,1,glsl
.fpp,1,1,1,0,0,1,1,1,fortran
.frg,1,1,1,0,0,1,1,1,glsl
.frt,1,1,1,0,1,1,1,1,forth
.fsh,1,1,1,0,0,1,1,1,glsl
.fshader,1,1,1,0,0,1,1,1,glsl
.fsi,1,1,1,0,0,1,1,1,f-sharp
.fsproj,1,1,1,0,0,1,1,0,xml
.fst,1,1,1,0,1,1,1,1,f
.fsti,1,1,1,0,1,1,1,1,f
.fsx,1,1,1,0,0,1,1,1,f-sharp
.fth,1,1,1,0,1,1,1,1,forth
.ftlh,1,1,1,0,0,1,0,0,freemarker
.fun,1,1,1,0,0,1,1,1,standard-ml
.fut,1,1,1,0,0,0,1,1,futhark
.fxh,1,1,1,0,0,1,1,0,hlsl
.fxml,1,1,1,0,0,1,1,0,xml
.fy,1,1,1,0,0,1,1,1,fancy
.g4,1,1,1,0,0,1,1,1,antlr
.gaml,1,1,1,0,0,1,0,0,gaml
.gap,1,1,1,0,0,1,1,1,gap
.gawk,1,1,1,0,0,1,1,1,awk
.gbl,1,1,1,0,0,1,1,0,gerber-image
.gbo,1,1,1,0,0,1,1,0,gerber-image
.gbp,1,1,1,0,0,1,1,0,gerber-image
.gbr,1,1,1,0,0,1,1,0,gerber-image
.gbs,1,1,1,0,0,1,1,0,gerber-image
.gco,1,1,1,0,0,1,1,0,g-code
.gcode,1,1,1,0,0,1,1,0,g-code
.gdb,1,1,1,0,0,1,0,0,gdb
.gdbinit,1,1,1,0,0,1,0,0,gdb
.gdnlib,1,0,1,0,0,0,0,0,Godot Resource
.gdns,1,0,1,0,0,0,0,0,Godot Resource
.gdshader,1,0,1,0,0,0,0,0,GDShader
.gdshaderinc,1,0,1,0,0,0,0,0,GDShader
.ged,1,0,1,0,0,0,0,0,GEDCOM
.gemspec,1,1,1,0,0,1,1,1,ruby
.geo,1,1,1,0,0,1,1,1,glsl
.geojson,1,0,1,0,0,1,1,0,JSON
.geom,1,1,1,0,0,1,1,1,glsl
.gf,1,1,1,0,0,1,0,0,grammatical-framework
.gi,1,1,1,0,0,1,1,1,gap
.gitconfig,1,1,1,0,0,1,0,0,git-config
.gitignore,1,0,1,0,0,1,0,0,Ignore List
.gjs,1,0,1,0,0,0,0,0,Glimmer JS
.gko,1,1,1,0,0,1,1,0,gerber-image
.glade,1,1,1,0,0,1,1,0,xml
.gleam,1,1,1,0,0,0,1,1,gleam
.glf,1,1,1,0,0,1,0,0,glyph
.glsl,1,1,1,0,0,1,1,1,glsl
.glslf,1,1,1,0,0,1,1,1,glsl
.glslv,1,1,1,0,0,1,1,1,glsl
.gltf,1,0,1,0,0,1,1,0,JSON
.glyphs,1,0,1,0,0,1,0,0,OpenStep Property List
.gmi,1,1,1,0,1,0,0,0,gemini
.gms,1,1,1,0,0,1,0,0,gams
.gmx,1,1,1,0,0,1,1,0,xml
.gn,1,0,1,0,0,1,0,0,GN
.gni,1,0,1,0,0,1,0,0,GN
.gnu,1,1,1,0,0,1,1,1,gnuplot
.gnuplot,1,1,1,0,0,1,1,1,gnuplot
.go,1,1,1,0,0,1,1,1,go
.god,1,1,1,0,0,1,1,1,ruby
.gohtml,1,0,1,0,0,0,1,0,Go Template
.golo,1,1,1,0,0,1,1,1,golo
.gotmpl,1,0,1,0,0,0,1,0,Go Template
.gp,1,1,1,0,0,1,1,1,gnuplot
.gpb,1,1,1,0,0,1,1,0,gerber-image
.gpt,1,1,1,0,0,1,1,0,gerber-image
.gpx,1,1,1,0,0,1,1,0,xml
.gql,1,0,1,0,0,1,1,0,GraphQL
.grace,1,1,1,0,0,1,0,0,grace
.gradle,1,1,1,0,0,1,1,0,gradle
.gradle.kts,1,0,1,0,0,0,0,0,Gradle Kotlin DSL
.graphql,1,0,1,0,0,1,1,0,GraphQL
.graphqls,1,0,1,0,0,1,1,0,GraphQL
.groovy,1,1,1,0,0,1,1,1,groovy
.grt,1,1,1,0,0,1,1,1,groovy
.grxml,1,1,1,0,0,1,1,0,xml
.gsc,1,0,1,0,0,0,0,0,GSC
.gsh,1,0,1,0,0,0,0,0,GSC
.gshader,1,1,1,0,0,1,1,1,glsl
.gsp,1,1,1,0,0,1,1,0,groovy-server-pages
.gsx,1,1,1,0,0,1,1,1,gosu
.gtl,1,1,1,0,0,1,1,0,gerber-image
.gto,1,1,1,0,0,1,1,0,gerber-image
.gtp,1,1,1,0,0,1,1,0,gerber-image
.gtpl,1,1,1,0,0,1,1,1,groovy
.gv,1,0,1,0,0,1,1,0,Graphviz (DOT)
.gvy,1,1,1,0,0,1,1,1,groovy
.gyp,1,0,1,0,1,1,1,1,Python
.gypi,1,0,1,0,1,1,1,1,Python
.h++,1,0,1,0,1,1,1,1,C++
.h.in,1,1,1,0,1,1,1,1,C
.ha,1,1,1,0,0,0,1,1,hare
.hack,1,1,1,0,0,1,1,1,hack
.haml,1,1,1,0,0,1,1,0,haml
.haml.deface,1,1,1,0,0,1,1,0,haml
.handlebars,1,1,1,0,0,1,1,0,handlebars
.har,1,0,1,0,0,1,1,0,JSON
.hats,1,1,1,0,0,1,0,1,ats
.hb,1,1,1,0,0,1,0,1,harbour
.hbs,1,1,1,0,0,1,1,0,handlebars
.hc,1,1,1,0,0,1,0,1,holyc
.hcl,1,1,1,0,0,1,1,1,hcl
.heex,1,0,1,0,0,1,1,0,HTML+EEX
.hhi,1,1,1,0,0,1,1,1,hack
.hic,1,1,1,1,0,1,1,1,clojure
.hip,1,0,1,0,0,0,0,0,HIP
.hlean,1,1,1,0,0,1,1,1,lean
.hlsl,1,1,1,0,0,1,1,0,hlsl
.hlsli,1,1,1,0,0,1,1,0,hlsl
.hocon,1,1,1,0,0,0,0,0,hocon
.hoon,1,1,1,0,1,0,0,1,hoon
.hpp,1,0,1,0,1,1,1,1,C++
.hqf,1,0,1,0,0,1,0,0,SQF
.hql,1,1,1,0,0,1,0,0,hiveql
.hrl,1,1,1,0,0,1,1,1,erlang
.hs,1,1,1,0,1,1,1,1,haskell
.hs-boot,1,1,1,0,1,1,1,1,haskell
.hsc,1,1,1,0,1,1,1,1,haskell
.hta,1,1,1,0,0,1,1,0,html
.htm,1,1,1,0,0,1,1,0,html
.html.eex,1,0,1,0,0,1,1,0,HTML+EEX
.html.hl,1,1,1,0,0,1,1,0,html
.html.tmpl,1,0,1,0,0,0,1,0,Go Template
.http,1,1,1,0,0,1,1,0,http
.hurl,1,1,1,0,0,0,0,0,hurl
.hx,1,1,1,1,0,1,1,1,haxe
.hxml,1,1,1,0,0,1,1,0,hxml
.hxsl,1,1,1,1,0,1,1,1,haxe
.hxx,1,0,1,0,1,1,1,1,C++
.hy,1,1,1,0,0,1,1,1,hy
.hzp,1,1,1,0,0,1,1,0,xml
.i3,1,0,1,0,0,1,0,1,Modula-3
.i7x,1,0,1,0,0,1,1,1,Inform 7
.ical,1,0,1,0,0,0,0,0,iCalendar
.iced,1,1,1,0,0,1,1,1,coffeescript
.icl,1,1,1,0,0,1,1,1,clean
.ics,1,0,1,0,0,0,0,0,iCalendar
.idc,1,1,1,0,1,1,1,1,C
.idr,1,1,1,0,0,1,1,1,idris
.ig,1,0,1,0,0,1,0,1,Modula-3
.ihlp,1,1,1,0,0,1,1,1,stata
.ijm,1,0,1,0,0,0,0,0,ImageJ Macro
.ijs,1,1,1,0,1,1,1,1,j
.ik,1,1,1,0,0,1,1,1,ioke
.ily,1,1,1,0,0,1,1,0,lilypond
.imba,1,1,1,0,0,0,0,0,imba
.iml,1,1,1,0,0,1,1,0,xml
.ini,1,1,1,0,0,1,1,0,ini
.ink,1,1,1,0,0,0,0,0,ink
.inl,1,0,1,0,1,1,1,1,C++
.ino,1,0,1,0,1,1,1,1,C++
.ins,1,1,1,0,0,1,1,1,tex
.intr,1,1,1,0,0,1,1,1,dylan
.io,1,1,1,0,0,1,1,1,io
.iol,1,1,1,0,0,1,0,0,jolie
.ipf,1,1,1,0,0,1,1,0,igor-pro
.ipp,1,0,1,0,1,1,1,1,C++
.ipynb,1,1,1,0,0,1,0,0,jupyter-notebook
.irclog,1,1,1,0,0,1,1,0,irc-log
.isl,1,1,1,0,0,1,0,0,inno-setup
.ispc,1,0,1,0,0,0,0,0,ISPC
.iss,1,1,1,0,0,1,0,0,inno-setup
.iuml,1,1,1,0,0,1,0,0,plantuml
.ivy,1,1,1,0,0,1,1,0,xml
.ixx,1,0,1,0,1,1,1,1,C++
.j2,1,1,1,0,0,1,1,1,jinja
.jac,1,0,1,0,0,0,0,0,Jac
.jade,1,1,1,0,0,1,1,0,pug
.jai,1,1,1,0,0,0,0,0,jai
.jake,1,1,1,1,0,1,1,1,javascript
.janet,1,1,1,0,0,0,1,1,janet
.jav,1,1,1,0,1,1,1,1,java
.java,1,1,1,0,1,1,1,1,java
.javascript,1,1,1,1,0,1,1,1,javascript
.jbuilder,1,1,1,0,0,1,1,1,ruby
.jcl,1,1,1,0,0,0,1,1,jcl
.jelly,1,1,1,0,0,1,1,0,xml
.jflex,1,1,1,0,0,1,0,0,jflex
.jinja,1,1,1,0,0,1,1,1,jinja
.jinja2,1,1,1,0,0,1,1,1,jinja
.jison,1,1,1,0,0,1,0,0,jison
.jisonlex,1,1,1,0,0,1,0,0,jison-lex
.jl,1,1,1,0,0,1,1,1,julia
.js,1,1,1,1,0,1,1,1,javascript
.js.erb,1,0,1,0,0,1,1,0,JavaScript+ERB
.jsb,1,1,1,1,0,1,1,1,javascript
.jscad,1,1,1,1,0,1,1,1,javascript
.jsfl,1,1,1,1,0,1,1,1,javascript
.jsh,1,1,1,0,1,1,1,1,java
.jslib,1,1,1,1,0,1,1,1,javascript
.jsm,1,1,1,1,0,1,1,1,javascript
.json-tmlanguage,1,0,1,0,0,1,1,0,JSON
.json.example,1,0,1,0,0,1,1,0,JSON
.json5,1,1,1,0,0,1,1,0,json5
.jsonc,1,0,1,0,0,1,0,0,JSON with Comments
.jsonl,1,0,1,0,0,1,1,0,JSON
.jsonld,1,0,1,0,0,1,1,0,JSONLD
.jsonnet,1,0,1,0,0,1,1,0,Jsonnet
.jsp,1,1,1,0,0,1,1,0,java-server-pages
.jspre,1,1,1,1,0,1,1,1,javascript
.jsproj,1,1,1,0,0,1,1,0,xml
.jss,1,1,1,1,0,1,1,1,javascript
.jst,1,1,1,0,0,1,0,0,ejs
.jsx,1,1,1,1,0,1,1,1,javascript
.jte,1,0,1,0,0,0,0,0,Java Template Engine
.just,1,1,1,0,1,0,0,0,just
.kak,1,0,1,0,0,0,0,0,KakouneScript
.kdl,1,1,1,0,0,0,0,0,kdl
.kicad_mod,1,0,1,0,0,1,0,0,KiCad Layout
.kicad_pcb,1,0,1,0,0,1,0,0,KiCad Layout
.kicad_sch,1,0,1,0,0,1,0,0,KiCad Schematic
.kicad_sym,1,0,1,0,0,1,0,0,KiCad Schematic
.kicad_wks,1,0,1,0,0,1,0,0,KiCad Layout
.kid,1,1,1,0,0,1,1,0,genshi
.kit,1,1,1,0,0,1,0,0,kit
.kk,1,1,1,0,0,0,1,1,koka
.kml,1,1,1,0,0,1,1,0,xml
.kojo,1,1,1,0,0,1,1,1,scala
.kql,1,0,1,0,0,0,1,0,Kusto
.krl,1,1,1,0,0,1,0,0,krl
.ksh,1,0,1,0,0,1,1,0,Shell
.ksy,1,0,1,0,0,0,0,0,Kaitai Struct
.kt,1,1,1,1,0,1,1,1,kotlin
.ktm,1,1,1,1,0,1,1,1,kotlin
.kts,1,1,1,1,0,1,1,1,kotlin
.kv,1,0,1,0,0,0,0,0,kvlang
.lagda,1,1,1,0,0,1,1,0,literate-agda
.langium,1,0,1,0,0,0,0,0,Langium
.lark,1,0,1,0,0,0,0,0,Lark
.las,1,1,1,0,0,1,1,1,lasso
.lasso,1,1,1,0,0,1,1,1,lasso
.lasso8,1,1,1,0,0,1,1,1,lasso
.lasso9,1,1,1,0,0,1,1,1,lasso
.latte,1,1,1,0,0,1,0,0,latte
.launch,1,1,1,0,0,1,1,0,xml
.lbx,1,1,1,0,0,1,1,1,tex
.ld,1,1,1,0,0,1,0,0,linker-script
.lds,1,1,1,0,0,1,0,0,linker-script
.leex,1,0,1,0,0,1,1,0,HTML+EEX
.lektorproject,1,1,1,0,0,1,1,0,ini
.leo,1,0,1,0,0,0,0,0,Leo
.less,1,1,1,0,0,1,1,0,less
.lex,1,1,1,0,0,1,0,0,lex
.lfe,1,1,1,0,0,1,0,1,lfe
.lgt,1,1,1,0,0,1,1,1,logtalk
.lhs,1,1,1,0,0,1,1,0,literate-haskell
.libsonnet,1,0,1,0,0,1,1,0,Jsonnet
.lid,1,1,1,0,0,1,1,1,dylan
.lidr,1,1,1,0,0,1,1,1,idris
.ligo,1,0,1,0,0,0,0,0,LigoLANG
.linq,1,0,1,0,1,1,1,1,C#
.liq,1,0,1,0,0,0,0,0,Liquidsoap
.liquid,1,1,1,0,1,1,1,0,liquid
.litcoffee,1,1,1,0,0,1,0,0,literate-coffeescript
.livecodescript,1,0,1,0,0,0,0,0,LiveCode Script
.livemd,1,1,1,0,0,1,1,0,markdown
.lkml,1,1,1,0,0,1,0,0,lookml
.ll,1,0,1,0,0,1,1,1,LLVM
.lmi,1,0,1,0,1,1,1,1,Python
.logtalk,1,1,1,0,0,1,1,1,logtalk
.lol,1,1,1,0,1,1,0,1,lolcode
.lookml,1,1,1,0,0,1,0,0,lookml
.lpr,1,1,1,0,0,1,1,1,pascal
.lsl,1,1,1,0,0,1,1,1,lsl
.lslp,1,1,1,0,0,1,1,1,lsl
.ltx,1,1,1,0,0,1,1,1,tex
.lua,1,1,1,1,0,1,1,1,lua
.luau,1,1,1,0,1,0,1,0,luau
.lvclass,1,1,1,0,0,1,0,1,labview
.lvlib,1,1,1,0,0,1,0,1,labview
.lvproj,1,1,1,0,0,1,0,1,labview
.ly,1,1,1,0,0,1,1,0,lilypond
.m2,1,0,1,0,0,0,1,0,Macaulay2
.m3,1,0,1,0,0,1,0,1,Modula-3
.m3u,1,0,1,0,0,0,0,0,M3U
.m3u8,1,0,1,0,0,0,0,0,M3U
.ma,1,0,1,0,0,1,1,1,Wolfram Language
.mak,1,0,1,0,0,1,1,1,Makefile
.make,1,0,1,0,0,1,1,1,Makefile
.makefile,1,0,1,0,0,1,1,1,Makefile
.mako,1,1,1,0,0,1,1,0,mako
.mao,1,1,1,0,0,1,1,0,mako
.markdown,1,1,1,0,0,1,1,0,markdown
.marko,1,1,1,0,0,1,0,0,marko
.mat,1,1,1,0,0,1,1,0,unity3d-asset
.mata,1,1,1,0,0,1,1,1,stata
.matah,1,1,1,0,0,1,1,1,stata
.mathematica,1,0,1,0,0,1,1,1,Wolfram Language
.matlab,1,1,1,0,0,1,1,1,matlab
.mawk,1,1,1,0,0,1,1,1,awk
.maxhelp,1,1,1,0,0,1,0,0,max
.maxpat,1,1,1,0,0,1,0,0,max
.maxproj,1,1,1,0,0,1,0,0,max
.mbox,1,0,1,0,0,1,1,0,E-mail
.mbt,1,0,1,0,0,0,0,1,MoonBit
.mcfunction,1,0,1,0,0,1,1,0,mcfunction
.mch,1,0,1,0,0,0,0,0,B (Formal Method)
.mcmeta,1,0,1,0,0,1,1,0,JSON
.mcr,1,1,1,0,0,1,1,1,maxscript
.md2,1,0,1,0,0,0,0,0,Checksums
.md4,1,0,1,0,0,0,0,0,Checksums
.md5,1,0,1,0,0,0,0,0,Checksums
.mdown,1,1,1,0,0,1,1,0,markdown
.mdpolicy,1,1,1,0,0,1,1,0,xml
.mdwn,1,1,1,0,0,1,1,0,markdown
.mdx,1,1,1,0,1,0,0,0,mdx
.me,1,1,1,0,0,1,1,0,roff
.mediawiki,1,0,1,0,0,1,1,0,Wikitext
.mermaid,1,1,1,0,0,0,0,0,mermaid
.meta,1,1,1,0,0,1,1,0,unity3d-asset
.metal,1,1,1,0,0,1,0,0,metal
.metta,1,0,1,0,0,0,0,0,MeTTa
.mg,1,0,1,0,0,1,0,1,Modula-3
.minid,1,1,1,0,0,1,1,0,minid
.mint,1,1,1,0,1,0,0,0,mint
.mir,1,0,1,0,0,1,1,0,YAML
.mirah,1,1,1,0,0,1,1,1,mirah
.mjml,1,1,1,0,0,1,1,0,xml
.mjs,1,1,1,1,0,1,1,1,javascript
.mk,1,0,1,0,0,1,1,1,Makefile
.mkd,1,1,1,0,0,1,1,0,markdown
.mkdn,1,1,1,0,0,1,1,0,markdown
.mkdown,1,1,1,0,0,1,1,0,markdown
.mkfile,1,0,1,0,0,1,1,1,Makefile
.mkii,1,1,1,0,0,1,1,1,tex
.mkiv,1,1,1,0,0,1,1,1,tex
.mkvi,1,1,1,0,0,1,1,1,tex
.ml4,1,1,1,0,0,1,1,1,ocaml
.mli,1,1,1,0,0,1,1,1,ocaml
.mligo,1,0,1,0,0,0,0,0,CameLIGO
.mlir,1,1,1,0,0,1,0,0,mlir
.mll,1,1,1,0,0,1,1,1,ocaml
.mly,1,1,1,0,0,1,1,1,ocaml
.mmd,1,1,1,0,0,0,0,0,mermaid
.mmk,1,1,1,0,0,1,0,0,module-management-system
.mms,1,1,1,0,0,1,0,0,module-management-system
.monkey,1,1,1,0,1,1,1,1,monkey
.monkey2,1,1,1,0,1,1,1,1,monkey
.moon,1,0,1,0,1,1,1,1,MoonScript
.move,1,1,1,0,0,0,0,0,move
.mpl,1,0,1,0,0,0,1,0,JetBrains MPS
.mq4,1,0,1,0,0,1,1,0,MQL4
.mq5,1,0,1,0,0,1,1,0,MQL5
.mrc,1,0,1,0,0,1,0,0,mIRC Script
.msd,1,0,1,0,0,0,1,0,JetBrains MPS
.mspec,1,1,1,0,0,1,1,1,ruby
.mss,1,1,1,0,0,1,0,0,cartocss
.mt,1,0,1,0,0,1,1,1,Wolfram Language
.mtl,1,1,1,0,0,1,0,0,wavefront-material
.mtml,1,1,1,0,0,1,0,0,mtml
.mts,1,1,1,1,0,1,1,1,typescript
.mu,1,1,1,0,0,1,1,0,mupad
.mud,1,1,1,0,0,1,0,0,zil
.muf,1,1,1,0,0,1,0,1,muf
.mumps,1,0,1,0,1,1,0,1,M
.muse,1,0,1,0,0,1,0,0,Muse
.mustache,1,1,1,0,0,0,0,0,mustache
.mxml,1,1,1,0,0,1,1,0,xml
.mxt,1,1,1,0,0,1,0,0,max
.mysql,1,1,1,0,0,1,1,1,sql
.myt,1,1,1,0,0,1,1,0,myghty
.mzn,1,1,1,0,0,0,0,1,minizinc
.nanorc,1,0,1,0,0,1,0,0,nanorc
.nasl,1,0,1,0,0,1,1,1,NASL
.nasm,1,0,1,0,1,1,1,1,Assembly
.natvis,1,1,1,0,0,1,1,0,xml
.nawk,1,1,1,0,0,1,1,1,awk
.nbp,1,0,1,0,0,1,1,1,Wolfram Language
.nc,1,1,1,0,0,1,1,0,nesc
.ndproj,1,1,1,0,0,1,1,0,xml
.ne,1,1,1,0,0,1,0,0,nearley
.nearley,1,1,1,0,0,1,0,0,nearley
.ned,1,0,1,0,0,0,0,0,OMNeT++ NED
.neon,1,0,1,0,0,0,0,0,NEON
.nf,1,1,1,0,0,1,0,0,nextflow
.nginx,1,0,1,0,0,1,1,0,Nginx
.nginxconf,1,0,1,0,0,1,1,0,Nginx
.ni,1,0,1,0,0,1,1,1,Inform 7
.nim,1,1,1,0,0,1,1,1,nim
.nim.cfg,1,1,1,0,0,1,1,1,nim
.nimble,1,1,1,0,0,1,1,1,nim
.nimrod,1,1,1,0,0,1,1,1,nim
.nims,1,1,1,0,0,1,1,1,nim
.ninja,1,1,1,0,0,1,0,0,ninja
.nit,1,1,1,0,0,1,1,1,nit
.nix,1,1,1,0,1,1,1,1,nix
.njk,1,0,1,0,0,0,0,0,Nunjucks
.njs,1,1,1,1,0,1,1,1,javascript
.nlogo,1,1,1,0,0,1,0,1,netlogo
.no,1,0,1,0,1,1,1,0,Text
.nomad,1,1,1,0,0,1,1,1,hcl
.nproj,1,1,1,0,0,1,1,0,xml
.nqp,1,1,1,0,0,1,1,1,raku
.nse,1,1,1,1,0,1,1,1,lua
.nsh,1,1,1,0,0,1,1,1,nsis
.nsi,1,1,1,0,0,1,1,1,nsis
.nss,1,1,1,0,0,0,0,0,nwscript
.numpy,1,1,1,0,0,1,1,0,numpy
.numpyw,1,1,1,0,0,1,1,0,numpy
.numsc,1,1,1,0,0,1,1,0,numpy
.nuspec,1,1,1,0,0,1,1,0,xml
.nut,1,1,1,0,0,1,0,1,squirrel
.ny,1,1,1,0,0,1,1,1,common-lisp
.ob2,1,1,1,0,0,0,0,0,oberon
.obj,1,1,1,0,0,1,0,0,wavefront-object
.objdump,1,1,1,0,0,1,1,0,objdump
.odd,1,1,1,0,0,1,1,0,xml
.ol,1,1,1,0,0,1,0,0,jolie
.omgrofl,1,1,1,0,1,1,0,0,omgrofl
.ooc,1,1,1,0,0,1,1,1,ooc
.opa,1,1,1,0,0,1,1,1,opa
.opal,1,1,1,0,1,1,0,0,opal
.opencl,1,1,1,0,0,1,1,0,opencl
.orc,1,1,1,0,0,1,1,0,csound
.org,1,0,1,0,0,1,1,0,Org
.os,1,1,1,0,0,1,0,0,1c-enterprise
.osm,1,1,1,0,0,1,1,0,xml
.outjob,1,0,1,0,0,1,0,0,Altium Designer
.overpassql,1,0,1,0,0,0,0,0,OverpassQL
.owl,1,0,1,0,0,1,0,0,Web Ontology Language
.ox,1,1,1,0,0,1,0,0,ox
.oxh,1,1,1,0,0,1,0,0,ox
.oxo,1,1,1,0,0,1,0,0,ox
.oxygene,1,1,1,0,0,1,0,1,oxygene
.oz,1,1,1,0,1,1,0,1,oz
.p4,1,1,1,0,0,1,0,0,p4
.p6,1,1,1,0,0,1,1,1,raku
.p6l,1,1,1,0,0,1,1,1,raku
.p6m,1,1,1,0,0,1,1,1,raku
.p8,1,1,1,1,0,1,1,1,lua
.pac,1,1,1,1,0,1,1,1,javascript
.pact,1,1,1,0,0,0,0,0,pact
.pan,1,1,1,0,0,1,1,0,pan
.parrot,1,0,1,0,1,1,0,0,Parrot
.pas,1,1,1,0,0,1,1,1,pascal
.pascal,1,1,1,0,0,1,1,1,pascal
.pasm,1,1,1,0,0,1,0,1,parrot-assembly
.pat,1,1,1,0,0,1,0,0,max
.patch,1,1,1,0,0,1,1,0,diff
.pb,1,1,1,1,0,1,0,1,purebasic
.pbi,1,1,1,1,0,1,0,1,purebasic
.pbtxt,1,0,1,0,0,0,0,0,Protocol Buffer Text Format
.pcbdoc,1,0,1,0,0,1,0,0,Altium Designer
.pck,1,0,1,0,0,1,1,0,PLSQL
.pcss,1,1,1,0,0,1,0,0,postcss
.pd,1,0,1,0,0,1,0,1,Pure Data
.pd_lua,1,1,1,1,0,1,1,1,lua
.pddl,1,0,1,0,0,0,1,0,PDDL
.pde,1,1,1,1,0,1,0,1,processing
.peggy,1,0,1,0,0,0,0,0,PEG.js
.pegjs,1,0,1,0,0,0,0,0,PEG.js
.pep,1,1,1,0,0,1,0,0,pep8
.per,1,0,1,0,0,0,0,0,Genero per
.perl,1,1,1,1,1,1,1,1,perl
.pfa,1,1,1,0,0,1,1,1,postscript
.pgsql,1,1,1,0,0,1,1,1,plpgsql
.ph,1,1,1,1,1,1,1,1,perl
.php3,1,1,1,1,0,1,1,1,php
.php4,1,1,1,1,0,1,1,1,php
.php5,1,1,1,1,0,1,1,1,php
.phps,1,1,1,1,0,1,1,1,php
.phpt,1,1,1,1,0,1,1,1,php
.phtml,1,0,1,0,0,1,1,0,HTML+PHP
.pic,1,1,1,0,0,1,0,0,pic
.pig,1,0,1,0,0,1,1,0,PigLatin
.pike,1,1,1,0,0,1,1,1,pike
.pir,1,1,1,0,0,1,0,1,parrot-internal-representation
.pkb,1,0,1,0,0,1,1,0,PLSQL
.pkgproj,1,1,1,0,0,1,1,0,xml
.pks,1,0,1,0,0,1,1,0,PLSQL
.pl6,1,1,1,0,0,1,1,1,raku
.plantuml,1,1,1,0,0,1,0,0,plantuml
.plb,1,0,1,0,0,1,1,0,PLSQL
.plot,1,1,1,0,0,1,1,1,gnuplot
.pls,1,0,1,0,0,1,1,0,PLSQL
.plsql,1,0,1,0,0,1,1,0,PLSQL
.plx,1,1,1,1,1,1,1,1,perl
.pm6,1,1,1,0,0,1,1,1,raku
.pml,1,1,1,0,0,0,1,0,promela
.pmod,1,1,1,0,0,1,1,1,pike
.po,1,0,1,0,0,1,1,0,Gettext Catalog
.pod6,1,0,1,0,0,1,0,0,Pod 6
.podsl,1,1,1,0,0,1,1,1,common-lisp
.podspec,1,1,1,0,0,1,1,1,ruby
.pogo,1,1,1,0,0,1,0,0,pogoscript
.polar,1,0,1,0,0,0,0,0,Polar
.pony,1,1,1,0,0,1,1,1,pony
.por,1,0,1,0,0,0,1,1,Portugol
.postcss,1,1,1,0,0,1,0,0,postcss
.pot,1,0,1,0,0,1,1,0,Gettext Catalog
.pov,1,1,1,0,0,1,1,1,pov-ray-sdl
.pprx,1,1,1,0,0,1,1,1,rexx
.praat,1,0,1,0,0,0,1,0,Praat
.prawn,1,1,1,0,0,1,1,1,ruby
.prefab,1,1,1,0,0,1,1,0,unity3d-asset
.prefs,1,1,1,0,0,1,1,0,ini
.prg,1,1,1,0,0,1,1,1,xbase
.pri,1,1,1,0,0,1,1,0,qmake
.prisma,1,0,1,0,0,1,0,0,Prisma
.prjpcb,1,0,1,0,0,1,0,0,Altium Designer
.proj,1,1,1,0,0,1,1,0,xml
.prolog,1,1,1,0,0,1,1,1,prolog
.props,1,1,1,0,0,1,1,0,xml
.proto,1,0,1,0,0,1,1,0,Protocol Buffer
.prw,1,1,1,0,0,1,1,1,xbase
.ps,1,1,1,0,0,1,1,1,postscript
.ps1,1,1,1,0,0,1,1,1,powershell
.ps1xml,1,1,1,0,0,1,1,0,xml
.psc,1,1,1,0,0,1,1,0,papyrus
.psc1,1,1,1,0,0,1,1,0,xml
.psd1,1,1,1,0,0,1,1,1,powershell
.psgi,1,1,1,1,1,1,1,1,perl
.psm1,1,1,1,0,0,1,1,1,powershell
.pt,1,1,1,0,0,1,1,0,xml
.pub,1,0,1,0,0,1,1,0,Public Key
.pubxml,1,1,1,0,0,1,1,0,xml
.pug,1,1,1,0,0,1,1,0,pug
.puml,1,1,1,0,0,1,0,0,plantuml
.purs,1,1,1,0,0,1,0,0,purescript
.pwn,1,1,1,0,0,1,1,0,pawn
.pxd,1,1,1,0,0,1,1,0,cython
.pxi,1,1,1,0,0,1,1,0,cython
.py,1,0,1,0,1,1,1,1,Python
.py3,1,0,1,0,1,1,1,1,Python
.pyde,1,0,1,0,1,1,1,1,Python
.pyi,1,0,1,0,1,1,1,1,Python
.pyp,1,0,1,0,1,1,1,1,Python
.pyt,1,0,1,0,1,1,1,1,Python
.pytb,1,0,1,0,0,1,1,0,Python traceback
.pyw,1,0,1,0,1,1,1,1,Python
.pyx,1,1,1,0,0,1,1,0,cython
.qasm,1,0,1,1,0,1,0,0,OpenQASM
.qbs,1,0,1,0,0,1,1,0,QML
.qc,1,1,1,0,0,0,0,1,quakec
.qhelp,1,1,1,0,0,1,1,0,xml
.ql,1,1,1,0,0,1,1,0,codeql
.qll,1,1,1,0,0,1,1,0,codeql
.qmd,1,1,1,0,0,1,0,0,rmarkdown
.qml,1,0,1,0,0,1,1,0,QML
.r2,1,1,1,1,0,1,1,1,rebol
.r3,1,1,1,1,0,1,1,1,rebol
.rabl,1,1,1,0,0,1,1,1,ruby
.rake,1,1,1,0,0,1,1,1,ruby
.raku,1,1,1,0,0,1,1,1,raku
.rakumod,1,1,1,0,0,1,1,1,raku
.raml,1,0,1,0,0,1,0,0,RAML
.rascript,1,0,1,0,0,0,0,0,RAScript
.raw,1,0,1,0,0,1,0,0,Raw token data
.razor,1,0,1,0,0,1,0,0,HTML+Razor
.rb,1,1,1,0,0,1,1,1,ruby
.rbbas,1,1,1,0,0,1,0,1,realbasic
.rbfrm,1,1,1,0,0,1,0,1,realbasic
.rbi,1,1,1,0,0,1,1,1,ruby
.rbmnu,1,1,1,0,0,1,0,1,realbasic
.rbres,1,1,1,0,0,1,0,1,realbasic
.rbs,1,1,1,0,0,0,0,0,rbs
.rbtbar,1,1,1,0,0,1,0,1,realbasic
.rbuild,1,1,1,0,0,1,1,1,ruby
.rbuistate,1,1,1,0,0,1,0,1,realbasic
.rbw,1,1,1,0,0,1,1,1,ruby
.rbx,1,1,1,0,0,1,1,1,ruby
.rbxs,1,1,1,1,0,1,1,1,lua
.rchit,1,1,1,0,0,1,1,1,glsl
.rd,1,1,1,0,0,1,1,1,r
.rdf,1,1,1,0,0,1,1,0,xml
.rdoc,1,1,1,0,0,1,0,0,rdoc
.reb,1,1,1,1,0,1,1,1,rebol
.rebol,1,1,1,1,0,1,1,1,rebol
.red,1,0,1,0,1,1,1,1,Red
.reds,1,0,1,0,1,1,1,1,Red
.reek,1,0,1,0,0,1,1,0,YAML
.reg,1,1,1,0,0,1,1,0,windows-registry-entries
.regex,1,0,1,0,1,1,0,0,Regular Expression
.regexp,1,0,1,0,1,1,0,0,Regular Expression
.rego,1,0,1,0,0,1,1,0,Open Policy Agent
.rei,1,1,1,0,0,1,1,1,reason
.religo,1,0,1,0,0,0,0,0,ReasonLIGO
.resi,1,1,1,0,0,0,0,1,rescript
.resource,1,1,1,0,0,1,1,0,robotframework
.rest,1,1,1,0,0,1,1,0,restructuredtext
.rest.txt,1,1,1,0,0,1,1,0,restructuredtext
.resx,1,1,1,0,0,1,1,0,xml
.rex,1,1,1,0,0,1,1,1,rexx
.rexx,1,1,1,0,0,1,1,1,rexx
.rg,1,1,1,0,0,1,0,0,rouge
.rhtml,1,0,1,0,0,1,1,0,HTML+ERB
.ring,1,1,1,0,0,1,0,1,ring
.riot,1,0,1,0,0,1,0,0,Riot
.rkt,1,1,1,0,0,1,1,1,racket
.rktd,1,1,1,0,0,1,1,1,racket
.rktl,1,1,1,0,0,1,1,1,racket
.rl,1,1,1,0,0,1,1,0,ragel
.rmd,1,1,1,0,0,1,0,0,rmarkdown
.rmiss,1,1,1,0,0,1,1,1,glsl
.rnh,1,1,1,0,0,1,0,0,runoff
.rnw,1,1,1,0,0,0,0,0,sweave
.robot,1,1,1,0,0,1,1,0,robotframework
.roc,1,1,1,0,0,0,0,1,roc
.rockspec,1,1,1,1,0,1,1,1,lua
.roff,1,1,1,0,0,1,1,0,roff
.ron,1,1,1,0,0,0,0,0,ron
.ronn,1,1,1,0,0,1,1,0,markdown
.rpgle,1,0,1,0,0,0,0,0,RPGLE
.rq,1,1,1,0,0,1,1,0,sparql
.rs.in,1,1,1,0,0,1,1,1,rust
.rsh,1,1,1,0,0,1,1,0,renderscript
.rss,1,1,1,0,0,1,1,0,xml
.rst,1,1,1,0,0,1,1,0,restructuredtext
.rst.txt,1,1,1,0,0,1,1,0,restructuredtext
.rsx,1,1,1,0,0,1,1,1,r
.rtf,1,0,1,0,0,1,0,0,Rich Text Format
.ru,1,1,1,0,0,1,1,1,ruby
.ruby,1,1,1,0,0,1,1,1,ruby
.rviz,1,0,1,0,0,1,1,0,YAML
.sage,1,1,1,0,0,1,1,1,sage
.sagews,1,1,1,0,0,1,1,1,sage
.sail,1,0,1,0,0,0,0,0,Sail
.sarif,1,0,1,0,0,1,1,0,JSON
.sas,1,1,1,0,1,1,1,1,sas
.sass,1,1,1,0,0,1,1,0,sass
.sats,1,1,1,0,0,1,0,1,ats
.sbatch,1,0,1,0,0,1,1,0,Shell
.sbt,1,1,1,0,0,1,1,1,scala
.scad,1,1,1,0,0,1,1,1,openscad
.scala,1,1,1,0,0,1,1,1,scala
.scaml,1,1,1,0,0,1,1,0,scaml
.sce,1,1,1,0,0,1,1,1,scilab
.scenic,1,1,1,0,0,0,0,0,scenic
.schdoc,1,0,1,0,0,1,0,0,Altium Designer
.sci,1,1,1,0,0,1,1,1,scilab
.sco,1,0,1,0,0,1,1,0,Csound Score
.scpt,1,1,1,1,0,1,1,1,applescript
.scrbl,1,1,1,0,0,1,1,1,racket
.scss,1,1,1,0,0,1,1,0,scss
.scxml,1,1,1,0,0,1,1,0,xml
.sdc,1,1,1,0,0,1,1,1,tcl
.sed,1,1,1,0,1,1,1,1,sed
.self,1,1,1,0,1,1,0,1,self
.service,1,1,1,0,0,1,1,0,desktop
.sexp,1,1,1,0,0,1,1,1,common-lisp
.sfd,1,1,1,0,0,1,0,0,spline-font-database
.sfproj,1,1,1,0,0,1,1,0,xml
.sfv,1,0,1,0,0,0,0,0,Simple File Verification
.sh,1,0,1,0,0,1,1,0,Shell
.sh-session,1,0,1,0,0,1,1,0,ShellSession
.sh.in,1,0,1,0,0,1,1,0,Shell
.sha1,1,0,1,0,0,0,0,0,Checksums
.sha2,1,0,1,0,0,0,0,0,Checksums
.sha224,1,0,1,0,0,0,0,0,Checksums
.sha256,1,0,1,0,0,0,0,0,Checksums
.sha256sum,1,0,1,0,0,0,0,0,Checksums
.sha3,1,0,1,0,0,0,0,0,Checksums
.sha384,1,0,1,0,0,0,0,0,Checksums
.sha512,1,0,1,0,0,0,0,0,Checksums
.shen,1,1,1,0,0,1,1,1,shen
.shproj,1,1,1,0,0,1,1,0,xml
.sieve,1,1,1,0,0,0,1,0,sieve
.sig,1,1,1,0,0,1,1,1,standard-ml
.sj,1,1,1,0,0,1,1,0,objective-j
.sjs,1,1,1,1,0,1,1,1,javascript
.sl,1,1,1,0,0,1,1,0,slash
.slang,1,1,1,0,1,0,0,0,slang
.sld,1,1,1,0,0,1,1,1,scheme
.slim,1,1,1,0,1,1,1,0,slim
.slint,1,0,1,0,0,0,0,0,Slint
.sln,1,0,1,0,0,0,0,0,Microsoft Visual Studio Solution
.slnx,1,1,1,0,0,1,1,0,xml
.slurm,1,0,1,0,0,1,1,0,Shell
.sma,1,1,1,0,0,1,1,0,pawn
.smali,1,1,1,0,0,1,1,0,smali
.smithy,1,1,1,0,0,0,1,0,smithy
.smk,1,1,1,0,0,0,0,0,snakemake
.sml,1,1,1,0,0,1,1,1,standard-ml
.smt,1,1,1,0,0,1,0,0,smt
.smt2,1,1,1,0,0,1,0,0,smt
.snakefile,1,1,1,0,0,0,0,0,snakemake
.snap,1,0,1,0,0,0,0,0,Jest Snapshot
.snip,1,0,1,0,0,1,0,0,Vim Snippet
.snippet,1,0,1,0,0,1,0,0,Vim Snippet
.snippets,1,0,1,0,0,1,0,0,Vim Snippet
.soy,1,1,1,0,0,1,0,0,closure-templates
.sp,1,1,1,0,0,1,1,0,sourcepawn
.sparql,1,1,1,0,0,1,1,0,sparql
.spc,1,0,1,0,0,1,1,0,PLSQL
.spin,1,0,1,0,0,1,0,0,Propeller Spin
.sps,1,1,1,0,0,1,1,1,scheme
.sqf,1,0,1,0,0,1,0,0,SQF
.sqlrpgle,1,0,1,0,0,0,0,0,RPGLE
.sra,1,1,1,0,0,1,0,1,powerbuilder
.srdf,1,1,1,0,0,1,1,0,xml
.sru,1,1,1,0,0,1,0,1,powerbuilder
.srv,1,0,1,0,0,0,0,0,ROS Interface
.srw,1,1,1,0,0,1,0,1,powerbuilder
.ss,1,1,1,0,0,1,1,1,scheme
.ssjs,1,1,1,1,0,1,1,1,javascript
.sss,1,1,1,0,0,1,0,0,sugarss
.stan,1,1,1,0,0,1,1,0,stan
.sthlp,1,1,1,0,0,1,1,1,stata
.stl,1,1,1,0,0,0,0,0,stl
.ston,1,1,1,0,0,1,0,0,ston
.story,1,1,1,0,0,1,1,0,gherkin
.storyboard,1,1,1,0,0,1,1,0,xml
.sttheme,1,0,1,0,0,1,0,0,XML Property List
.sty,1,1,1,0,0,1,1,1,tex
.styl,1,1,1,0,0,1,0,0,stylus
.sublime-build,1,0,1,0,0,1,0,0,JSON with Comments
.sublime-color-scheme,1,0,1,0,0,1,0,0,JSON with Comments
.sublime-commands,1,0,1,0,0,1,0,0,JSON with Comments
.sublime-completions,1,0,1,0,0,1,0,0,JSON with Comments
.sublime-keymap,1,0,1,0,0,1,0,0,JSON with Comments
.sublime-macro,1,0,1,0,0,1,0,0,JSON with Comments
.sublime-menu,1,0,1,0,0,1,0,0,JSON with Comments
.sublime-mousemap,1,0,1,0,0,1,0,0,JSON with Comments
.sublime-project,1,0,1,0,0,1,0,0,JSON with Comments
.sublime-settings,1,0,1,0,0,1,0,0,JSON with Comments
.sublime-snippet,1,1,1,0,0,1,1,0,xml
.sublime-syntax,1,0,1,0,0,1,1,0,YAML
.sublime-theme,1,0,1,0,0,1,0,0,JSON with Comments
.sublime-workspace,1,0,1,0,0,1,0,0,JSON with Comments
.sublime_metrics,1,0,1,0,0,1,0,0,JSON with Comments
.sublime_session,1,0,1,0,0,1,0,0,JSON with Comments
.surql,1,0,1,0,0,0,0,0,SurrealQL
.sv,1,1,1,0,0,1,1,1,systemverilog
.svelte,1,1,1,0,0,1,0,0,svelte
.svg,1,1,1,0,0,1,0,0,svg
.svh,1,1,1,0,0,1,1,1,systemverilog
.swg,1,0,1,0,0,1,1,0,SWIG
.swift,1,1,1,0,0,1,1,1,swift
.swig,1,0,1,0,0,1,1,0,SWIG
.syntax,1,0,1,0,0,1,1,0,YAML
.tab,1,1,1,0,0,1,1,1,sql
.tac,1,0,1,0,1,1,1,1,Python
.tag,1,1,1,0,0,1,1,0,java-server-pages
.talon,1,0,1,0,0,0,0,0,Talon
.targets,1,1,1,0,0,1,1,0,xml
.tcc,1,0,1,0,1,1,1,1,C++
.tcl,1,1,1,0,0,1,1,1,tcl
.tcl.in,1,1,1,0,0,1,1,1,tcl
.tcsh,1,1,1,0,0,1,1,0,tcsh
.te,1,0,1,0,0,0,0,0,SELinux Policy
.tea,1,1,1,0,1,1,1,0,tea
.templ,1,0,1,0,0,0,0,0,templ
.tesc,1,1,1,0,0,1,1,1,glsl
.tese,1,1,1,0,0,1,1,1,glsl
.tex,1,1,1,0,0,1,1,1,tex
.texi,1,0,1,0,0,1,0,0,Texinfo
.texinfo,1,0,1,0,0,1,0,0,Texinfo
.textgrid,1,0,1,0,0,0,0,0,TextGrid
.textile,1,1,1,0,1,1,0,0,textile
.textproto,1,0,1,0,0,0,0,0,Protocol Buffer Text Format
.tf,1,1,1,0,0,1,1,1,hcl
.tfstate,1,0,1,0,0,1,1,0,JSON
.tfstate.backup,1,0,1,0,0,1,1,0,JSON
.tftpl,1,0,1,0,0,0,0,0,Terraform Template
.tfvars,1,1,1,0,0,1,1,1,hcl
.thor,1,1,1,0,0,1,1,1,ruby
.thrift,1,1,1,0,0,1,1,0,thrift
.thy,1,1,1,0,0,1,1,1,isabelle
.tla,1,1,1,0,0,1,0,0,tla
.tlv,1,0,1,0,0,0,0,0,TL-Verilog
.tm,1,1,1,0,0,1,1,1,tcl
.tmac,1,1,1,0,0,1,1,0,roff
.tmcommand,1,0,1,0,0,1,0,0,XML Property List
.tmdl,1,0,1,0,0,0,0,0,TMDL
.tml,1,1,1,0,0,1,1,0,xml
.tmlanguage,1,0,1,0,0,1,0,0,XML Property List
.tmpl,1,0,1,0,0,0,1,0,Go Template
.tmpreferences,1,0,1,0,0,1,0,0,XML Property List
.tmsnippet,1,0,1,0,0,1,0,0,XML Property List
.tmtheme,1,0,1,0,0,1,0,0,XML Property List
.tmux,1,0,1,0,0,1,1,0,Shell
.tofu,1,1,1,0,0,1,1,1,hcl
.toit,1,1,1,0,0,0,0,0,toit
.toml,1,1,1,0,0,1,1,0,toml
.toml.example,1,1,1,0,0,1,1,0,toml
.tool,1,0,1,0,0,1,1,0,Shell
.topojson,1,0,1,0,0,1,1,0,JSON
.tpb,1,0,1,0,0,1,1,0,PLSQL
.tpp,1,0,1,0,1,1,1,1,C++
.tps,1,0,1,0,0,1,1,0,PLSQL
.tres,1,0,1,0,0,0,0,0,Godot Resource
.trg,1,0,1,0,0,1,1,0,PLSQL
.tscn,1,0,1,0,0,0,0,0,Godot Resource
.tsconfig.json,1,0,1,0,0,1,0,0,JSON with Comments
.tsv,1,0,1,0,0,0,0,0,TSV
.ttl,1,1,1,0,0,1,1,0,turtle
.tu,1,1,1,0,0,1,0,1,turing
.twig,1,1,1,0,0,1,1,0,twig
.txi,1,0,1,0,0,1,0,0,Texinfo
.txl,1,1,1,0,0,1,0,0,txl
.txx,1,0,1,0,1,1,1,1,C++
.uc,1,1,1,0,0,1,0,0,unrealscript
.udf,1,1,1,0,0,1,1,1,sql
.udo,1,1,1,0,0,1,1,0,csound
.ui,1,1,1,0,0,1,1,0,xml
.unity,1,1,1,0,0,1,1,0,unity3d-asset
.uno,1,1,1,0,0,1,0,0,uno
.upc,1,1,1,0,0,1,0,0,unified-parallel-c
.uplc,1,0,1,0,0,0,0,0,Untyped Plutus Core
.ur,1,1,1,0,0,1,0,0,urweb
.urdf,1,1,1,0,0,1,1,0,xml
.url,1,1,1,0,0,1,1,0,ini
.urs,1,1,1,0,0,1,0,0,urweb
.ux,1,1,1,0,0,1,1,0,xml
.vala,1,1,1,0,0,1,1,1,vala
.vapi,1,1,1,0,0,1,1,1,vala
.vark,1,1,1,0,0,1,1,1,gosu
.vb,1,0,1,0,0,1,1,1,Visual Basic .NET
.vbhtml,1,0,1,0,0,1,1,1,Visual Basic .NET
.vbproj,1,1,1,0,0,1,1,0,xml
.vbs,1,1,1,0,0,1,1,1,vbscript
.vcl,1,1,1,0,0,1,1,0,vcl
.vcxproj,1,1,1,0,0,1,1,0,xml
.vdf,1,0,1,0,0,0,0,0,Valve Data Format
.veo,1,1,1,0,0,1,1,1,verilog
.vert,1,1,1,0,0,1,1,1,glsl
.vh,1,1,1,0,0,1,1,1,systemverilog
.vhd,1,1,1,0,0,1,1,1,vhdl
.vhdl,1,1,1,0,0,1,1,1,vhdl
.vhf,1,1,1,0,0,1,1,1,vhdl
.vhi,1,1,1,0,0,1,1,1,vhdl
.vho,1,1,1,0,0,1,1,1,vhdl
.vhs,1,1,1,0,0,1,1,1,vhdl
.vht,1,1,1,0,0,1,1,1,vhdl
.vhw,1,1,1,0,0,1,1,1,vhdl
.vim,1,1,1,0,0,1,1,1,vim-script
.vimrc,1,1,1,0,0,1,1,1,vim-script
.viw,1,1,1,0,0,1,1,1,sql
.vmb,1,1,1,0,0,1,1,1,vim-script
.volt,1,1,1,0,0,1,0,0,volt
.vrx,1,1,1,0,0,1,1,1,glsl
.vs,1,1,1,0,0,1,1,1,glsl
.vsh,1,1,1,0,0,1,1,1,glsl
.vshader,1,1,1,0,0,1,1,1,glsl
.vsixmanifest,1,1,1,0,0,1,1,0,xml
.vssettings,1,1,1,0,0,1,1,0,xml
.vstemplate,1,1,1,0,0,1,1,0,xml
.vtl,1,0,1,0,0,0,1,0,Velocity Template Language
.vto,1,0,1,0,0,0,0,0,Vento
.vtt,1,0,1,0,0,1,0,0,WebVTT
.vue,1,0,1,0,0,1,1,0,Vue
.vw,1,0,1,0,0,1,1,0,PLSQL
.vxml,1,1,1,0,0,1,1,0,xml
.vy,1,0,1,0,0,0,1,0,Vyper
.wast,1,0,1,0,0,1,1,1,WebAssembly
.wat,1,0,1,0,0,1,1,1,WebAssembly
.watchr,1,1,1,0,0,1,1,1,ruby
.wdl,1,1,1,0,0,1,0,0,wdl
.webapp,1,0,1,0,0,1,1,0,JSON
.webidl,1,0,1,0,0,1,1,0,WebIDL
.webmanifest,1,0,1,0,0,1,1,0,JSON
.weechatlog,1,1,1,0,0,1,1,0,irc-log
.wgsl,1,1,1,0,0,0,1,0,wgsl
.whiley,1,1,1,0,0,0,1,0,whiley
.wiki,1,0,1,0,0,1,1,0,Wikitext
.wikitext,1,0,1,0,0,1,1,0,Wikitext
.wisp,1,1,1,0,0,1,0,1,wisp
.wit,1,0,1,0,0,0,0,0,WebAssembly Interface Type
.wixproj,1,1,1,0,0,1,1,0,xml
.wl,1,0,1,0,0,1,1,1,Wolfram Language
.wlk,1,0,1,0,0,1,0,1,Wollok
.wls,1,0,1,0,0,1,1,1,Wolfram Language
.wlt,1,0,1,0,0,1,1,1,Wolfram Language
.wlua,1,1,1,1,0,1,1,1,lua
.workbook,1,1,1,0,0,1,1,0,markdown
.wren,1,1,1,0,0,0,1,1,wren
.ws,1,0,1,0,0,0,0,0,Witcher Script
.wsdl,1,1,1,0,0,1,1,0,xml
.wsf,1,1,1,0,0,1,1,0,xml
.wsgi,1,0,1,0,1,1,1,1,Python
.wxi,1,1,1,0,0,1,1,0,xml
.wxl,1,1,1,0,0,1,1,0,xml
.wxs,1,1,1,0,0,1,1,0,xml
.x10,1,1,1,0,0,1,1,1,x10
.x3d,1,1,1,0,0,1,1,0,xml
.x68,1,0,1,0,0,1,1,0,Motorola 68K Assembly
.xacro,1,1,1,0,0,1,1,0,xml
.xaml,1,1,1,0,0,1,1,0,xml
.xbm,1,1,1,0,0,1,0,0,x-bitmap
.xc,1,1,1,0,0,1,0,0,xc
.xdc,1,1,1,0,0,1,1,1,tcl
.xht,1,1,1,0,0,1,1,0,html
.xhtml,1,1,1,0,0,1,1,0,html
.xi,1,1,1,0,1,1,1,0,logos
.xib,1,1,1,0,0,1,1,0,xml
.xlf,1,1,1,0,0,1,1,0,xml
.xliff,1,1,1,0,0,1,1,0,xml
.xm,1,1,1,0,1,1,1,0,logos
.xmi,1,1,1,0,0,1,1,0,xml
.xml,1,1,1,0,0,1,1,0,xml
.xml.dist,1,1,1,0,0,1,1,0,xml
.xmp,1,1,1,0,0,1,1,0,xml
.xojo_code,1,1,1,0,0,1,0,1,xojo
.xojo_menu,1,1,1,0,0,1,0,1,xojo
.xojo_report,1,1,1,0,0,1,0,1,xojo
.xojo_script,1,1,1,0,0,1,0,1,xojo
.xojo_toolbar,1,1,1,0,0,1,0,1,xojo
.xojo_window,1,1,1,0,0,1,0,1,xojo
.xpl,1,1,1,0,0,1,1,1,xproc
.xpm,1,1,1,0,0,1,1,0,x-pixmap
.xproc,1,1,1,0,0,1,1,1,xproc
.xproj,1,1,1,0,0,1,1,0,xml
.xpy,1,0,1,0,1,1,1,1,Python
.xq,1,1,1,0,0,1,1,1,xquery
.xql,1,1,1,0,0,1,1,1,xquery
.xqm,1,1,1,0,0,1,1,1,xquery
.xquery,1,1,1,0,0,1,1,1,xquery
.xqy,1,1,1,0,0,1,1,1,xquery
.xrl,1,1,1,0,0,1,1,1,erlang
.xs,1,1,1,0,1,1,0,1,xs
.xsd,1,1,1,0,0,1,1,0,xml
.xsh,1,0,1,0,0,0,0,0,Xonsh
.xsjs,1,1,1,1,0,1,1,1,javascript
.xsjslib,1,1,1,1,0,1,1,1,javascript
.xsl,1,1,1,1,0,1,1,1,xslt
.xslt,1,1,1,1,0,1,1,1,xslt
.xsp-config,1,1,1,0,0,1,0,0,xpages
.xsp.metadata,1,1,1,0,0,1,0,0,xpages
.xspec,1,1,1,0,0,1,1,0,xml
.xtend,1,1,1,0,0,1,1,0,xtend
.xul,1,1,1,0,0,1,1,0,xml
.xzap,1,0,1,0,0,1,0,0,ZAP
.y,1,1,1,0,0,1,0,0,yacc
.yacc,1,1,1,0,0,1,0,0,yacc
.yaml-tmlanguage,1,0,1,0,0,1,1,0,YAML
.yaml.sed,1,0,1,0,0,1,1,0,YAML
.yang,1,1,1,0,0,1,1,0,yang
.yap,1,1,1,0,0,1,1,1,prolog
.yar,1,1,1,0,0,1,1,0,yara
.yara,1,1,1,0,0,1,1,0,yara
.yasnippet,1,1,1,0,0,1,0,0,yasnippet
.yml.mysql,1,0,1,0,0,1,1,0,YAML
.yrl,1,1,1,0,0,1,1,1,erlang
.yul,1,1,1,0,0,0,0,0,yul
.yyp,1,0,1,0,0,1,1,0,JSON
.z3,1,1,1,0,0,1,0,0,smt
.zap,1,0,1,0,0,1,0,0,ZAP
.zcml,1,1,1,0,0,1,1,0,xml
.zeek,1,1,1,0,0,1,1,0,zeek
.zep,1,1,1,0,0,1,1,0,zephir
.zig,1,1,1,0,0,1,1,1,zig
.zig.zon,1,1,1,0,0,1,1,1,zig
.zil,1,1,1,0,0,1,0,0,zil
.zimpl,1,1,1,0,0,1,0,0,zimpl
.zmodel,1,0,1,0,0,0,0,0,Zmodel
.zmpl,1,1,1,0,0,1,0,0,zimpl
.zone,1,0,1,0,0,1,1,0,DNS Zone
.zpl,1,1,1,0,0,1,0,0,zimpl
.zs,1,1,1,0,0,1,0,0,zenscript
.zsh,1,0,1,0,0,1,1,0,Shell
.zsh-theme,1,0,1,0,0,1,1,0,Shell
