qid,label,description,aliases,enwiki_title,wikipedia_url,wikidata_url,extensions,matched_pl_kind,instance_of_labels,mime_types
Q307271,.DS_Store,proprietary format hidden file,Desktop Services Store; DS_Store,.DS Store,https://en.wikipedia.org/wiki/.DS_Store,https://www.wikidata.org/wiki/Q307271,.ds_store,file format,file format,application/octet-stream
Q2996704,.htpasswd,configuration file,,.htpasswd,https://en.wikipedia.org/wiki/.htpasswd,https://www.wikidata.org/wiki/Q2996704,.htpasswd,file format,file format,
Q1068805,.properties,file extension,,.properties,https://en.wikipedia.org/wiki/.properties,https://www.wikidata.org/wiki/Q1068805,.properties,file format,file format; key–value database system; textual data format,text/plain
Q1192568,.sys,filename extension,,Windows System File,https://en.wikipedia.org/wiki/Windows_System_File,https://www.wikidata.org/wiki/Q1192568,.sys,file format,file format,
Q124097900,.txt file,,,.txt,https://en.wikipedia.org/wiki/.txt,https://www.wikidata.org/wiki/Q124097900,.txt,file format,file format,text/plain
Q2816480,3DXML,3D file format,,3DXML,https://en.wikipedia.org/wiki/3DXML,https://www.wikidata.org/wiki/Q2816480,.3dxml,file format,file format,application/x-3dxmlplugin
Q4645195,8-Bit Sampled Voice,file format,8SVX; .8svx; .iff,8SVX,https://en.wikipedia.org/wiki/8SVX,https://www.wikidata.org/wiki/Q4645195,.iff; .8svx,file format,file format,audio/8svx; audio/x-8svx
Q288256,ACE 1,archive file format,Ace (file format); ACE file type; .ace; WinACE format; ACE Archive; ACE Archive 1,ACE (compressed file format),https://en.wikipedia.org/wiki/ACE_(compressed_file_format),https://www.wikidata.org/wiki/Q288256,.ace,file format,file format; proprietary file format,application/x-ace-compressed
Q4650636,ACE file format,genomic file format,,ACE (genomic file format),https://en.wikipedia.org/wiki/ACE_(genomic_file_format),https://www.wikidata.org/wiki/Q4650636,.ace,file format,file format,
Q4677626,Activity Streams,file format,.json,Activity Streams (format),https://en.wikipedia.org/wiki/Activity_Streams_(format),https://www.wikidata.org/wiki/Q4677626,.json,file format,file format; W3C Technical Report,application/activity+json
Q4676210,Adaptive Multi-Rate audio codec,audio compression format optimized for speech coding,AMR; Adaptive Multi-Rate; Adaptive multi-rate compression,Adaptive Multi-Rate audio codec,https://en.wikipedia.org/wiki/Adaptive_Multi-Rate_audio_codec,https://www.wikidata.org/wiki/Q4676210,.amr; .3ga,file format,file format; audio file format; audio coding format; audio codec,audio/AMR
Q4746193,Amiga Disk File,file format,.adf; ADF,Amiga Disk File,https://en.wikipedia.org/wiki/Amiga_Disk_File,https://www.wikidata.org/wiki/Q4746193,.adf; .adz,file format,file format,
Q108182078,Android App Bundle,Android application publishing file format,Android App Bundle File,Android App Bundle,https://en.wikipedia.org/wiki/Android_App_Bundle,https://www.wikidata.org/wiki/Q108182078,.aab,file format,file format; package format,
Q21462816,Android Secure encrypted file,file format,ASEC; Android Secure; .asec,.asec,https://en.wikipedia.org/wiki/.asec,https://www.wikidata.org/wiki/Q21462816,.asec,file format,file format,
Q4652973,ANIM,file format,.anim,ANIM,https://en.wikipedia.org/wiki/ANIM,https://www.wikidata.org/wiki/Q4652973,.anim,file format,file format,video/x-anim
Q11201061,animated GIF,GIF image with animation,GIF animation; Animated GIF files; AGIF,Animated GIF,https://en.wikipedia.org/wiki/Animated_GIF,https://www.wikidata.org/wiki/Q11201061,.gif,file format,file format,
Q1228757,Apple Disk Image,disk image file format developed by Apple and commonly used by macOS,.dmg; .smi; .img; .image,Apple Disk Image,https://en.wikipedia.org/wiki/Apple_Disk_Image,https://www.wikidata.org/wiki/Q1228757,.image; .dmg; .img; .smi,file format,file format; disk image format,application/x-apple-diskimage
Q621277,Apple Lossless,audio coding format,Apple Lossless Audio Codec; Apple Lossless Encoder; ALAC,Apple Lossless Audio Codec,https://en.wikipedia.org/wiki/Apple_Lossless_Audio_Codec,https://www.wikidata.org/wiki/Q621277,.caf; .m4a,file format,file format; audio codec; lossless audio coding format,
Q19599377,AppleLink Package Compression Format,file format,AppleLink Package; .pkg,AppleLink Package,https://en.wikipedia.org/wiki/AppleLink_Package,https://www.wikidata.org/wiki/Q19599377,.pkg,file format,file format,
Q4786175,ArchiCAD library part,,,Archicad library part,https://en.wikipedia.org/wiki/Archicad_library_part,https://www.wikidata.org/wiki/Q4786175,.gsm,file format,file format,model/vnd.gs-gdl
Q4812839,Atari SAP music format,file format,Slight Atari Player file format; Slight Atari Player; .sap,SAP (file format),https://en.wikipedia.org/wiki/SAP_(file_format),https://www.wikidata.org/wiki/Q4812839,.sap,file format,file format,audio/x-mod
Q209054,Audio Video Interleave,file format,Audio Video Interleaved; .avi; AVI; Microsoft AVI format,Audio Video Interleave,https://en.wikipedia.org/wiki/Audio_Video_Interleave,https://www.wikidata.org/wiki/Q209054,.avi,file format,digital container format; file format; multimedia container,video/vnd.avi
Q59913607,AV1 Image File Format,open image file format in the AVIF container,AVIF,AVIF,https://en.wikipedia.org/wiki/AVIF,https://www.wikidata.org/wiki/Q59913607,.avif,file format,file format; open file format; image file format; raster-graphics file format,image/avif
Q379770,AVCHD,file-based format for the digital recording and playback of high-definition video,Advanced Video Coding High Definition; High Definition Video File,AVCHD,https://en.wikipedia.org/wiki/AVCHD,https://www.wikidata.org/wiki/Q379770,.avchd,file format,file format,
Q17005053,B1,open archive file format,B1 Compressed Archive,B1 (file format),https://en.wikipedia.org/wiki/B1_(file_format),https://www.wikidata.org/wiki/Q17005053,.b1,file format,file format; archive file format,application/x-b1
Q4848973,Bak file,Filename extension used for backup copies,.bak,Bak file,https://en.wikipedia.org/wiki/Bak_file,https://www.wikidata.org/wiki/Q4848973,.bak,file format,file format,
Q921895,BBeB,file format,Broad Band eBook; .lrf; BroadBand eBook,BBeB,https://en.wikipedia.org/wiki/BBeB,https://www.wikidata.org/wiki/Q921895,.lrs; .lrx; .lrf,file format,file format,
Q4875438,Be-Music Source,file format for rhythm action games,BMS; Be-Music script (.bms); .bms; .bms file; Beatmania song file,Be-Music Source,https://en.wikipedia.org/wiki/Be-Music_Source,https://www.wikidata.org/wiki/Q4875438,.bms,file format,file format,
Q16530692,BED,text file format for storing genomic regions as coordinates and associated annotations,Browser Extensible Data; .bed,BED (file format),https://en.wikipedia.org/wiki/BED_(file_format),https://www.wikidata.org/wiki/Q16530692,.bed,file format,text file; file format,text/plain
Q59210786,BIM Collaboration Format,structured file format,,BIM Collaboration Format,https://en.wikipedia.org/wiki/BIM_Collaboration_Format,https://www.wikidata.org/wiki/Q59210786,.bcf,file format,file format,
Q777561,BinHex,file format,.hqx; .hcx; .hex; BinHex Binary Text,BinHex,https://en.wikipedia.org/wiki/BinHex,https://www.wikidata.org/wiki/Q777561,.hex; .hqx; .hcx,file format,file format; binary-to-text encoding,application/binhex; application/mac-binhex; application/mac-binhex40
Q4928413,Blorb,package format for interactive fiction games,,Blorb,https://en.wikipedia.org/wiki/Blorb,https://www.wikidata.org/wiki/Q4928413,.glb; .zlb; .zblorb; .blorb; .gblorb; .blb,file format,file format,application/x-blorb
Q2609791,Blu-ray Disc Audio-Video MPEG-2 Transport Stream container file format,container file format,.m2ts; M2TS; BDAV M2TS; MPEG-2 Transport Stream container file format; BDAV MPEG-2 Transport Stream; MPEG-2 Transport Stream for Blu-ray Discs (BDAV) and AVCHD,.m2ts,https://en.wikipedia.org/wiki/.m2ts,https://www.wikidata.org/wiki/Q2609791,.mts; .m2ts,file format,file format,video/MP2T
Q17989653,BOM,file format,,BOM (file format),https://en.wikipedia.org/wiki/BOM_(file_format),https://www.wikidata.org/wiki/Q17989653,.bom,file format,file format,
Q4836515,BSAVE,image file format,BSAVE Image; .pic; .scn; .bsv; .cgx; BSAVED Image; BSAVE graphics; BLOAD format,BSAVE,https://en.wikipedia.org/wiki/BSAVE,https://www.wikidata.org/wiki/Q4836515,.scn; .pic; .cgx; .bsv,file format,file format,
Q194831,Cabinet,file format,.cab; Microsoft Cabinet; Windows Cabinet; MS cabinet archive,Cabinet (file format),https://en.wikipedia.org/wiki/Cabinet_(file_format),https://www.wikidata.org/wiki/Q194831,.cab,file format,file format,application/vnd.ms-cab-compressed
Q1035647,Card Verifiable Certificate,Digital Certificate,,Card Verifiable Certificate,https://en.wikipedia.org/wiki/Card_Verifiable_Certificate,https://www.wikidata.org/wiki/Q1035647,.cv; .cvcert,file format,file format,
Q5009675,CCP4,file format,.ccp4; Collaborative Computational Project Number 4; CCP4 file format,CCP4 (file format),https://en.wikipedia.org/wiki/CCP4_(file_format),https://www.wikidata.org/wiki/Q5009675,.ccp4,file format,file format,
Q5010021,CDX Format,"file format for two-dimensional atomic coordinates, chemical bond information and metadata",ChemDraw Exchange; .cdx; CDX_Chem,CDX Format,https://en.wikipedia.org/wiki/CDX_Format,https://www.wikidata.org/wiki/Q5010021,.cdx,file format,file format,chemical/x-cdx
Q5010020,CDXML,CDX file specially formatted so that it conforms to the XML specification,ChemDraw Exchange XML format; .cdxml,CDXML,https://en.wikipedia.org/wiki/CDXML,https://www.wikidata.org/wiki/Q5010020,.cdxml,file format,file format,chemical/x-cdxml
Q627554,certificate signing request,"message from an applicant to a certificate authority to apply for a digital identity certificate; lists the public key the certificate should be issued for, identifying information (e.g. domain name) and integrity protection (e.g. digital signature)",.csr; CSR,Certificate signing request,https://en.wikipedia.org/wiki/Certificate_signing_request,https://www.wikidata.org/wiki/Q627554,.p10; .csr,file format,file format,application/pkcs10
Q2931409,CFD General Notation System,file format,CGNS; .cgns; Computational Fluid Dynamics General Notation System,CGNS,https://en.wikipedia.org/wiki/CGNS,https://www.wikidata.org/wiki/Q2931409,.cgns,file format,file format,
Q5010817,CFS,open file format for archiving and compressing files,,CFS (file format),https://en.wikipedia.org/wiki/CFS_(file_format),https://www.wikidata.org/wiki/Q5010817,.cfs,file format,file format,application/x-cfs-compressed
Q5616826,ChordPro,simple markup for chords and lyrics,Chord file format,ChordPro,https://en.wikipedia.org/wiki/ChordPro,https://www.wikidata.org/wiki/Q5616826,.pro; .cho; .crd; .chopro,file format,file format,
Q1120915,Compact Disc Audio track,filename extension,.cda; CDA file; Audio CD track; CD Audio; CD Audio track,.cda file,https://en.wikipedia.org/wiki/.cda_file,https://www.wikidata.org/wiki/Q1120915,.cda,file format,file format; data format; audio file format,
Q1122075,Computable Document Format,file format,cdf; CDF; .cdf; Wolfram Computable Document Format,Computable Document Format,https://en.wikipedia.org/wiki/Computable_Document_Format,https://www.wikidata.org/wiki/Q1122075,.cdf,file format,file format,application/cdf
Q18245359,Control Panel Applet,Windows portable executable file format,.cpl,Windows control panel applets,https://en.wikipedia.org/wiki/Windows_control_panel_applets,https://www.wikidata.org/wiki/Q18245359,.cpl,file format,file format,
Q2997216,Core Audio Format,audio file format,.caf; CAF; Apple CoreAudio file format,Core Audio Format,https://en.wikipedia.org/wiki/Core_Audio_Format,https://www.wikidata.org/wiki/Q2997216,.caf,file format,file format,audio/x-caf
Q5013743,Corel Photo-Paint Image,file format,CPT; .cpt,CPT (file format),https://en.wikipedia.org/wiki/CPT_(file_format),https://www.wikidata.org/wiki/Q5013743,.cpt,file format,file format,
Q27967410,Creative Voice File,file format,.voc; VOC; Creative Labs sound file; Creative Voice file; Creative Labs VOC; Creative VOC,Creative Voice file,https://en.wikipedia.org/wiki/Creative_Voice_file,https://www.wikidata.org/wiki/Q27967410,.voc,file format,file format,audio/x-voc
Q1546911,Cross-Platform Installer Module,file format standing for Cross-Platform Install,XPInstall; .xpi; XPI; Mozilla Firefox browser extension,XPInstall,https://en.wikipedia.org/wiki/XPInstall,https://www.wikidata.org/wiki/Q1546911,.xpi,file format,file format,application/x-xpinstall
Q904873,Cryptographic Message Syntax,cryptographic standard,CMS,Cryptographic Message Syntax,https://en.wikipedia.org/wiki/Cryptographic_Message_Syntax,https://www.wikidata.org/wiki/Q904873,.cmsc,file format,file format; internet standard,application/cms
Q2713137,Crystallographic Information File,file format for representing crystallographic information,CIF; .cif,Crystallographic Information File,https://en.wikipedia.org/wiki/Crystallographic_Information_File,https://www.wikidata.org/wiki/Q2713137,.cif,file format,file format,chemical/x-cif
Q5227180,Data Interchange Format,spreadsheet file format,DIF; .dif; Lotus DIF; VisiCalc data interchange format; VisiCalc DIF,Data Interchange Format,https://en.wikipedia.org/wiki/Data_Interchange_Format,https://www.wikidata.org/wiki/Q5227180,.dif,file format,file format,application/x-dif
Q1196547,Design Web Format,file format,DWF,Design Web Format,https://en.wikipedia.org/wiki/Design_Web_Format,https://www.wikidata.org/wiki/Q1196547,.dwf; .dwfx,file format,file format,model/vnd-dwf
Q901031,device independent file format,output file format of the TeX typesetting program,DVI; .dvi; Device Independent; DVI file; DVI format,Device independent file format,https://en.wikipedia.org/wiki/Device_independent_file_format,https://www.wikidata.org/wiki/Q901031,.dvi,file format,file format,application/x-dvi
Q3027596,DGN,file format,dgn,DGN,https://en.wikipedia.org/wiki/DGN,https://www.wikidata.org/wiki/Q3027596,.dgn,file format,file format,
Q2307314,Direct Access Archive,file format for disk images,DAA,Direct Access Archive,https://en.wikipedia.org/wiki/Direct_Access_Archive,https://www.wikidata.org/wiki/Q2307314,.daa,file format,file format,
Q741654,DirectDraw Surface,file format,.dds; DDS; Microsoft Direct Draw Surface; Direct Draw Surface,DirectDraw Surface,https://en.wikipedia.org/wiki/DirectDraw_Surface,https://www.wikidata.org/wiki/Q741654,.dds,file format,file format,image/vnd-ms.dds; image/x-direct-draw-surface
Q1228770,Disk Masher System,disk image format used on Amiga computers,.dms; DMS,Disk Masher System,https://en.wikipedia.org/wiki/Disk_Masher_System,https://www.wikidata.org/wiki/Q1228770,.dms,file format,file format,
Q29435,Dolby TrueHD,advanced lossless multi-channel audio codec,,Dolby TrueHD,https://en.wikipedia.org/wiki/Dolby_TrueHD,https://www.wikidata.org/wiki/Q29435,.thd,file format,file format; lossless audio coding format,
Q5299371,dotXSI,,,DotXSI,https://en.wikipedia.org/wiki/DotXSI,https://www.wikidata.org/wiki/Q5299371,.xsi,file format,file format,
Q5205563,Downloadable Sounds,file format usually associated with MIDI data,DLS,DLS format,https://en.wikipedia.org/wiki/DLS_format,https://www.wikidata.org/wiki/Q5205563,.dls,file format,file format,audio/dls
Q3796889,DV,format for storing digital video,,DV (video format),https://en.wikipedia.org/wiki/DV_(video_format),https://www.wikidata.org/wiki/Q3796889,.dv,file format,file format,audio/DV; video/DV
Q380319,dynamic-link library,Microsoft's implementation of the shared library concept in Windows and OS/2,DLL; Dynamic-link_library; dynamic link library,Dynamic-link library,https://en.wikipedia.org/wiki/Dynamic-link_library,https://www.wikidata.org/wiki/Q380319,.dll,file format,file format; Microsoft Windows component,application/vnd.microsoft.portable-executable; application/x-msdownload
Q1124477,Efficient XML Interchange,file format,EXI; W3C EXI,Efficient XML Interchange,https://en.wikipedia.org/wiki/Efficient_XML_Interchange,https://www.wikidata.org/wiki/Q1124477,.exi,file format,file format; binary XML format; W3C Recommendation,application/exi
Q388116,Electronic Design Interchange Format,file format,EDIF,EDIF,https://en.wikipedia.org/wiki/EDIF,https://www.wikidata.org/wiki/Q388116,.edo; .edn; .edf; .edi,file format,file format,
Q1340077,Encoded Archival Description,XML standard for encoding archival finding aids,EAD; XML-EAD; EAD - Encoded Archival Description,Encoded Archival Description,https://en.wikipedia.org/wiki/Encoded_Archival_Description,https://www.wikidata.org/wiki/Q1340077,.sgm; .sgml,file format,Document Type Definition; file format,text/xml
Q634978,Enterprise Application aRchive,file format,EAR; .ear; E nterprise AR chive,EAR (file format),https://en.wikipedia.org/wiki/EAR_(file_format),https://www.wikidata.org/wiki/Q634978,.ear,file format,file format,application/java-archive
Q5381415,Envoy,portable document file format,.evy; Envoy Document File; Envoy Document; Envoy 1,Envoy (WordPerfect),https://en.wikipedia.org/wiki/Envoy_(WordPerfect),https://www.wikidata.org/wiki/Q5381415,.evy,file format,file format,application/x-envoy
Q8041702,eXtended Binary,file format,eXtended BIN; XBIN; XBin; .xb,XBin,https://en.wikipedia.org/wiki/XBin,https://www.wikidata.org/wiki/Q8041702,.xb,file format,file format,
Q5322705,Extended Common Object File Format,file format,ECOFF,ECOFF,https://en.wikipedia.org/wiki/ECOFF,https://www.wikidata.org/wiki/Q5322705,.so; .o,file format,file format,
Q5421818,Extended Log Format,"log file format, based on Common Log Format",,Extended Log Format,https://en.wikipedia.org/wiki/Extended_Log_Format,https://www.wikidata.org/wiki/Q5421818,.log,file format,file format,
Q376852,Extended Module,module file format native to FastTracker 2,.xm; XM,XM (file format),https://en.wikipedia.org/wiki/XM_(file_format),https://www.wikidata.org/wiki/Q376852,.xm,file format,file format; module file,audio/xm
Q5421923,Extensible MPEG-4 Textual Format,"high-level, XML-based file format for storing MPEG-4 data in a way suitable for further editing",XMT,Extensible MPEG-4 Textual Format,https://en.wikipedia.org/wiki/Extensible_MPEG-4_Textual_Format,https://www.wikidata.org/wiki/Q5421923,.xmt,file format,file format,application/mpeg4-iod-xmt
Q8042305,Extensible Music Format,tree-based digital container format used to bundle music-oriented content,EXtensible Music Format; XMF,XMF,https://en.wikipedia.org/wiki/XMF,https://www.wikidata.org/wiki/Q8042305,.xmf,file format,digital container format; file format,audio/mobile-xmf; audio/vnd.nokia.mobile-xmf
Q1593782,FASTA format,file format used to store nucleotide or amino acid sequences,FASTA,FASTA format,https://en.wikipedia.org/wiki/FASTA_format,https://www.wikidata.org/wiki/Q1593782,.fasta; .fa,file format,file format; textual data format,text/plain; chemical/seq-aa-fasta; chemical/seq-na-fasta
Q3063023,FASTQ format,nucleic acid sequence and base qualities file format,FASTQ,FASTQ format,https://en.wikipedia.org/wiki/FASTQ_format,https://www.wikidata.org/wiki/Q3063023,.fq; .fastq,file format,file format; textual data format,text/plain
Q5448342,File change log,,,File change log,https://en.wikipedia.org/wiki/File_change_log,https://www.wikidata.org/wiki/Q5448342,.log,file format,file format,
Q1109779,file shortcut,handle in a user interface that allows the user to find a file or resource,shortcut file,Shortcut (computing),https://en.wikipedia.org/wiki/Shortcut_(computing),https://www.wikidata.org/wiki/Q1109779,.desktop; .lnk,file format,file format,text/plain
Q1952708,FILE_ID.DIZ,plain-text file describing the archive to which it belongs,,FILE ID.DIZ,https://en.wikipedia.org/wiki/FILE_ID.DIZ,https://www.wikidata.org/wiki/Q1952708,.diz,file format,file format,text/plain
Q1428303,Flexible Image Transport System,file format,FITS; .fits; .fit; .fts,FITS,https://en.wikipedia.org/wiki/FITS,https://www.wikidata.org/wiki/Q1428303,.fit; .fts; .fits,file format,file format,application/fits; image/fits
Q105855131,Flow Cytometry Standard format,file format,Flow Cytometry Standard File; Flow Cytometry Standard,Flow Cytometry Standard,https://en.wikipedia.org/wiki/Flow_Cytometry_Standard,https://www.wikidata.org/wiki/Q105855131,.fcs,file format,file format; technical standard,application/vnd.isac.fcs
Q719519,Forsyth–Edwards Notation,text file format that represents a board position in a game of chess,.fen,Forsyth–Edwards Notation,https://en.wikipedia.org/wiki/Forsyth–Edwards_Notation,https://www.wikidata.org/wiki/Q719519,.fen,file format,file format,
Q21104579,Free Lossless Image Format,raster graphics format,FLIF; .flif,Free Lossless Image Format,https://en.wikipedia.org/wiki/Free_Lossless_Image_Format,https://www.wikidata.org/wiki/Q21104579,.flif,file format,file format,image/flif
Q5519821,Game Boy Sound,file format,Game Boy Sound System; GBS; .gbs,Game Boy Sound System,https://en.wikipedia.org/wiki/Game_Boy_Sound_System,https://www.wikidata.org/wiki/Q5519821,.gbs,file format,file format,application/octet-stream
Q1485017,GDSII stream format,database file format for data exchange of integrated circuit layout artwork,Graphic Database System II stream format,GDSII,https://en.wikipedia.org/wiki/GDSII,https://www.wikidata.org/wiki/Q1485017,.gds,file format,file format,
Q1485172,GENealogical inDEX,file format,GENDEX; gendex.txt; .gendex.txt,GENDEX,https://en.wikipedia.org/wiki/GENDEX,https://www.wikidata.org/wiki/Q1485172,.gendex.txt,file format,file format,
Q5532331,General content descriptor,file format,GCD,General content descriptor,https://en.wikipedia.org/wiki/General_content_descriptor,https://www.wikidata.org/wiki/Q5532331,.gcd,file format,file format,
Q5531823,General Data Format for Biomedical Signals,file format,GDF; .gdf,General Data Format for Biomedical Signals,https://en.wikipedia.org/wiki/General_Data_Format_for_Biomedical_Signals,https://www.wikidata.org/wiki/Q5531823,.gdf,file format,file format,
Q5531898,General Exchange Format,File exchange format,,General Exchange Format,https://en.wikipedia.org/wiki/General_Exchange_Format,https://www.wikidata.org/wiki/Q5531898,.gxf,file format,file format,application/gxf
Q5532344,General feature format,file format for genomic data,GFF3,General feature format,https://en.wikipedia.org/wiki/General_feature_format,https://www.wikidata.org/wiki/Q5532344,.gff,file format,file format,
Q22908624,GeoPackage,open file format for geographic data,GeoPackage Encoding Standard; GPKG; .gpkg; OGC GeoPackage,GeoPackage,https://en.wikipedia.org/wiki/GeoPackage,https://www.wikidata.org/wiki/Q22908624,.gpkg,file format,file format; open standard,application/octet-stream; application/geopackage+sqlite3
Q5533911,GeoPDF,file format extending PDF to allow for embedding georegistration information for maps,.pdf,GeoPDF,https://en.wikipedia.org/wiki/GeoPDF,https://www.wikidata.org/wiki/Q5533911,.pdf,file format,file format,
Q1502796,GeoTIFF,file format,,GeoTIFF,https://en.wikipedia.org/wiki/GeoTIFF,https://www.wikidata.org/wiki/Q1502796,.tiff; .tif,file format,file format,image/tiff
Q127427530,GGUF,file format for storing large language models,.gguf,GGUF,https://en.wikipedia.org/wiki/GGUF,https://www.wikidata.org/wiki/Q127427530,.gguf,file format,file format,
Q5514807,GUIDO music notation,Computer music notation format,,GUIDO music notation,https://en.wikipedia.org/wiki/GUIDO_music_notation,https://www.wikidata.org/wiki/Q5514807,.gmn,file format,file format,
Q1587964,Harwell-Boeing file format,file format,Harwell–Boeing sparse matrix format; HB format; HB,Harwell-Boeing file format,https://en.wikipedia.org/wiki/Harwell-Boeing_file_format,https://www.wikidata.org/wiki/Q1587964,.hb; .rua,file format,file format,
Q1563051,HDRi,file format,,HDRi (data format),https://en.wikipedia.org/wiki/HDRi_(data_format),https://www.wikidata.org/wiki/Q1563051,.tiff; .tif,file format,file format,
Q1036298,HighMAT,file format,HighMAT file; High Performance Media Access Technologies,HighMAT,https://en.wikipedia.org/wiki/HighMAT,https://www.wikidata.org/wiki/Q1036298,.hmt,file format,file format,
Q1566078,HTML Application,file format,HTA; .hta,HTML Application,https://en.wikipedia.org/wiki/HTML_Application,https://www.wikidata.org/wiki/Q1566078,.hta,file format,file format,application/hta
Q5636096,HTML Components,file format,,HTML Components,https://en.wikipedia.org/wiki/HTML_Components,https://www.wikidata.org/wiki/Q5636096,.htc,file format,file format,text/x-component
Q13422998,HTTP Archive format,JSON-based file format for storing a web browser's interaction with a site,,HAR (file format),https://en.wikipedia.org/wiki/HAR_(file_format),https://www.wikidata.org/wiki/Q13422998,.har,file format,file format,text/json
Q375296,ICC profile,file format that characterizes a color input or output device,International Color Consortium profile; InterColor Profile Format; .icc; .icm,ICC profile,https://en.wikipedia.org/wiki/ICC_profile,https://www.wikidata.org/wiki/Q375296,.icc; .icm,file format,file format,application/vnd.iccprofile
Q94984970,IGC,file format,,IGC (file format),https://en.wikipedia.org/wiki/IGC_(file_format),https://www.wikidata.org/wiki/Q94984970,.igc,file format,file format,text/plain
Q17029350,Image Cytometry Standard,file format,.ics; .ids; ICS,Image Cytometry Standard,https://en.wikipedia.org/wiki/Image_Cytometry_Standard,https://www.wikidata.org/wiki/Q17029350,.ids; .ics,file format,file format,
Q1938995,iMelody,mobile ringtone format,,IMelody,https://en.wikipedia.org/wiki/IMelody,https://www.wikidata.org/wiki/Q1938995,.imy,file format,file format,audio/imelody
Q979630,Industry Foundation Classes,"Open data schema and file formats for BIM, standardized as ISO 16739-1 (buildingSMART)",IFC,Industry Foundation Classes,https://en.wikipedia.org/wiki/Industry_Foundation_Classes,https://www.wikidata.org/wiki/Q979630,.ifc; .ifczip; .ifcxml,file format,file format; technical standard,application/octet-stream
Q1662484,Information Presentation Facility,file format,,Information Presentation Facility,https://en.wikipedia.org/wiki/Information_Presentation_Facility,https://www.wikidata.org/wiki/Q1662484,.inf,file format,file format; online help,
Q1141412,INI file,configuration file format,.ini,INI file,https://en.wikipedia.org/wiki/INI_file,https://www.wikidata.org/wiki/Q1141412,.ini,file format,file format; textual data format,text/plain
Q572649,Intel HEX,file format for conveying binary information,IHEX; .hex; hexadecimal object file format,Intel HEX,https://en.wikipedia.org/wiki/Intel_HEX,https://www.wikidata.org/wiki/Q572649,.hex,file format,file format,
Q22097440,IPSW,file format used in iTunes to install iOS firmware,.ipsw; iPod Software,IPSW,https://en.wikipedia.org/wiki/IPSW,https://www.wikidata.org/wiki/Q22097440,.ipsw,file format,file format,application/x-itunes-ipsw
Q19860869,Itinerary file,file format,.itn,Itinerary file,https://en.wikipedia.org/wiki/Itinerary_file,https://www.wikidata.org/wiki/Q19860869,.itn,file format,file format,application/itn
Q25101636,IVUE,file format,.ivue,IVUE,https://en.wikipedia.org/wiki/IVUE,https://www.wikidata.org/wiki/Q25101636,.ivue,file format,file format,
Q4027918,Java Application Descriptor,file format,JAD; .jad,JAD (file format),https://en.wikipedia.org/wiki/JAD_(file_format),https://www.wikidata.org/wiki/Q4027918,.jad,file format,file format,text/vnd.sun.j2me.app-descriptor
Q921122,Java archive,archive file format based on the zip format,.jar; JAR; jar file,JAR (file format),https://en.wikipedia.org/wiki/JAR_(file_format),https://www.wikidata.org/wiki/Q921122,.jar,file format,file format; archive file format,application/java-archive
Q137496,Java bytecode,instruction set of the Java virtual machine,Java byte code,JVM bytecode,https://en.wikipedia.org/wiki/JVM_bytecode,https://www.wikidata.org/wiki/Q137496,.class,file format,file format; bytecode,
Q2193155,Java class file,file format,.class; Java Programming/Classes,Java class file,https://en.wikipedia.org/wiki/Java_class_file,https://www.wikidata.org/wiki/Q2193155,.class,file format,file format,application/java; application/java-byte-code; application/java-vm; application/x-httpd-java; application/x-java; application/x-java-class; application/x-java-vm
Q1143961,JBIG2,image file format,.jb2; .jbig2; T.88; JBIG2 bitmap,JBIG2,https://en.wikipedia.org/wiki/JBIG2,https://www.wikidata.org/wiki/Q1143961,.jbig2; .jb2,file format,file format; raster-graphics file format,image/x-jbig2
Q104876349,JCAMP-DX,file format,JCAMP-DX format,JCAMP-DX,https://en.wikipedia.org/wiki/JCAMP-DX,https://www.wikidata.org/wiki/Q104876349,.jcm; .dx; .jdx,file format,file format,chemical/x-jcamp-dx
Q110239790,JData,JData Specification,,JData,https://en.wikipedia.org/wiki/JData,https://www.wikidata.org/wiki/Q110239790,.jdt; .jdb,file format,file format,application/jdata-binary; application/jdata-text
Q474112,JHTML,file format,,JHTML,https://en.wikipedia.org/wiki/JHTML,https://www.wikidata.org/wiki/Q474112,.jhtml,file format,file format,java-internal/java-html
Q17092932,JPEG XT,file format,.jpeg; .jpg; JPEG-HDR,JPEG XT,https://en.wikipedia.org/wiki/JPEG_XT,https://www.wikidata.org/wiki/Q17092932,.jpg; .jpeg,file format,file format; general-purpose image coding system,
Q2190356,JPEG-LS,lossless and near-lossless compression of continuous-tone still images,Lossless JPEG; .jls,Lossless JPEG,https://en.wikipedia.org/wiki/Lossless_JPEG,https://www.wikidata.org/wiki/Q2190356,.jls,file format,file format,image/jls
Q111841144,JSON Lines,file format where each line is a valid JSON value,newline-delimited JSON; jsonl; .jsonl; newline delimited JSON; JSON Lines Text Format,JSON Lines,https://en.wikipedia.org/wiki/JSON_Lines,https://www.wikidata.org/wiki/Q111841144,.jsonl,file format,file format,application/jsonl
Q1589482,JT,3D data format,ISO 14306; Jupiter Tesselation (JT) File; Jupiter Tesselation File; Jupiter Tesselation,JT (visualization format),https://en.wikipedia.org/wiki/JT_(visualization_format),https://www.wikidata.org/wiki/Q1589482,.jt; .jt,file format,file format,
Q70357595,Jupyter notebook file,"program used to mix code, comments, and visualizations in an interactive document called notebook that can be shared, reused, and reworked in a web browser",notebook; notebooks; IPython Notebook; Jupyter notebooks,.ipynb,https://en.wikipedia.org/wiki/.ipynb,https://www.wikidata.org/wiki/Q70357595,.ipynb,file format,file format,application/x-ipynb+json
Q17062804,Klip,XML file that includes rules for web page presentation,,Klip,https://en.wikipedia.org/wiki/Klip,https://www.wikidata.org/wiki/Q17062804,.klip,file format,file format,
Q1124114,LandXML,file format,,LandXML,https://en.wikipedia.org/wiki/LandXML,https://www.wikidata.org/wiki/Q1124114,.dem; .xml; .ddf,file format,file format,
Q6505523,Layered Image File Format,file format,LIFF; .liff,Layered Image File Format,https://en.wikipedia.org/wiki/Layered_Image_File_Format,https://www.wikidata.org/wiki/Q6505523,.liff,file format,file format,
Q6457314,LBR,container format popular for distributing CP/M software,.lbr; .lqr; .lzr; .lyr,LBR (file format),https://en.wikipedia.org/wiki/LBR_(file_format),https://www.wikidata.org/wiki/Q6457314,.lyr; .lbr; .lqr; .lzr,file format,file format,
Q1066897,LDAP Data Interchange Format,standard plain text data interchange format for representing LDAP (Lightweight Directory Access Protocol) directory content and update requests,LDIF,LDAP Data Interchange Format,https://en.wikipedia.org/wiki/LDAP_Data_Interchange_Format,https://www.wikidata.org/wiki/Q1066897,.ldif,file format,file format,text/plain; text/x-ldif
Q368782,LHA,data compression file format,.lzh; .lha; LZH; lzh/LArc archive,LHA (file format),https://en.wikipedia.org/wiki/LHA_(file_format),https://www.wikidata.org/wiki/Q368782,.lzh; .lha,file format,file format,application/x-lzh-compressed
Q6542498,Library Exchange Format,specification for representing the physical layout of an integrated circuit in an ASCII format,LEF,Library Exchange Format,https://en.wikipedia.org/wiki/Library_Exchange_Format,https://www.wikidata.org/wiki/Q6542498,.lef,file format,file format,
Q111841303,line-delimited JSON,,line delimited JSON; LDJSON; .ldjson,Line Delimited JSON,https://en.wikipedia.org/wiki/Line_Delimited_JSON,https://www.wikidata.org/wiki/Q111841303,.ldjson,file format,file format,
Q1312725,local shared object,piece of data that websites using Adobe Flash may store on a user’s computer,Flash cookie; LSO; supercookie,Local shared object,https://en.wikipedia.org/wiki/Local_shared_object,https://www.wikidata.org/wiki/Q1312725,.sol,file format,software; file format,
Q6666791,Log ASCII Standard Format,file format,Log ASCII Standard,Log ASCII standard,https://en.wikipedia.org/wiki/Log_ASCII_standard,https://www.wikidata.org/wiki/Q6666791,.las,file format,file format,
Q4047883,long-term prediction,scheme employed in order to reduce the amount of data sent between the mobile station (MS) and base transceiver station (BTS),Regular Pulse Excitation-Long Term Prediction; RPE-LTP; GSM 6.10 RPE-LTP,Long-term prediction (communications),https://en.wikipedia.org/wiki/Long-term_prediction_(communications),https://www.wikidata.org/wiki/Q4047883,.gsm,file format,file format; audio compression,
Q361923,Lossless predictive audio compression,lossless audio coding format,,Lossless predictive audio compression,https://en.wikipedia.org/wiki/Lossless_predictive_audio_compression,https://www.wikidata.org/wiki/Q361923,.pac,file format,file format; lossless audio coding format,
Q1260547,LyRiCs,computer file format that synchronizes song lyrics with an audio file,Karaoke lyrics; LRC; .lrc,LRC (file format),https://en.wikipedia.org/wiki/LRC_(file_format),https://www.wikidata.org/wiki/Q1260547,.lrc,file format,file format,
Q1886335,Maker Interchange Format,file format,MIF; Adobe FrameMaker Interchange Format; .mif; FrameMaker interchange format,Maker Interchange Format,https://en.wikipedia.org/wiki/Maker_Interchange_Format,https://www.wikidata.org/wiki/Q1886335,.mif,file format,file format,application/vnd.mif
Q47512572,man page,electronic documentation file format,manual page; man-page; manpage,Man page,https://en.wikipedia.org/wiki/Man_page,https://www.wikidata.org/wiki/Q47512572,.4; .3; .6; .5; .1; .7; .2; .8; .man,file format,file format,text/troff; application/x-troff-man
Q6746668,Management Information Format,file format,MIF; .mif; Management Information Format (LCase),Management Information Format,https://en.wikipedia.org/wiki/Management_Information_Format,https://www.wikidata.org/wiki/Q6746668,.mif,file format,file format,text/plain
Q1381134,MapInfo Interchange Format,file format,.mif; MIF,MapInfo Interchange Format,https://en.wikipedia.org/wiki/MapInfo_Interchange_Format,https://www.wikidata.org/wiki/Q1381134,.mif,file format,file format,
Q6753724,MapInfo TAB format,file format,.tab,MapInfo TAB format,https://en.wikipedia.org/wiki/MapInfo_TAB_format,https://www.wikidata.org/wiki/Q6753724,.tab,file format,file format,
Q722609,MARC standards,digital formats for library cataloguing,MARC; .marc; .mrc; MA; Machine-Readable Cataloging,MARC standards,https://en.wikipedia.org/wiki/MARC_standards,https://www.wikidata.org/wiki/Q722609,.marc; .mrc,file format,file format; field of study; metadata standard; field of study; academic discipline,application/marc
Q1893311,Material Exchange Format,"Object-based file format that wraps video, audio, and other bitstreams",MXF; .mxf,Material Exchange Format,https://en.wikipedia.org/wiki/Material_Exchange_Format,https://www.wikidata.org/wiki/Q1893311,.mxf,file format,digital container format; file format,application/mxf
Q27960157,Matroska Audio,file format,.mka,.mka,https://en.wikipedia.org/wiki/.mka,https://www.wikidata.org/wiki/Q27960157,.mka,file format,file format,audio/matroska; audio/x-matroska
Q6715113,MD3,file format,.md3; Quake 3 Arena MD3; Quake3Arena MD3; Quake3 MD3; Quake 3 MD3,MD3 (file format),https://en.wikipedia.org/wiki/MD3_(file_format),https://www.wikidata.org/wiki/Q6715113,.md3,file format,file format,
Q3841253,MDL Molfile,file format in chemistry,.mol; Molfile; MOL; MDL MOL Molecule file,MDL Molfile,https://en.wikipedia.org/wiki/MDL_Molfile,https://www.wikidata.org/wiki/Q3841253,.mol,file format,file format,chemical/x-mdl-molfile
Q1924866,Metalink,file format that describes one or more computer files available for download,,Metalink,https://en.wikipedia.org/wiki/Metalink,https://www.wikidata.org/wiki/Q1924866,.metalink; .meta4,file format,file format,
Q954199,MHTML,file format,MIME HTML; .mhtml; .mht; mht,MHTML,https://en.wikipedia.org/wiki/MHTML,https://www.wikidata.org/wiki/Q954199,.mhtml; .mht,file format,file format; web archive file format,message/rfc822
Q3563777,MicroDVD,file format,.sub,MicroDVD,https://en.wikipedia.org/wiki/MicroDVD,https://www.wikidata.org/wiki/Q3563777,.sub,file format,file format,text/plain
Q1023647,Microsoft Compiled HTML Help,"proprietary online help format, consisting of multiple HTML pages compressed into a binary file with the .chm extension",.chm; CHM; HTML Help; Windows Compressed HTML Help,Microsoft Compiled HTML Help,https://en.wikipedia.org/wiki/Microsoft_Compiled_HTML_Help,https://www.wikidata.org/wiki/Q1023647,.chm,file format,file format; Microsoft Help,application/vnd.ms-htmlhelp
Q1931585,Microsoft Digital Video Recording,file format,DVR-MS; .dvr-ms; Microsoft DVR-MS Files,DVR-MS,https://en.wikipedia.org/wiki/DVR-MS,https://www.wikidata.org/wiki/Q1931585,.dvr-ms,file format,file format,
Q843084,Microsoft Document Imaging Format,file format,.mdi; MDI,Microsoft Document Imaging Format,https://en.wikipedia.org/wiki/Microsoft_Document_Imaging_Format,https://www.wikidata.org/wiki/Q843084,.mdi,file format,file format,image/vnd.ms-modi
Q17141186,Microsoft Help 2,file format by Microsoft,,Microsoft Help 2,https://en.wikipedia.org/wiki/Microsoft_Help_2,https://www.wikidata.org/wiki/Q17141186,.hxs,file format,file format; Microsoft Help,
Q731135,Microsoft Management Console,component of Windows 2000,MMC,Microsoft Management Console,https://en.wikipedia.org/wiki/Microsoft_Management_Console,https://www.wikidata.org/wiki/Q731135,.msc,file format,file format; Microsoft Windows component,text/xml
Q6717026,MOI,the file extension for the index file accompanying the MOD video file format used on many camcorders,,MOI (file format),https://en.wikipedia.org/wiki/MOI_(file_format),https://www.wikidata.org/wiki/Q6717026,.moi,file format,file format,
Q6912474,Mork,file format,Mozilla mork database,Mork (file format),https://en.wikipedia.org/wiki/Mork_(file_format),https://www.wikidata.org/wiki/Q6912474,.dat; .msf; .mab,file format,file format,
Q850954,Motion JPEG,video compression format,MJPG; M-JPEG,Motion JPEG,https://en.wikipedia.org/wiki/Motion_JPEG,https://www.wikidata.org/wiki/Q850954,.mjpg; .mjpeg,file format,file format; video compression format,video/x-mjpeg
Q6927978,Mozilla Archive Format,legacy compressed Zip file format,.maff; MAFF; Mozilla Archive Format File,Mozilla Archive Format,https://en.wikipedia.org/wiki/Mozilla_Archive_Format,https://www.wikidata.org/wiki/Q6927978,.maff,file format,file format; former entity; web archive file format,application/x-maff
Q336284,MPEG-1,standard for compression of video and audio,MPEG-1 Audio,MPEG-1,https://en.wikipedia.org/wiki/MPEG-1,https://www.wikidata.org/wiki/Q336284,.mpv; .mpg; .mp3; .m1a; .mpa; .m2a; .m1v; .mp1; .mp2; .mpeg,file format,file format,video/mpeg; video/x-mpeg; video/mpg; video/x-mpeg2a; audio/mpeg
Q919226,MPEG-1 Audio Layer I,audio formats,MP1,MPEG-1 Audio Layer I,https://en.wikipedia.org/wiki/MPEG-1_Audio_Layer_I,https://www.wikidata.org/wiki/Q919226,.m1a; .mp1,file format,file format; audio codec,audio/mpeg; audio/MPA
Q1194435,MPEG-2 transport stream,digital video format used for storage network transmission,.ts; .tsv; .tsa; MPEG-TS; MTS; M2T; MPEG transport stream; MPEG-2 TS; MPEG TS; MPEG-2 Part 1; MPEG2-TS,MPEG transport stream,https://en.wikipedia.org/wiki/MPEG_transport_stream,https://www.wikidata.org/wiki/Q1194435,.ts; .tsa; .m2t; .tsv,file format,file format; multimedia container,video/mp2t
Q219763,MPEG-4,video encoding standard,,MPEG-4,https://en.wikipedia.org/wiki/MPEG-4,https://www.wikidata.org/wiki/Q219763,.mp4,file format,file format,video/mp4
Q5371138,MPQ,file format,.mpq,MPQ (file format),https://en.wikipedia.org/wiki/MPQ_(file_format),https://www.wikidata.org/wiki/Q5371138,.mpq,file format,file format,
Q6717445,MRC,file format,.mrc; Medical Research Council file format; MRC2014; MRC/CCP4 format; MRC/CCP4 file format,MRC (file format),https://en.wikipedia.org/wiki/MRC_(file_format),https://www.wikidata.org/wiki/Q6717445,.mrc,file format,file format,
Q1422885,MrSID,file format,Multi-resolution Seamless Image Database; .sid,MrSID,https://en.wikipedia.org/wiki/MrSID,https://www.wikidata.org/wiki/Q1422885,.sid,file format,file format,image/x-mrsid; image/x-mrsid-image; image/x.mrsid
Q6717908,MSSTYLES,file format that contains the bitmaps and metadata for the Windows XP skinning engine,,MSSTYLES,https://en.wikipedia.org/wiki/MSSTYLES,https://www.wikidata.org/wiki/Q6717908,.msstyles,file format,file format,
Q524090,MT9,file format,,MT9,https://en.wikipedia.org/wiki/MT9,https://www.wikidata.org/wiki/Q524090,.mt9,file format,file format,
Q28206638,MTV ray tracer bitmap,file format,.pic; .mtv; MTV Raytracing image format,MTV Ray Tracer graphic file,https://en.wikipedia.org/wiki/MTV_Ray_Tracer_graphic_file,https://www.wikidata.org/wiki/Q28206638,.pic; .mtv,file format,file format,image/x-mtv
Q106729104,mz5,mass spectrometry file format,,Mz5,https://en.wikipedia.org/wiki/Mz5,https://www.wikidata.org/wiki/Q106729104,.mz5,file format,file format,application/x-hdf5
Q107649162,mzMLb,open mass spectrometry data format,,MzMLb,https://en.wikipedia.org/wiki/MzMLb,https://www.wikidata.org/wiki/Q107649162,.mzmlb,file format,file format,application/x-hdf5
Q105863113,mzXML,mass spectrometry file format,,MzXML,https://en.wikipedia.org/wiki/MzXML,https://www.wikidata.org/wiki/Q105863113,.mzxml,file format,file format,text/xml
Q31398150,N-Quads,"line-based, plain text format for encoding an RDF dataset",,N-Quads,https://en.wikipedia.org/wiki/N-Quads,https://www.wikidata.org/wiki/Q31398150,.nq,file format,file format,application/n-quads
Q111841242,NDJSON,file format where each line is a valid JSON value,newline delimited JSON; newline-delimited JSON; .ndjson,NDJSON,https://en.wikipedia.org/wiki/NDJSON,https://www.wikidata.org/wiki/Q111841242,.ndjson,file format,file format,application/x-ndjson
Q1361922,netCDF,file format,Network Common Data Form,NetCDF,https://en.wikipedia.org/wiki/NetCDF,https://www.wikidata.org/wiki/Q1361922,.nc,file format,file format,application/netcdf; application/x-netcdf
Q4027909,Network Bootable Image,legacy format,,Network Bootable Image,https://en.wikipedia.org/wiki/Network_Bootable_Image,https://www.wikidata.org/wiki/Q4027909,.nbi,file format,file format,
Q3339116,Newick tree format,notation for representing graph-theoretical trees with edge lengths using parentheses and commas,Newick format; Newick notation; New Hampshire tree format; .newick; Newick file,Newick format,https://en.wikipedia.org/wiki/Newick_format,https://www.wikidata.org/wiki/Q3339116,.newick,file format,file format; notation,
Q1983918,Nexus file,file format,NEXUS; .nex; .nxs; NEXUS phylogenetic format,Nexus file,https://en.wikipedia.org/wiki/Nexus_file,https://www.wikidata.org/wiki/Q1983918,.nxs; .nex; .nxz,file format,file format,application/octet-stream
Q1258721,NFO,file format,.nfo; Info，information,.nfo,https://en.wikipedia.org/wiki/.nfo,https://www.wikidata.org/wiki/Q1258721,.nfo,file format,file format,text/x-nfo
Q7060634,Norton Guides,online-help system for DOS,,Norton Guides,https://en.wikipedia.org/wiki/Norton_Guides,https://www.wikidata.org/wiki/Q7060634,.ng,file format,file format; online help; series; hypertext system,
Q2001898,Notation Interchange File Format,file format,NIFF; .nif,Notation Interchange File Format,https://en.wikipedia.org/wiki/Notation_Interchange_File_Format,https://www.wikidata.org/wiki/Q2001898,.nif,file format,file format,application/vnd.music-niff
Q1213743,NRG,proprietary file format used by Nero Burning ROM,Nero Image; Nero Burning ROM Image File,NRG (file format),https://en.wikipedia.org/wiki/NRG_(file_format),https://www.wikidata.org/wiki/Q1213743,.nrg,file format,file format; ROM image,
Q1429108,NZB,file format,,NZB,https://en.wikipedia.org/wiki/NZB,https://www.wikidata.org/wiki/Q1429108,.nzb,file format,file format,application/x-nzb
Q7072414,ODB++,proprietary CAD-to-CAM data exchange format,Open Database++ format; Open Database++,ODB++,https://en.wikipedia.org/wiki/ODB++,https://www.wikidata.org/wiki/Q7072414,.xml; .zip,file format,file format,
Q188199,Ogg,digital container format,OGA; Ogg File Format,Ogg,https://en.wikipedia.org/wiki/Ogg,https://www.wikidata.org/wiki/Q188199,.opus; .ogg; .ogm; .ogx; .ogv; .spx; .oga,file format,digital container format; file format; multimedia container,video/ogg; application/ogg
Q268086,OMDoc,semantic markup format for mathematical documents,Open Mathematical Documents,OMDoc,https://en.wikipedia.org/wiki/OMDoc,https://www.wikidata.org/wiki/Q268086,.omdoc,file format,file format,application/omdoc+xml
Q17072901,Open Game Engine Exchange,file format,OpenGEX; .ogex,Open Game Engine Exchange,https://en.wikipedia.org/wiki/Open_Game_Engine_Exchange,https://www.wikidata.org/wiki/Q17072901,.ogex,file format,file format,model/vnd.opengex
Q977900,Open XML Paper Specification,file format,XPS; .xps,Open XML Paper Specification,https://en.wikipedia.org/wiki/Open_XML_Paper_Specification,https://www.wikidata.org/wiki/Q977900,.xps; .oxps,file format,file format,application/oxps; application/vnd.ms-xpsdocument
Q184473,OpenDocument,family of file formats most known for use with LibreOffice and OpenOffice software,OpenDocument Format; Open Document Format; .odt; odt; .odf,OpenDocument,https://en.wikipedia.org/wiki/OpenDocument,https://www.wikidata.org/wiki/Q184473,.fodt; .odt,file format,file format,application/vnd.oasis.opendocument.text
Q7095768,OpenDRIVE,file format,.xodr,OpenDRIVE (specification),https://en.wikipedia.org/wiki/OpenDRIVE_(specification),https://www.wikidata.org/wiki/Q7095768,.xodr,file format,file format,
Q1341482,OpenEXR,file format for high-dynamic-range images,.exr; EXR; IlmImf; ILM OpenEXR,OpenEXR,https://en.wikipedia.org/wiki/OpenEXR,https://www.wikidata.org/wiki/Q1341482,.exr,file format,file format; raster-graphics file format,image/x-exr
Q1767050,OpenOffice.org XML,open XML-based file format family,Open Office XML,OpenOffice.org XML,https://en.wikipedia.org/wiki/OpenOffice.org_XML,https://www.wikidata.org/wiki/Q1767050,.sti; .sxi; .sxd; .sxc; .stw; .stc; .std; .sxm; .sxw; .sxg,file format,file format,application/vnd.sun.xml.draw; application/vnd.sun.xml.calc; application/vnd.sun.xml.calc.template; application/vnd.sun.xml.draw.template; application/vnd.sun.xml.impress; application/vnd.sun.xml.impress.template; application/vnd.sun.xml.math; application/vnd.sun.xml.writer; application/vnd.sun.xml.writer.global; application/vnd.sun.xml.writer.template
Q7095914,OpenXDF,file format,.xdf,OpenXDF,https://en.wikipedia.org/wiki/OpenXDF,https://www.wikidata.org/wiki/Q7095914,.xdf,file format,file format,
Q17073241,Opera Show Format,file format,OSF,Opera Show Format,https://en.wikipedia.org/wiki/Opera_Show_Format,https://www.wikidata.org/wiki/Q17073241,.html; .xhtml,file format,file format,text/html; application/xhtml+xml
Q7073077,OTA bitmap,file format,Nokia Over the Air Bitmap; Over the Air Bitmap; .otb; On-the-air Bitmap,OTA bitmap,https://en.wikipedia.org/wiki/OTA_bitmap,https://www.wikidata.org/wiki/Q7073077,.otb,file format,file format,
Q2043681,PAK,Microsoft Windows file format,,PAK (file format),https://en.wikipedia.org/wiki/PAK_(file_format),https://www.wikidata.org/wiki/Q2043681,.pak,file format,file format,
Q535473,PCX file format family,file format family,.pcx; .pcc; PC Paintbrush bitmap,PCX,https://en.wikipedia.org/wiki/PCX,https://www.wikidata.org/wiki/Q535473,.pcc; .pcx,file format,file format; raster-graphics file format,image/vnd.zbrush.pcx
Q7118753,PDB,container format for record databases,PalmDoc; PalmDOC; Palm DataBase; Palm OS Database; .pdb; PalmOS Database,PDB (Palm OS),https://en.wikipedia.org/wiki/PDB_(Palm_OS),https://www.wikidata.org/wiki/Q7118753,.pdb,file format,digital container format; file format,application/vnd.palm
Q25110402,Personal Filing Cabinet,file format,.pfc; AOL Personal Filing Cabinet,Personal Filing Cabinet,https://en.wikipedia.org/wiki/Personal_Filing_Cabinet,https://www.wikidata.org/wiki/Q25110402,.pfc,file format,file format,
Q29651120,Personal Folder File,family of file formats related to Microsoft Outlook,.pab; .pst; .ost; Personal Folders Files; Personal Storage Table; PST,Personal Storage Table,https://en.wikipedia.org/wiki/Personal_Storage_Table,https://www.wikidata.org/wiki/Q29651120,.pst,file format,file format,application/vnd.ms-outlook
Q6026738,PFB,Postscript font format,Printer Font Binary; Adobe Type 1 Printer Font Binary; .pfb; PostScript Type 1 Printer Font Binary,Printer Font Binary,https://en.wikipedia.org/wiki/Printer_Font_Binary,https://www.wikidata.org/wiki/Q6026738,.pfb,file format,file format,font/x-postscript-pfb
Q1269709,PHP Archive,file format,.phar; PHAR,PHAR (file format),https://en.wikipedia.org/wiki/PHAR_(file_format),https://www.wikidata.org/wiki/Q1269709,.phar,file format,file format,
Q7119344,PICtor PIC image format,file format,,PICtor PIC image format,https://en.wikipedia.org/wiki/PICtor_PIC_image_format,https://www.wikidata.org/wiki/Q7119344,.pic; .clp,file format,file format,
Q29650318,PKPass,file format,.pkpass,PKPASS,https://en.wikipedia.org/wiki/PKPASS,https://www.wikidata.org/wiki/Q29650318,.pkpass; .pkpasses,file format,file format,application/vnd.apple.pkpass
Q7231341,Portable Database Image,file format to store structured databases for reporting and analysis in a highly compressed way,,Portable Database Image,https://en.wikipedia.org/wiki/Portable_Database_Image,https://www.wikidata.org/wiki/Q7231341,.pdi,file format,file format,
Q2043942,Portable Document Format for Engineering,file format,.pdf; PDF/E-1; Engineering document format using PDF,PDF/E,https://en.wikipedia.org/wiki/PDF/E,https://www.wikidata.org/wiki/Q2043942,.pdf,file format,file format,application/pdf
Q4047266,Portable Draughts Notation,file format,PDN; .pdn,Portable Draughts Notation,https://en.wikipedia.org/wiki/Portable_Draughts_Notation,https://www.wikidata.org/wiki/Q4047266,.pdn,file format,file format,text/plain
Q2104918,Portable Sound Format,file format,PSF; PlayStation Sound Format; .psf; .minipsf; .psflib,Portable Sound Format,https://en.wikipedia.org/wiki/Portable_Sound_Format,https://www.wikidata.org/wiki/Q2104918,.minipsf; .psflib; .psf,file format,file format,
Q762694,PostScript Printer Description,file format,PPD; .ppd,PostScript Printer Description,https://en.wikipedia.org/wiki/PostScript_Printer_Description,https://www.wikidata.org/wiki/Q762694,.ppd,file format,file format,application/vnd.cups-ppd
Q7120269,PRC,"container format for code databases in Palm OS, Garnet OS and Access Linux Platform",.prc; Palm Resource Code; Palm Resource Compiler,PRC (Palm OS),https://en.wikipedia.org/wiki/PRC_(Palm_OS),https://www.wikidata.org/wiki/Q7120269,.prc,file format,digital container format; file format; executable file format,application/octet-stream; application/vnd.palm
Q3359832,Product Representation Compact,3D file format that can be used to embed 3D data in a PDF file,PRC; .prc,PRC (file format),https://en.wikipedia.org/wiki/PRC_(file_format),https://www.wikidata.org/wiki/Q3359832,.prc,file format,file format,application/octet-stream; model/prc
Q3406936,Program database,file format for storing debug information about executable files,PDB,Program database,https://en.wikipedia.org/wiki/Program_database,https://www.wikidata.org/wiki/Q3406936,.pdb,file format,file format; debugging data format,application/x-ms-pdb
Q382011,Program information file,Settings for running DOS applications,PIF,Program information file,https://en.wikipedia.org/wiki/Program_information_file,https://www.wikidata.org/wiki/Q382011,.pif,file format,file format,application/x-pif
Q7251429,Protein Data Bank,textual file format describing the three-dimensional structures of molecules held in the Protein Data Bank,PDB,Protein Data Bank (file format),https://en.wikipedia.org/wiki/Protein_Data_Bank_(file_format),https://www.wikidata.org/wiki/Q7251429,.pdb,file format,file format,chemical/x-pdb
Q478705,proxy auto-config,configuration file,Proxy auto-config; PAC; Proxy Auto-Config (with rem); Proxy Auto-Config,Proxy auto-config,https://en.wikipedia.org/wiki/Proxy_auto-config,https://www.wikidata.org/wiki/Q478705,.pac,file format,file format,application/x-javascript-config; application/x-ns-proxy-autoconfig
Q1052000,qcow,virtual hard drive format introduced by QEMU,QEMU Copy-on-Write; QCOW1 disk image,Qcow,https://en.wikipedia.org/wiki/Qcow,https://www.wikidata.org/wiki/Q1052000,.qcow3; .qcow2; .qcow; .img,file format,file format,application/x-qemu-disk
Q7265393,QCP,file format is used by many cellular telephone manufacturers to provide ring tones and record voice,.qcp; Qualcomm code-excited linear prediction; Qualcomm PureVoice; QCP File Format,QCP (file format),https://en.wikipedia.org/wiki/QCP_(file_format),https://www.wikidata.org/wiki/Q7265393,.qcp,file format,file format,audio/qcelp; audio/vnd.qcelp
Q7268194,Qtch,file format,Quicktime Cached data,Qtch,https://en.wikipedia.org/wiki/Qtch,https://www.wikidata.org/wiki/Q7268194,.qtch,file format,file format,
Q5354833,Qualcomm code-excited linear prediction,speech codec,QCELP; Qualcomm PureVoice,Qualcomm code-excited linear prediction,https://en.wikipedia.org/wiki/Qualcomm_code-excited_linear_prediction,https://www.wikidata.org/wiki/Q5354833,.qcp,file format,file format; audio codec; compression algorithm,audio/qcelp
Q7271574,Quetzal file format,file format,.sav; .glksave,Quetzal file format,https://en.wikipedia.org/wiki/Quetzal_file_format,https://www.wikidata.org/wiki/Q7271574,.sav; .glksave,file format,file format,application/x-glksave
Q1315297,QuickTime VR,file format,QTVR,QuickTime VR,https://en.wikipedia.org/wiki/QuickTime_VR,https://www.wikidata.org/wiki/Q1315297,.qtvr,file format,file format,video/quicktime
Q7295259,Raster Document Object,file format used in print on demand systems manufactured by Xerox,.rdo,Raster Document Object,https://en.wikipedia.org/wiki/Raster_Document_Object,https://www.wikidata.org/wiki/Q7295259,.rdo,file format,file format,
Q48940,RDF/XML,syntax defined by the W3C to express an RDF graph as an XML document,,RDF/XML,https://en.wikipedia.org/wiki/RDF/XML,https://www.wikidata.org/wiki/Q48940,.rdf,file format,file format; technical standard; W3C Recommendation; XML-based format,application/rdf+xml
Q1075962,RealMedia,file format,.rm; RM,RealMedia,https://en.wikipedia.org/wiki/RealMedia,https://www.wikidata.org/wiki/Q1075962,.rm; .rv,file format,file format; multimedia container,application/vnd.rn-realmedia
Q737207,RealVideo,file format for video streaming,RV,RealVideo,https://en.wikipedia.org/wiki/RealVideo,https://www.wikidata.org/wiki/Q737207,.rv,file format,file format; video compression format,application/vnd.rn-realmedia
Q7311459,Relocatable Object Module Format,file format,.obj; OMF,Object Module Format (Intel),https://en.wikipedia.org/wiki/Object_Module_Format_(Intel),https://www.wikidata.org/wiki/Q7311459,.obj,file format,file format,
Q2145498,Requirements Interchange Format,XML file format used to exchange requirements and associated metadata between software tools from different vendors,RIF; ReqIF; .reqif; .reqifz,Requirements Interchange Format,https://en.wikipedia.org/wiki/Requirements_Interchange_Format,https://www.wikidata.org/wiki/Q2145498,.reqifz; .reqif,file format,file format,
Q7375542,Restricted Permission Message,File format for message access control,rpmsg,Rpmsg,https://en.wikipedia.org/wiki/Rpmsg,https://www.wikidata.org/wiki/Q7375542,.rpmsg,file format,file format,application/octet-stream
Q196765,revocation list,"in computing, a list of revoked certificates",certificate revocation list; CRL; Certificate Revocation List,Certificate revocation list,https://en.wikipedia.org/wiki/Certificate_revocation_list,https://www.wikidata.org/wiki/Q196765,.crl,file format,list; file format,application/pkix-crl
Q7276404,REX2,file format,ReCycle EXport file,REX2,https://en.wikipedia.org/wiki/REX2,https://www.wikidata.org/wiki/Q7276404,.rex; .rx2,file format,file format,
Q3928266,RF64,file format,.wav; .rf64; RF64 Multichannel Broadcast Wave format audio,RF64,https://en.wikipedia.org/wiki/RF64,https://www.wikidata.org/wiki/Q3928266,.wav; .rf64,file format,file format,audio/vnd.wave
Q3928271,RGBE image format,file format,Radiance RGBE; .hdr; Radiance HDR; RGBE; Radiance Picture; .rgbe; .xyze; .pic; .rad; Radiance RGBE image format,RGBE image format,https://en.wikipedia.org/wiki/RGBE_image_format,https://www.wikidata.org/wiki/Q3928271,.pic; .hdr; .rad; .rgbe; .xyze,file format,file format,image/vnd.radiance
Q7323389,Rich Music Format,file format,.rmf,Rich Music Format,https://en.wikipedia.org/wiki/Rich_Music_Format,https://www.wikidata.org/wiki/Q7323389,.rmf,file format,file format,application/octet-stream
Q3430428,Rich Text Format Directory,document format,RTFD; Rich Text with Attachments,Rich Text Format Directory,https://en.wikipedia.org/wiki/Rich_Text_Format_Directory,https://www.wikidata.org/wiki/Q3430428,.rtfd,file format,file format,
Q923990,RIS,standard file format for bibliographic data exchange,.ris; Research Information Systems; RIS Citation; RIS (file format),RIS (file format),https://en.wikipedia.org/wiki/RIS_(file_format),https://www.wikidata.org/wiki/Q923990,.ris,file format,file format,application/x-research-info-systems
Q7339262,RoadXML,open file format for the road networks description used by driving simulators,.rnd,RoadXML,https://en.wikipedia.org/wiki/RoadXML,https://www.wikidata.org/wiki/Q7339262,.rnd,file format,file format,
Q58630708,Scalable Vector Graphics Tiny,file format,.svg; SVGT; Scalable Vector Graphics Tiny 1.2; SVG 1.2,SVG Tiny,https://en.wikipedia.org/wiki/SVG_Tiny,https://www.wikidata.org/wiki/Q58630708,.svg,file format,file format; vector graphics file format,image/svg+xml
Q7434105,Scitex Continuous Tone,file format,Scitex CT; .sct; .ct; .ch; SCT,Scitex CT,https://en.wikipedia.org/wiki/Scitex_CT,https://www.wikidata.org/wiki/Q7434105,.sct; .ch; .ct,file format,file format,application/scitex
Q25345915,Scratch Project SB,file format,.sb,.sb file,https://en.wikipedia.org/wiki/.sb_file,https://www.wikidata.org/wiki/Q25345915,.sb,file format,file format,
Q25099931,Scratch Project SB2,file format,.sb2,.sb2 file,https://en.wikipedia.org/wiki/.sb2_file,https://www.wikidata.org/wiki/Q25099931,.sb2,file format,file format,
Q1461901,Scream Tracker 3 module,audio tracker file format used by Scream Tracker,.s3m; S3M; ScreamTracker v3 module,S3M,https://en.wikipedia.org/wiki/S3M,https://www.wikidata.org/wiki/Q1461901,.s3m,file format,file format,audio/x-mod; audio/s3m
Q17089736,SDIF,data format for sound,,SDIF,https://en.wikipedia.org/wiki/SDIF,https://www.wikidata.org/wiki/Q17089736,.sdif,file format,file format,application/octet-stream
Q3477565,Secure Digital Container,methods of licensing academic software,,Secure Digital Container,https://en.wikipedia.org/wiki/Secure_Digital_Container,https://www.wikidata.org/wiki/Q3477565,.sdc,file format,file format,
Q3943569,SEG-Y,file format for storing geophysical data,SEG Y; SEG Y Data Exchange Format,SEG-Y,https://en.wikipedia.org/wiki/SEG-Y,https://www.wikidata.org/wiki/Q3943569,.sgy; .segy,file format,file format,
Q16976440,Segmented Hyper Graphics,file format,SHG; .shg; Segmented Hypergraph,Segmented Hyper Graphics,https://en.wikipedia.org/wiki/Segmented_Hyper_Graphics,https://www.wikidata.org/wiki/Q16976440,.shg,file format,file format,application/octet-stream
Q24073549,SFZ,plain text file format for storing instrument data for software synthesizers,.sfz; rgc:audio SFZ instrument,SFZ (file format),https://en.wikipedia.org/wiki/SFZ_(file_format),https://www.wikidata.org/wiki/Q24073549,.sfz,file format,file format,
Q3959179,shar,archive file format,.shar; .sha; Shell Archive Format,Shar (file format),https://en.wikipedia.org/wiki/Shar_(file_format),https://www.wikidata.org/wiki/Q3959179,.sha; .shar,file format,file format,
Q7493698,Shell Scrap Object File,file format,SHS; .shs; Microsoft Shell Scrap Object File,Shell Scrap Object File,https://en.wikipedia.org/wiki/Shell_Scrap_Object_File,https://www.wikidata.org/wiki/Q7493698,.shs,file format,file format,
Q959549,shell script,"script written for the shell, or command line interpreter, of an operating system",shell scripting,Shell script,https://en.wikipedia.org/wiki/Shell_script,https://www.wikidata.org/wiki/Q959549,.sh,file format,file format,application/x-sh; application/x-shellscript; text/x-sh
Q4684000,ShockWave Component,file format,SWC; .swc; Adobe SWC; Flash Component distribution archive,Adobe SWC file,https://en.wikipedia.org/wiki/Adobe_SWC_file,https://www.wikidata.org/wiki/Q4684000,.swc,file format,file format,application/octet-stream
Q1027882,Short Payment Descriptor,file format,,Short Payment Descriptor,https://en.wikipedia.org/wiki/Short_Payment_Descriptor,https://www.wikidata.org/wiki/Q1027882,.spayd,file format,file format,application/x-shortpaymentdescriptor
Q597450,Shorten,audio file format,SHN; Shorten Lossless Audio Compression Format; .shn; Shorten (codec),Shorten (codec),https://en.wikipedia.org/wiki/Shorten_(codec),https://www.wikidata.org/wiki/Q597450,.shn,file format,file format; audio codec,application/x-shorten
Q25305144,ShrinkIt,file format,.shk,ShrinkIt,https://en.wikipedia.org/wiki/ShrinkIt,https://www.wikidata.org/wiki/Q25305144,.shk,file format,file format,
Q673906,Simple Standards-Based Slide Show System,XHTML-based file format for defining slideshows,S5; .xhtml; .html,S5 (file format),https://en.wikipedia.org/wiki/S5_(file_format),https://www.wikidata.org/wiki/Q673906,.html; .xhtml,file format,file format,text/html; application/xhtml+xml
Q1079778,SIS,file format,,SIS (file format),https://en.wikipedia.org/wiki/SIS_(file_format),https://www.wikidata.org/wiki/Q1079778,.sis; .sisx,file format,file format,application/vnd.symbian.install
Q7532980,Sixel,DEC-created six pixel vertical format element that can be used to create pictures on printing or terminal screens,,Sixel,https://en.wikipedia.org/wiki/Sixel,https://www.wikidata.org/wiki/Q7532980,.six; .sixel,file format,file format; ANSI DCS,image/x-sixel
Q857512,Smacker video,file format,.smk,Smacker video,https://en.wikipedia.org/wiki/Smacker_video,https://www.wikidata.org/wiki/Q857512,.smk,file format,file format,video/vnd.radgamettools.smacker
Q7391833,SND,one of a number of digital sound file formats,,Digital sound file formats using the .snd extension,https://en.wikipedia.org/wiki/Digital_sound_file_formats_using_the_.snd_extension,https://www.wikidata.org/wiki/Q7391833,.snd,file format,file format,
Q7391883,SNP file format,file format used by Microsoft Access,.snp; snapshot; SNP; Access Report Snapshot,SNP file format,https://en.wikipedia.org/wiki/SNP_file_format,https://www.wikidata.org/wiki/Q7391883,.snp,file format,file format,application/vnd.ms-access; image/x-snp
Q967056,SoundFont,file format,SF2 File,SoundFont,https://en.wikipedia.org/wiki/SoundFont,https://www.wikidata.org/wiki/Q967056,.sf2,file format,file format,
Q18609754,SPARQL Query Results XML Format,File stores data in XML,SPARQL Results in XML,SPARQL Query Results XML Format,https://en.wikipedia.org/wiki/SPARQL_Query_Results_XML_Format,https://www.wikidata.org/wiki/Q18609754,.srx,file format,file format; XML-based format,application/sparql-results+xml
Q7573795,sparse image,type of disk image file used on macOS that grows in size as the user adds data to the image,sparse disk image; sparse bundle disk image; .sparseimage; .sparsebundle,Sparse image,https://en.wikipedia.org/wiki/Sparse_image,https://www.wikidata.org/wiki/Q7573795,.sparseimage,file format,file format,application/octet-stream
Q2313301,SpreadsheetML,file format and XML schema for Microsoft Office Excel 2003,.xml; XML Spreadsheet,SpreadsheetML,https://en.wikipedia.org/wiki/SpreadsheetML,https://www.wikidata.org/wiki/Q2313301,.xml,file format,file format; XML schema,
Q947746,SREC,file format,.s19; .s28; .s37; .s; .s1; .s2; .s3; .sx; .srec; .mot; Motorola S-REC; S-REC,Motorola S-record,https://en.wikipedia.org/wiki/Motorola_S-record,https://www.wikidata.org/wiki/Q947746,.s; .mot; .s3; .s2; .sx; .s28; .s1; .s19; .srec; .s37,file format,file format,
Q18653981,Standard Delay Format,textual file format for representing the delay and timing information of electronic systems,"SDF; .sdf; .sdo; Standard Delay Format, SDF",Standard Delay Format,https://en.wikipedia.org/wiki/Standard_Delay_Format,https://www.wikidata.org/wiki/Q18653981,.sdo; .sdf,file format,file format,
Q7598235,Standard Flowgram Format,file format for storing and exchanging DNA sequences with base qualities,SFF,Standard flowgram format,https://en.wikipedia.org/wiki/Standard_flowgram_format,https://www.wikidata.org/wiki/Q7598235,.sff,file format,file format,chemical/seq-na-sff
Q1601835,Standard Test Data Format,file format,.stdf; .std; STDF,Standard Test Data Format,https://en.wikipedia.org/wiki/Standard_Test_Data_Format,https://www.wikidata.org/wiki/Q1601835,.std; .stdf,file format,file format,
Q3509055,STEP file,file format,.step; .stp; .p21; Standard for the Exchange of Product model data; STEP CAD interchange format; ISO 10303-21,ISO 10303-21,https://en.wikipedia.org/wiki/ISO_10303-21,https://www.wikidata.org/wiki/Q3509055,.step; .stp; .p21,file format,file format; ISO standard,application/octet-stream
Q7618055,Stockholm format,file format,,Stockholm format,https://en.wikipedia.org/wiki/Stockholm_format,https://www.wikidata.org/wiki/Q7618055,.sto; .stk,file format,file format,text/plain
Q28530510,Structure-data file,"file format for atomic coordinates, chemical bond information, and metadata",.sdf; SDF; MDL SDF format; SDF format; Structures Data File; SDFile; chemical/x-mdl-sdfile,Structure data file,https://en.wikipedia.org/wiki/Structure_data_file,https://www.wikidata.org/wiki/Q28530510,.sdf,file format,file format,chemical/x-mdl-sdfile
Q1535613,Styled Layer Descriptor,file format,,Styled Layer Descriptor,https://en.wikipedia.org/wiki/Styled_Layer_Descriptor,https://www.wikidata.org/wiki/Q1535613,.sld,file format,file format,text/xml
Q3176050,SubStation Alpha,file format,Sub Station Alpha; SSA; .ssa; .ass,SubStation Alpha,https://en.wikipedia.org/wiki/SubStation_Alpha,https://www.wikidata.org/wiki/Q3176050,.ass; .ssa,file format,file format,
Q672985,Sun Microsystems audio file,audio file format,.au; .snd; au; AU; Unix Audio Format,Au file format,https://en.wikipedia.org/wiki/Au_file_format,https://www.wikidata.org/wiki/Q672985,.snd; .au,file format,file format,audio/basic
Q17138473,Sun Raster,file format,Sun Rasterfile; .sun; .ras; .rast; .rs; .sr; .scr; .im1; .im8; .im24; .im32; Sun Raster bitmap,Sun Raster,https://en.wikipedia.org/wiki/Sun_Raster,https://www.wikidata.org/wiki/Q17138473,.rast; .sr; .ras; .rs; .sun; .scr; .im1; .im24; .im8; .im32,file format,file format,image/x-sun-raster
Q7395247,SYBYL line notation,file format,SLN,SYBYL line notation,https://en.wikipedia.org/wiki/SYBYL_line_notation,https://www.wikidata.org/wiki/Q7395247,.sln,file format,file format; line notation,
Q821830,Symbolic Link,file format,SYLK; Microsoft Symbolic Link file,Symbolic Link (SYLK),https://en.wikipedia.org/wiki/Symbolic_Link_(SYLK),https://www.wikidata.org/wiki/Q821830,.slk; .sylk,file format,file format,application/x-sylk
Q2375766,Synchronized Accessible Media Interchange,file format,SAMI; .smi; .sami,SAMI,https://en.wikipedia.org/wiki/SAMI,https://www.wikidata.org/wiki/Q2375766,.sami; .smi,file format,file format,
Q5921560,Synthetic music mobile application format,Audio format from Yamaha,,Synthetic music mobile application format,https://en.wikipedia.org/wiki/Synthetic_music_mobile_application_format,https://www.wikidata.org/wiki/Q5921560,.mmf; .mqf; .m3f,file format,file format,application/vnd.smaf
Q7663642,System Deployment Image,file format,.sdi,System Deployment Image,https://en.wikipedia.org/wiki/System_Deployment_Image,https://www.wikidata.org/wiki/Q7663642,.sdi,file format,file format,
Q2276274,System.map,Symbol table used by the Linux kernel,,System.map,https://en.wikipedia.org/wiki/System.map,https://www.wikidata.org/wiki/Q2276274,.map,file format,computer file; file format,
Q743275,T.38,fax data transmission protocol,Fax over IP; FoIP,T.38,https://en.wikipedia.org/wiki/T.38,https://www.wikidata.org/wiki/Q743275,.t38,file format,communication protocol; file format; ITU-T Recommendation,audio/t38; image/t38
Q7670377,Tagged Image File Format/Electronic Photography,file format,TIFF-EP; ISO 12234-2; TIFF/EP; .tiff; .tif,TIFF/EP,https://en.wikipedia.org/wiki/TIFF/EP,https://www.wikidata.org/wiki/Q7670377,.tiff; .tif,file format,file format; raw image format; ISO standard,image/tiff
Q283579,tar,"computer file format that can combine multiple files into a single file called ""tarball""",tarball; .tar; Tar; tar file; tar archive,Tar (computing),https://en.wikipedia.org/wiki/Tar_(computing),https://www.wikidata.org/wiki/Q283579,.tar,file format,file format; archive file format; file archiver; Wikidata items that need to be split,application/x-tar
Q7695508,Tektronix extended HEX,file format,.tek,Tektronix hex format,https://en.wikipedia.org/wiki/Tektronix_hex_format,https://www.wikidata.org/wiki/Q7695508,.tek,file format,file format,
Q2371344,TeX font metric,font file format used by the TeX typesetting system,.tfm; TFM,TeX font metric,https://en.wikipedia.org/wiki/TeX_font_metric,https://www.wikidata.org/wiki/Q2371344,.tfm,file format,file format,application/x-tex-tfm
Q7708383,textClipping,text file created in Mac OS X,,TextClipping,https://en.wikipedia.org/wiki/TextClipping,https://www.wikidata.org/wiki/Q7708383,.textclipping,file format,file format,
Q372626,Theora,free lossy video compression format,,Theora,https://en.wikipedia.org/wiki/Theora,https://www.wikidata.org/wiki/Q372626,.ogg; .ogv,file format,file format; video compression format,video/theora
Q3256475,Tiny Tafel,file format,,Tiny Tafel,https://en.wikipedia.org/wiki/Tiny_Tafel,https://www.wikidata.org/wiki/Q3256475,.tt,file format,file format,text/plain
Q2451637,torrent file,file format,.torrent; meta-info file,Torrent file,https://en.wikipedia.org/wiki/Torrent_file,https://www.wikidata.org/wiki/Q2451637,.torrent,file format,file format,application/x-bittorrent
Q7671270,TRANS.TBL,file format,,TRANS.TBL,https://en.wikipedia.org/wiki/TRANS.TBL,https://www.wikidata.org/wiki/Q7671270,.tbl,file format,file format,
Q1890189,Translation Memory eXchange,file format,TMX,Translation Memory eXchange,https://en.wikipedia.org/wiki/Translation_Memory_eXchange,https://www.wikidata.org/wiki/Q1890189,.tmx,file format,file format,
Q1601331,Transport Neutral Encapsulation Format,proprietary email attachment format,TNEF; .dat; .tnef; Transport-Neutral Encapsulation Format,Transport Neutral Encapsulation Format,https://en.wikipedia.org/wiki/Transport_Neutral_Encapsulation_Format,https://www.wikidata.org/wiki/Q1601331,.dat; .tnef,file format,file format,application/vnd.ms-tnef
Q16251944,TransXChange,file format for the interchange of bus route and timetable information,,TransXChange,https://en.wikipedia.org/wiki/TransXChange,https://www.wikidata.org/wiki/Q16251944,.xml; .txc,file format,file format; XML-based format,application/xml
Q4051789,Trivial Graph Format,file format for the storage and exchange of graph,TGF,Trivial Graph Format,https://en.wikipedia.org/wiki/Trivial_Graph_Format,https://www.wikidata.org/wiki/Q4051789,.tgf,file format,file format,
Q751800,TrueType Font,file format,.ttf; TTF; .tte; .dfont,TrueType,https://en.wikipedia.org/wiki/TrueType,https://www.wikidata.org/wiki/Q751800,.ttf; .dfont; .tte,file format,file format,font/ttf
Q20087704,TST,file format,.tst,.TST,https://en.wikipedia.org/wiki/.TST,https://www.wikidata.org/wiki/Q20087704,.tst,file format,file format,
Q1970847,two-line element set,astronomy file format,TLE,Two-line element set,https://en.wikipedia.org/wiki/Two-line_element_set,https://www.wikidata.org/wiki/Q1970847,.tle,file format,file format,
Q7884922,Unified Emulator Format,"container format for the compressed storage of audio tapes, ROMs, floppy discs and machine state snapshots for the 8-bit range of computers manufactured by Acorn Computers",UEF,Unified Emulator Format,https://en.wikipedia.org/wiki/Unified_Emulator_Format,https://www.wikidata.org/wiki/Q7884922,.uef,file format,file format,application/octet-stream
Q7886963,Uniqueness Database File,file format,UDF,Uniqueness Database File,https://en.wikipedia.org/wiki/Uniqueness_Database_File,https://www.wikidata.org/wiki/Q7886963,.udf,file format,file format,
Q974182,Universal 3D,3D graphics file format,.u3d,Universal 3D,https://en.wikipedia.org/wiki/Universal_3D,https://www.wikidata.org/wiki/Q974182,.u3d,file format,file format,model/u3d
Q3551300,Universal Subtitle Format,,USF,Universal Subtitle Format,https://en.wikipedia.org/wiki/Universal_Subtitle_Format,https://www.wikidata.org/wiki/Q3551300,.xml,file format,file format,
Q7894090,Universal Terminology eXchange,set of formats for machine translation user dictionaries,UTX,Universal Terminology eXchange,https://en.wikipedia.org/wiki/Universal_Terminology_eXchange,https://www.wikidata.org/wiki/Q7894090,.utx,file format,file format,
Q1570391,Uuencoding,format that encodes binary data as a sequence of printable ASCII characters,Unix uuencode format; Unix-to-Unix encoding,Uuencoding,https://en.wikipedia.org/wiki/Uuencoding,https://www.wikidata.org/wiki/Q1570391,.uue; .uu,file format,file format; binary-to-text encoding,text/x-uuencode
Q7915770,Variant Call Format,text file format for genomic data,VCF,Variant Call Format,https://en.wikipedia.org/wiki/Variant_Call_Format,https://www.wikidata.org/wiki/Q7915770,.vcf,file format,file format,
Q6349766,VCDIFF,file format,.vcdiff,VCDIFF,https://en.wikipedia.org/wiki/VCDIFF,https://www.wikidata.org/wiki/Q6349766,.vcdiff,file format,file format,application/octet-stream
Q2804859,VDA-FS,data format,,VDA-FS,https://en.wikipedia.org/wiki/VDA-FS,https://www.wikidata.org/wiki/Q2804859,.vda; .vdafs,file format,file format,
Q7917813,Vector Product Format,standard for geospatial data,VPF,Vector Product Format,https://en.wikipedia.org/wiki/Vector_Product_Format,https://www.wikidata.org/wiki/Q7917813,.vpf,file format,file format; technical standard,
Q3552930,VGM,file format,,VGM (file format),https://en.wikipedia.org/wiki/VGM_(file_format),https://www.wikidata.org/wiki/Q3552930,.vgm; .vgz,file format,file format,application/octet-stream
Q7564324,VGZ Video,file format,,VGZ Video,https://en.wikipedia.org/wiki/VGZ_Video,https://www.wikidata.org/wiki/Q7564324,.vgz,file format,file format,
Q321259,Video CD,optical home video format,Compact Disc Digital Video,Video CD,https://en.wikipedia.org/wiki/Video_CD,https://www.wikidata.org/wiki/Q321259,.vcd,file format,file format,
Q16965621,Video Image Communication And Retrieval,file format,VICAR; .vic; .vicar; .img; VICAR rasterfile format; VICAR JPL image bitmap,VICAR file format,https://en.wikipedia.org/wiki/VICAR_file_format,https://www.wikidata.org/wiki/Q16965621,.vicar; .vic; .img,file format,file format,image/vicar
Q2658179,Virtual Machine Disk,virtual hard drive format introduced by VMware,VMDK; .vmdk,VMDK,https://en.wikipedia.org/wiki/VMDK,https://www.wikidata.org/wiki/Q2658179,.vmdk,file format,file format; disk image format,application/x-virtualbox-vmdk; application/x-vmdk-disk
Q1936828,WAD,file format for Doom,,WAD,https://en.wikipedia.org/wiki/WAD,https://www.wikidata.org/wiki/Q1936828,.wad,file format,file format,application/octet-stream; application/wad
Q945923,Web application ARchive,file format,WAR; .war,WAR (file format),https://en.wikipedia.org/wiki/WAR_(file_format),https://www.wikidata.org/wiki/Q945923,.war,file format,file format,application/java-archive
Q7978505,Web ARChive,file format that specifies a method for combining multiple digital resources into an aggregate archival file together with related information,WARC file; .warc; WARC,WARC (file format),https://en.wikipedia.org/wiki/WARC_(file_format),https://www.wikidata.org/wiki/Q7978505,.warc; .warc.gz,file format,digital container format; file format; web archive file format,application/warc
Q918221,Web Open Font Format,file format for fonts in web pages,WOFF; .woff,Web Open Font Format,https://en.wikipedia.org/wiki/Web_Open_Font_Format,https://www.wikidata.org/wiki/Q918221,.woff,file format,digital container format; file format; W3C Recommendation,font/woff
Q18413771,"Web Open Font Format, version 2",file format,WOFF2; WOFF 2.0; .woff2,WOFF 2.0,https://en.wikipedia.org/wiki/WOFF_2.0,https://www.wikidata.org/wiki/Q18413771,.woff2,file format,file format; W3C Recommendation,font/woff2
Q1508789,Windows Contacts,file format,,Windows Contacts,https://en.wikipedia.org/wiki/Windows_Contacts,https://www.wikidata.org/wiki/Q1508789,.contact,file format,file format; Microsoft Windows component,text/x-ms-contact
Q1067761,Windows Media Audio 9 Lossless,audio bitstream,.wma,Windows Media Audio 9 Lossless,https://en.wikipedia.org/wiki/Windows_Media_Audio_9_Lossless,https://www.wikidata.org/wiki/Q1067761,.wma,file format,file format,
Q7956490,Windows Recorded TV Show,proprietary video and audiovisual file container format developed by Microsoft,WTV; .wtv; Windows Media Center TV file,Windows Recorded TV Show,https://en.wikipedia.org/wiki/Windows_Recorded_TV_Show,https://www.wikidata.org/wiki/Q7956490,.wtv,file format,file format,application/octet-stream
Q8024450,Windows Script File,file format,.wsf,Windows Script File,https://en.wikipedia.org/wiki/Windows_Script_File,https://www.wikidata.org/wiki/Q8024450,.wsf,file format,file format,text/xml
Q16996920,Windows Setup Information File,file format,INF; .inf; Setup Information file; INF file,INF file,https://en.wikipedia.org/wiki/INF_file,https://www.wikidata.org/wiki/Q16996920,.inf,file format,file format,application/inf; application/x-setupscript; application/x-wine-extension-inf; text/x-inf
Q29000599,Windows Shortcut,file format,LNK; .lnk; Microsoft shortcut; Microsoft Shell Link; Shell Link Binary File Format; MS-SHLLINK,Windows shortcut,https://en.wikipedia.org/wiki/Windows_shortcut,https://www.wikidata.org/wiki/Q29000599,.lnk,file format,binary file; file format,application/x-ms-shortcut
Q930281,Windows thumbnail cache,aspect of the Windows operating system,Thumbs.db,Windows thumbnail cache,https://en.wikipedia.org/wiki/Windows_thumbnail_cache,https://www.wikidata.org/wiki/Q930281,.db,file format,file format,application/vnd.microsoft.windows.thumbnail-cache
Q1144005,WinHelp,proprietary format for online help files that can be displayed by the Microsoft Help browser,.hlp; Windows Help; Microsoft WinHelp,WinHelp,https://en.wikipedia.org/wiki/WinHelp,https://www.wikidata.org/wiki/Q1144005,.hlp,file format,file format,application/winhlp
Q1353763,WMV HD,file format,,WMV HD,https://en.wikipedia.org/wiki/WMV_HD,https://www.wikidata.org/wiki/Q1353763,.wmv,file format,file format,video/x-ms-wmv
Q2303036,"WWF, unprintable PDF",campaign to produce PDF electronic documents that forbid printing,,WWF (file format),https://en.wikipedia.org/wiki/WWF_(file_format),https://www.wikidata.org/wiki/Q2303036,.wwf,file format,file format,
Q4545483,X File Format,file format,.x; Direct-X file format; DirectX file format; Microsoft DirectX X 3D Files; DirectX X 3D Files; DirectX 3D Files,.x,https://en.wikipedia.org/wiki/.x,https://www.wikidata.org/wiki/Q4545483,.x,file format,file format,
Q388046,X-Face,Bitmap image,,X-Face,https://en.wikipedia.org/wiki/X-Face,https://www.wikidata.org/wiki/Q388046,.face; .xface,file format,file format,
Q4053288,XAML Browser Applications,file format,XBAP; .xbap,XAML Browser Applications,https://en.wikipedia.org/wiki/XAML_Browser_Applications,https://www.wikidata.org/wiki/Q4053288,.xbap,file format,file format,application/x-ms-xbap
Q4027920,XAP,file format,Silverlight Application Package,XAP (file format),https://en.wikipedia.org/wiki/XAP_(file_format),https://www.wikidata.org/wiki/Q4027920,.xap,file format,file format,application/x-silverlight-app
Q8043144,Xar,vector graphics file format of Xara and Xara Photo & Graphic Designer,.xar,Xar (graphics),https://en.wikipedia.org/wiki/Xar_(graphics),https://www.wikidata.org/wiki/Q8043144,.xar,file format,file format,application/vnd.xara
Q8043148,Xara Flare,file format,Xara Flare Open Vector File Format; .xar,Xara Flare,https://en.wikipedia.org/wiki/Xara_Flare,https://www.wikidata.org/wiki/Q8043148,.xar,file format,file format,application/vnd.xara
Q8041715,XCOFF,file format,eXtended COFF; .o,XCOFF,https://en.wikipedia.org/wiki/XCOFF,https://www.wikidata.org/wiki/Q8041715,.o,file format,file format,
Q21620033,XDMF,data format for high-performance computing,eXtensible Data Model and Format,XDMF,https://en.wikipedia.org/wiki/XDMF,https://www.wikidata.org/wiki/Q21620033,.xmf; .xdmf,file format,file format; data format,
Q4053293,XDXF,,,XDXF,https://en.wikipedia.org/wiki/XDXF,https://www.wikidata.org/wiki/Q4053293,.xdxf,file format,free software; file format,
Q28401268,XIP,file format,.xip,.XIP,https://en.wikipedia.org/wiki/.XIP,https://www.wikidata.org/wiki/Q28401268,.xip,file format,file format,
Q1810849,XLIFF,computer file format,XML Localization Interchange File Format,XLIFF,https://en.wikipedia.org/wiki/XLIFF,https://www.wikidata.org/wiki/Q1810849,.xlf,file format,file format,application/xliff+xml
Q3008299,xorg.conf,configuration file,xorg.conf file,Xorg.conf,https://en.wikipedia.org/wiki/Xorg.conf,https://www.wikidata.org/wiki/Q3008299,.xorg.conf,file format,file format; configuration file,
Q1250383,XYZ file format,chemical file format,.xyz,XYZ file format,https://en.wikipedia.org/wiki/XYZ_file_format,https://www.wikidata.org/wiki/Q1250383,.xyz,file format,file format,chemical/x-xyz
Q784695,ZIM,open file format that stores Web content for offline usage,.zim,ZIM (file format),https://en.wikipedia.org/wiki/ZIM_(file_format),https://www.wikidata.org/wiki/Q784695,.zim,file format,file format,application/octet-stream; text/plain
Q17149857,zone file,text file that describes a DNS zone,DNS zone file,Zone file,https://en.wikipedia.org/wiki/Zone_file,https://www.wikidata.org/wiki/Q17149857,.zone,file format,file format,text/dns
Q219983,Zoo,data compression program and file format,.zoo,Zoo (file format),https://en.wikipedia.org/wiki/Zoo_(file_format),https://www.wikidata.org/wiki/Q219983,.zoo,file format,file format,application/x-zoo
Q229762,3GP and 3G2,file format families,3GP; 3G2; 3GPP; 3GPP2; .3gp; .3g2,3GP and 3G2,https://en.wikipedia.org/wiki/3GP_and_3G2,https://www.wikidata.org/wiki/Q229762,.3gpp2; .3gpp; .3g2; .3gp,file format family,file format family,
Q270131,7z,family of archive file formats used by 7-Zip,.7z; 7zip; 7-zip archive; 7z format; 7z archive,7z,https://en.wikipedia.org/wiki/7z,https://www.wikidata.org/wiki/Q270131,.7z,file format family,file format family,application/x-7z-compressed
Q300036,Adaptive Transform Acoustic Coding,act adaptive transform coding,ATRAC; .aa3; .at3; .oma,ATRAC,https://en.wikipedia.org/wiki/ATRAC,https://www.wikidata.org/wiki/Q300036,.aa3; .at3,file format family,audio coding format; audio compression; file format family,audio/ATRAC-ADVANCED-LOSSLESS; audio/ATRAC-X; audio/ATRAC3
Q2584726,Adobe Illustrator Artwork,file format family,.ai; AI; Adobe Illustrator graphics,Adobe Illustrator Artwork,https://en.wikipedia.org/wiki/Adobe_Illustrator_Artwork,https://www.wikidata.org/wiki/Q2584726,.ai,file format family,file format family,application/postscript; application/pdf; application/illustrator; application/vnd.adobe.illustrator
Q27578057,Adobe Type 1 Font,file format,PostScript type-1 font,Adobe Type 1,https://en.wikipedia.org/wiki/Adobe_Type_1,https://www.wikidata.org/wiki/Q27578057,.pfa,file format family,file format family,application/x-font-type1
Q290741,ADX,file format family,.adx,ADX (file format),https://en.wikipedia.org/wiki/ADX_(file_format),https://www.wikidata.org/wiki/Q290741,.adx,file format family,codec; file format family,
Q758853,Audio Interchange File Format Family,file format family,AIFF; .aiff; .aifc; .aif; AIFF-C; AIFC; Audio Interchange File Format,Audio Interchange File Format,https://en.wikipedia.org/wiki/Audio_Interchange_File_Format,https://www.wikidata.org/wiki/Q758853,.aif; .aifc; .aiff,file format family,file format family,audio/aiff; audio/x-aiff
Q1053358,AutoCAD Drawing,file format family,.dwg,.dwg,https://en.wikipedia.org/wiki/.dwg,https://www.wikidata.org/wiki/Q1053358,.dwg,file format family,computer-aided design; file format family,application/acad; application/dwg
Q863883,Bink Video,Video middleware created by RAD Game Tools.,Bink Video 2,Bink Video,https://en.wikipedia.org/wiki/Bink_Video,https://www.wikidata.org/wiki/Q863883,.bk2; .bik2; .bik,file format family,middleware; file format family,video/vnd.radgamettools.bink
Q922446,Broadcast Wave Format,file format family based on the Microsoft Wave file format,BWF; BWAVE; .wav; Broadcast WAVE,Broadcast Wave Format,https://en.wikipedia.org/wiki/Broadcast_Wave_Format,https://www.wikidata.org/wiki/Q922446,.wav; .bwf; .wav,file format family,file format family,audio/x-wav
Q507860,comic book archive file format family,file format family,.cb7; .cba; .cbr; .cbt; .cbz; CBZ; CBR; comic archive,Comic book archive,https://en.wikipedia.org/wiki/Comic_book_archive,https://www.wikidata.org/wiki/Q507860,.cbr; .cba; .cbz; .cbt; .cb7,file format family,file format family,application/vnd.comicbook+zip; application/vnd.comicbook-rar
Q1116060,Common Data Format,file format family for multi-dimensional data,CDF,Common Data Format,https://en.wikipedia.org/wiki/Common_Data_Format,https://www.wikidata.org/wiki/Q1116060,.cdf,file format family,file format family,
Q285296,cpio,archive file format,.cpio,Cpio,https://en.wikipedia.org/wiki/Cpio,https://www.wikidata.org/wiki/Q285296,.cpio,file format family,command; file archiver; file format family,application/x-cpio
Q16545707,dBASE Table File Format Family,dBASE database file format family,DBF; .dbf,.dbf,https://en.wikipedia.org/wiki/.dbf,https://www.wikidata.org/wiki/Q16545707,.dbf,file format family,file format family,application/dbase; application/dbf
Q1224796,Digital Negative file format family,"patented, open, lossless raw image format written by Adobe used for digital photography",DNG; .dng,Digital Negative,https://en.wikipedia.org/wiki/Digital_Negative,https://www.wikidata.org/wiki/Q1224796,.dng,file format family,file format family,image/DNG; image/x-adobe-dng; image/x-raw-adobe
Q527723,Digital Picture Exchange file format family,file format family,DPX; SMPTE DPX; Digital Moving-Picture Exchange; .dpx; SMPTE Digital Moving Picture Exhttps://www.wikidata.org/wiki/Q527723#change,Digital Picture Exchange,https://en.wikipedia.org/wiki/Digital_Picture_Exchange,https://www.wikidata.org/wiki/Q527723,.dpx,file format family,file format family,image/dpx
Q1343033,Enhanced Compression Wavelet,file format family,ECW; .ecw,ECW (file format),https://en.wikipedia.org/wiki/ECW_(file_format),https://www.wikidata.org/wiki/Q1343033,.ecw,file format family,file format family,
Q12018160,Geodatabase (Esri),family of proprietary GIS data formats,GeoDB; Geodatabase; *.geodatabase,Geodatabase (Esri),https://en.wikipedia.org/wiki/Geodatabase_(Esri),https://www.wikidata.org/wiki/Q12018160,.geodatabase,file format family,data structure; database model; GIS file format; file format family,
Q576465,GPS Exchange Format,XML based open file format to share GNSS data,.gpx; GPX; GPS eXchange Format,GPS Exchange Format,https://en.wikipedia.org/wiki/GPS_Exchange_Format,https://www.wikidata.org/wiki/Q576465,.gpx,file format family,file format family,application/gpx+xml
Q1661052,Indeo,family of audio and video formats and codecs published by Intel in 1992,Real-Time Video; Indeo Video; Indeo Video Interactive,Indeo,https://en.wikipedia.org/wiki/Indeo,https://www.wikidata.org/wiki/Q1661052,.ivf,file format family,video codec; video compression format; file format family,video/x-indeo; video/x-ivf
Q27441566,LAS file format,file format for the interchange of 3-dimensional point cloud data,LASer file format; ASPRS LIDAR LAS file,LAS file format,https://en.wikipedia.org/wiki/LAS_file_format,https://www.wikidata.org/wiki/Q27441566,.laz; .las,file format family,open file format; file format family,application/vnd.las
Q1882400,MacBinary file format family,group of related file formats,.bin,MacBinary,https://en.wikipedia.org/wiki/MacBinary,https://www.wikidata.org/wiki/Q1882400,.bin,file format family,file format family,application/macbinary; application/x-macbinary
Q6787857,Matrix Market exchange formats,family of matrix data file formats,Matrix Market,Matrix Market exchange formats,https://en.wikipedia.org/wiki/Matrix_Market_exchange_formats,https://www.wikidata.org/wiki/Q6787857,.mtx,file format family,file format family,
Q1727359,Microsoft Office XML formats,file format family introduced at Microsoft Office XP and Microsoft Office 2003,.xml; .vdx; .vsx; .vtx; WordProcessingML; DataDiagramingML; SpreadsheetML; .xsn,Microsoft Office XML formats,https://en.wikipedia.org/wiki/Microsoft_Office_XML_formats,https://www.wikidata.org/wiki/Q1727359,.xml; .pptx; .docx; .vdx; .vsx; .vtx; .xlsx,file format family,file format family,
Q7121072,Microsoft Publisher file format family,file format family,.pub; Publisher; Publisher file,PUB (file type),https://en.wikipedia.org/wiki/PUB_(file_type),https://www.wikidata.org/wiki/Q7121072,.pub,file format family,file format family,application/x-mspublisher; application/vnd.ms-publisher
Q6716987,MODCA,file format family,MO:DCA,MODCA,https://en.wikipedia.org/wiki/MODCA,https://www.wikidata.org/wiki/Q6716987,.mca; .mda; .ica; .mmr,file format family,file format family,
Q30602842,MPP,Microsoft Project data file format family,Microsoft Project file format family,MPP (file format),https://en.wikipedia.org/wiki/MPP_(file_format),https://www.wikidata.org/wiki/Q30602842,.mpp,file format family,file format family,
Q17154458,Netpbm formats,family of image data formats,Portable anymap; .pnm; PNM,Netpbm format,https://en.wikipedia.org/wiki/Netpbm_format,https://www.wikidata.org/wiki/Q17154458,.ph,file format family,file format family,image/x-portable-anymap
Q14902318,object file,file containing relocatable format machine code,,Object file,https://en.wikipedia.org/wiki/Object_file,https://www.wikidata.org/wiki/Q14902318,.o; .obj,file format family,file format family,application/x-object
Q1459344,Open Media Framework Interchange,file format,OMFI; Open Media Framework; OMF,Open Media Framework Interchange,https://en.wikipedia.org/wiki/Open_Media_Framework_Interchange,https://www.wikidata.org/wiki/Q1459344,.omf,file format family,file format family,
Q25098907,PC Screen Font,file format,PSF; .psf; .psfu,PC Screen Font,https://en.wikipedia.org/wiki/PC_Screen_Font,https://www.wikidata.org/wiki/Q25098907,.psfu; .psf,file format family,file format family; font file format,application/x-font-linux-psf
Q243303,RAR,file format family,.rar; Roshal Archive; RAR format; RAR file format; RAR (Roshal Archive),RAR (file format),https://en.wikipedia.org/wiki/RAR_(file_format),https://www.wikidata.org/wiki/Q243303,.rar; .rev; .r01; .r00,file format family,file format family,application/vnd.rar
Q3415066,Raw audio,file format family,.pcm; .raw; .bin; RAW,Raw audio format,https://en.wikipedia.org/wiki/Raw_audio_format,https://www.wikidata.org/wiki/Q3415066,.pcm; .raw; .bin,file format family,file format family,
Q215106,TIFF,series of image file formats,TIF; Tag Image File Format; Tagged Image File Format,TIFF,https://en.wikipedia.org/wiki/TIFF,https://www.wikidata.org/wiki/Q215106,.tiff; .tif,file format family,file format family,image/tiff
Q1063976,Truevision TGA,file format,Targa; .tga; TGA; Truevision Advanced Raster Graphics Adapter; Truevision Graphics Adapter; .icb; .vda; .vst; TrueVision Targa format; TrueVision Targa,Truevision TGA,https://en.wikipedia.org/wiki/Truevision_TGA,https://www.wikidata.org/wiki/Q1063976,.vda; .vst; .icb; .tpic; .tga,file format family,file format family; raster-graphics file format,image/x-tga; image/x-targa
Q16829782,Universal Windows Platform app,file format for applications built upon the Universal Windows Platform and used across compatible Microsoft Windows systems,Metro-style apps; Universal Windows Platform apps; UWP app; Metro-style app; Windows Store app; Windows Store apps; Windows Runtime app; WinRT app; APPX,Universal Windows Platform apps,https://en.wikipedia.org/wiki/Universal_Windows_Platform_apps,https://www.wikidata.org/wiki/Q16829782,.appx; .appxbundle,file format family,file format family,
Q18812775,VTK file format family,file format family,Visualization Toolkit 3D formats,VTK (File format),https://en.wikipedia.org/wiki/VTK_(File_format),https://www.wikidata.org/wiki/Q18812775,.vtk,file format family,open file format; file format family,
Q192869,Windows Bitmap,windows Bitmap image file format family,Device-Independent Bitmap; DIB; Windows bitmap; Bitmap; bitmap; .bmp; BMP format; BMP; Bmp; Microsoft Windows Device Independent Bitmap; BMP file format; BMP image; Windows BMP,BMP file format,https://en.wikipedia.org/wiki/BMP_file_format,https://www.wikidata.org/wiki/Q192869,.dib; .bmp; .rle,file format family,file format family,image/bmp
Q3054349,Windows Enhanced Metafile,file format,Enhanced Metafile; .emf; .emz; EMF; Enhanced Metafile Format,Windows Enhanced Metafile,https://en.wikipedia.org/wiki/Windows_Enhanced_Metafile,https://www.wikidata.org/wiki/Q3054349,.emz; .emf,file format family,file format family,image/emf
Q280761,Windows Media Video File Format Family,file format family,.wmv; WMV,Windows Media Video,https://en.wikipedia.org/wiki/Windows_Media_Video,https://www.wikidata.org/wiki/Q280761,.wmv,file format family,file format family,video/x-ms-wmv
Q123053078,Windows Registry Data file format family,file format family,,.reg,https://en.wikipedia.org/wiki/.reg,https://www.wikidata.org/wiki/Q123053078,.reg,file format family,file format family,text/x-ms-regedit; text/x-windows-registry
Q130377195,Zarr,Storage format for multidimensional arrays,Zarr file format; Zarr storage format; Zarr data format,Zarr (data format),https://en.wikipedia.org/wiki/Zarr_(data_format),https://www.wikidata.org/wiki/Q130377195,.zarr,file format family,data format; file format family,application/vnd.zarr
Q136218,ZIP,type of archive file format,.ZIP; .zip; .ZIPX; .zipx; zip,ZIP (file format),https://en.wikipedia.org/wiki/ZIP_(file_format),https://www.wikidata.org/wiki/Q136218,.zip,file format family,file format family,application/zip
Q1569639,Interchange File Format,container file format introduced by Electronic Arts and Commodore,IFF; EA IFF 85; .iff,Interchange File Format,https://en.wikipedia.org/wiki/Interchange_File_Format,https://www.wikidata.org/wiki/Q1569639,.iff,file format; file format family,file format; file format family,application/x-iff
Q1543319,Graph Modelling Language,markup language,GML,Graph Modelling Language,https://en.wikipedia.org/wiki/Graph_Modelling_Language,https://www.wikidata.org/wiki/Q1543319,.gml,file format; markup language,markup language; file format,
