pygments_name,pygments_aliases,pygments_filenames,pygments_module
ActionScript3Lexer,actionscript3;as3,*.as,pygments.lexers.actionscript
AdlLexer,adl,*.adl;*.adls;*.adlf;*.adlx,pygments.lexers.archetype
AMDGPULexer,amdgpu,*.isa,pygments.lexers.amdgpu
Angular2HtmlLexer,html+ng2,*.ng2,pygments.lexers.templates
Angular2Lexer,ng2,,pygments.lexers.templates
AntlrActionScriptLexer,antlr-actionscript;antlr-as,*.G;*.g,pygments.lexers.parsers
AntlrCppLexer,antlr-cpp,*.G;*.g,pygments.lexers.parsers
AntlrCSharpLexer,antlr-csharp;antlr-c#,*.G;*.g,pygments.lexers.parsers
AntlrJavaLexer,antlr-java,*.G;*.g,pygments.lexers.parsers
AntlrObjectiveCLexer,antlr-objc,*.G;*.g,pygments.lexers.parsers
AntlrPerlLexer,antlr-perl,*.G;*.g,pygments.lexers.parsers
AntlrPythonLexer,antlr-python,*.G;*.g,pygments.lexers.parsers
AntlrRubyLexer,antlr-ruby;antlr-rb,*.G;*.g,pygments.lexers.parsers
apdlexer,ansys;apdl,*.ans,pygments.lexers.apdlexer
BareLexer,bare,*.bare,pygments.lexers.bare
BaseMakefileLexer,basemake,,pygments.lexers.make
BBCBasicLexer,bbcbasic,*.bbc,pygments.lexers.basic
BddLexer,bdd,*.feature,pygments.lexers.bdd
BlueprintLexer,blueprint,*.blp,pygments.lexers.blueprint
BugsLexer,bugs;winbugs;openbugs,*.bug,pygments.lexers.modeling
Ca65Lexer,ca65,*.s,pygments.lexers.asm
CadlLexer,cadl,*.cadl,pygments.lexers.archetype
CAmkESLexer,camkes;idl4,*.camkes;*.idl4,pygments.lexers.esoteric
CapDLLexer,capdl,*.cdl,pygments.lexers.esoteric
CbmBasicV2Lexer,cbmbas,*.bas,pygments.lexers.basic
CddlLexer,cddl,*.cddl,pygments.lexers.cddl
Cfengine3Lexer,cfengine3;cf3,*.cf,pygments.lexers.configs
CharmciLexer,charmci,*.ci,pygments.lexers.c_like
CheetahHtmlLexer,html+cheetah;html+spitfire;htmlcheetah,,pygments.lexers.templates
CheetahJavascriptLexer,javascript+cheetah;js+cheetah;javascript+spitfire;js+spitfire,,pygments.lexers.templates
CheetahXmlLexer,xml+cheetah;xml+spitfire,,pygments.lexers.templates
CobolFreeformatLexer,cobolfree,*.cbl;*.CBL,pygments.lexers.business
ColdfusionLexer,cfs,,pygments.lexers.templates
CplintLexer,cplint,*.ecl;*.prolog;*.pro;*.pl;*.P;*.lpad;*.cpl,pygments.lexers.cplint
CPSALexer,cpsa,*.cpsa,pygments.lexers.lisp
CSharpAspxLexer,aspx-cs,*.aspx;*.asax;*.ascx;*.ashx;*.asmx;*.axd,pygments.lexers.dotnet
CssDjangoLexer,css+django;css+jinja,*.css.j2;*.css.jinja2,pygments.lexers.templates
CssErbLexer,css+ruby;css+erb,,pygments.lexers.templates
CssGenshiLexer,css+genshitext;css+genshi,,pygments.lexers.templates
CssPhpLexer,css+php,,pygments.lexers.templates
CssSmartyLexer,css+smarty,,pygments.lexers.templates
CSSUL4Lexer,css+ul4,*.cssul4,pygments.lexers.ul4
Dasm16Lexer,dasm16,*.dasm16;*.dasm,pygments.lexers.asm
DebianControlLexer,debcontrol;control,control,pygments.lexers.installers
DebianSourcesLexer,debian.sources,*.sources,pygments.lexers.installers
DylanConsoleLexer,dylan-console;dylan-repl,*.dylan-console,pygments.lexers.dylan
DylanLidLexer,dylan-lid;lid,*.lid;*.hdp,pygments.lexers.dylan
ElixirConsoleLexer,iex,,pygments.lexers.erlang
ErlangShellLexer,erl,*.erl-sh,pygments.lexers.erlang
EvoqueHtmlLexer,html+evoque,,pygments.lexers.templates
EvoqueLexer,evoque,*.evoque,pygments.lexers.templates
EvoqueXmlLexer,xml+evoque,,pygments.lexers.templates
FiftLexer,fift;fif,*.fif,pygments.lexers.fift
FortranFixedLexer,fortranfixed,*.f;*.F,pygments.lexers.fortran
GAPConsoleLexer,gap-console;gap-repl,*.tst,pygments.lexers.algebra
GenshiTextLexer,genshitext,,pygments.lexers.templates
GoodDataCLLexer,gooddata-cl,*.gdc,pygments.lexers.business
GoogleSqlLexer,googlesql;zetasql,*.googlesql;*.googlesql.sql,pygments.lexers.sql
GosuTemplateLexer,gst,*.gst,pygments.lexers.jvm
HandlebarsHtmlLexer,html+handlebars,*.handlebars;*.hbs,pygments.lexers.templates
HsailLexer,hsail;hsa,*.hsail,pygments.lexers.asm
HtmlDjangoLexer,html+django;html+jinja;htmldjango,*.html.j2;*.htm.j2;*.xhtml.j2;*.html.jinja2;*.htm.jinja2;*.xhtml.jinja2,pygments.lexers.templates
HtmlGenshiLexer,html+genshi;html+kid,,pygments.lexers.templates
HtmlSmartyLexer,html+smarty,,pygments.lexers.templates
HTMLUL4Lexer,html+ul4,*.htmlul4,pygments.lexers.ul4
HybrisLexer,hybris,*.hyb,pygments.lexers.scripting
Inform6Lexer,inform6;i6,*.inf,pygments.lexers.int_fiction
Inform6TemplateLexer,i6t,*.i6t,pygments.lexers.int_fiction
JagsLexer,jags,*.jag;*.bug,pygments.lexers.modeling
JavascriptDjangoLexer,javascript+django;js+django;javascript+jinja;js+jinja,*.js.j2;*.js.jinja2,pygments.lexers.templates
JavascriptGenshiLexer,js+genshitext;js+genshi;javascript+genshitext;javascript+genshi,,pygments.lexers.templates
JavascriptPhpLexer,javascript+php;js+php,,pygments.lexers.templates
JavascriptSmartyLexer,javascript+smarty;js+smarty,,pygments.lexers.templates
JavascriptUL4Lexer,js+ul4,*.jsul4,pygments.lexers.ul4
JsonBareObjectLexer,,,pygments.lexers.data
JuliaConsoleLexer,jlcon;julia-repl,,pygments.lexers.julia
KconfigLexer,kconfig;menuconfig;linux-config;kernel-config,Kconfig*;*Config.in*;external.in*;standard-modules.in,pygments.lexers.configs
KernelLogLexer,kmsg;dmesg,*.kmsg;*.dmesg,pygments.lexers.textfmts
LassoCssLexer,css+lasso,,pygments.lexers.templates
LassoHtmlLexer,html+lasso,,pygments.lexers.templates
LassoJavascriptLexer,javascript+lasso;js+lasso,,pygments.lexers.templates
LassoXmlLexer,xml+lasso,,pygments.lexers.templates
LdaprcLexer,ldapconf;ldaprc,.ldaprc;ldaprc;ldap.conf,pygments.lexers.ldap
LdifLexer,ldif,*.ldif,pygments.lexers.ldap
LighttpdConfLexer,lighttpd;lighty,lighttpd.conf,pygments.lexers.configs
LiterateCryptolLexer,literate-cryptol;lcryptol;lcry,*.lcry,pygments.lexers.haskell
LiterateIdrisLexer,literate-idris;lidris;lidr,*.lidr,pygments.lexers.haskell
LlvmMirBodyLexer,llvm-mir-body,,pygments.lexers.asm
LlvmMirLexer,llvm-mir,*.mir,pygments.lexers.asm
MakoCssLexer,css+mako,,pygments.lexers.templates
MakoHtmlLexer,html+mako,,pygments.lexers.templates
MakoJavascriptLexer,javascript+mako;js+mako,,pygments.lexers.templates
MakoXmlLexer,xml+mako,,pygments.lexers.templates
MaqlLexer,maql,*.maql,pygments.lexers.business
MatlabSessionLexer,matlabsession,,pygments.lexers.matlab
MCSchemaLexer,mcschema,*.mcschema,pygments.lexers.minecraft
MoinWikiLexer,trac-wiki;moin,,pygments.lexers.markup
MoselLexer,mosel,*.mos,pygments.lexers.mosel
MozPreprocCssLexer,css+mozpreproc,*.css.in,pygments.lexers.markup
MozPreprocHashLexer,mozhashpreproc,,pygments.lexers.markup
MozPreprocJavascriptLexer,javascript+mozpreproc,*.js.in,pygments.lexers.markup
MozPreprocPercentLexer,mozpercentpreproc,,pygments.lexers.markup
MozPreprocXulLexer,xul+mozpreproc,*.xul.in,pygments.lexers.markup
MSDOSSessionLexer,doscon,,pygments.lexers.shell
MyghtyCssLexer,css+myghty,,pygments.lexers.templates
MyghtyHtmlLexer,html+myghty,,pygments.lexers.templates
MyghtyJavascriptLexer,javascript+myghty;js+myghty,,pygments.lexers.templates
MyghtyXmlLexer,xml+myghty,,pygments.lexers.templates
NasmObjdumpLexer,objdump-nasm,*.objdump-intel,pygments.lexers.asm
NodeConsoleLexer,nodejsrepl,,pygments.lexers.javascript
NotmuchLexer,notmuch,,pygments.lexers.textfmts
NumbaIRLexer,numba_ir;numbair,*.numba_ir,pygments.lexers.numbair
NuSMVLexer,nusmv,*.smv,pygments.lexers.smv
OutputLexer,output,,pygments.lexers.special
PhixLexer,phix,*.exw,pygments.lexers.phix
PostgresConsoleLexer,psql;postgresql-console;postgres-console,,pygments.lexers.sql
PostgresExplainLexer,postgres-explain,*.explain,pygments.lexers.sql
PowerShellSessionLexer,pwsh-session;ps1con,,pygments.lexers.shell
PsyshConsoleLexer,psysh,,pygments.lexers.php
PyPyLogLexer,pypylog;pypy,*.pypylog,pygments.lexers.console
Python2Lexer,python2;py2,,pygments.lexers.python
Python2TracebackLexer,py2tb,*.py2tb,pygments.lexers.python
PythonUL4Lexer,py+ul4,*.pyul4,pygments.lexers.ul4
QlikLexer,qlik;qlikview;qliksense;qlikscript,*.qvs;*.qvw,pygments.lexers.qlik
QVToLexer,qvto;qvt,*.qvto,pygments.lexers.qvt
RagelCLexer,ragel-c,*.rl,pygments.lexers.parsers
RagelCppLexer,ragel-cpp,*.rl,pygments.lexers.parsers
RagelDLexer,ragel-d,*.rl,pygments.lexers.parsers
RagelEmbeddedLexer,ragel-em,*.rl,pygments.lexers.parsers
RagelJavaLexer,ragel-java,*.rl,pygments.lexers.parsers
RagelObjectiveCLexer,ragel-objc,*.rl,pygments.lexers.parsers
RagelRubyLexer,ragel-ruby;ragel-rb,*.rl,pygments.lexers.parsers
RawTokenLexer,,,pygments.lexers.special
RConsoleLexer,rconsole;rout,*.Rout,pygments.lexers.r
RdLexer,rd,*.Rd,pygments.lexers.r
RideLexer,ride,*.ride,pygments.lexers.ride
RNCCompactLexer,rng-compact;rnc,*.rnc,pygments.lexers.rnc
RoboconfGraphLexer,roboconf-graph,*.graph,pygments.lexers.roboconf
RoboconfInstancesLexer,roboconf-instances,*.instances,pygments.lexers.roboconf
RtsLexer,trafficscript;rts,*.rts,pygments.lexers.trafficscript
RubyConsoleLexer,rbcon;irb,,pygments.lexers.ruby
ScdocLexer,scdoc;scd,*.scd;*.scdoc,pygments.lexers.scdoc
SilverLexer,silver,*.sil;*.vpr,pygments.lexers.verification
SlurmBashLexer,slurm;sbatch,*.sl,pygments.lexers.shell
SmartGameFormatLexer,sgf,*.sgf,pygments.lexers.sgf
SnowballLexer,snowball,*.sbl,pygments.lexers.dsls
SourcePawnLexer,sp,*.sp,pygments.lexers.pawn
SourcesListLexer,debsources;sourceslist;sources.list,sources.list,pygments.lexers.installers
SqliteConsoleLexer,sqlite3,*.sqlite3-console,pygments.lexers.sql
SqlJinjaLexer,sql+jinja,*.sql;*.sql.j2;*.sql.jinja2,pygments.lexers.templates
SrcinfoLexer,srcinfo,.SRCINFO,pygments.lexers.srcinfo
SspLexer,ssp,*.ssp,pygments.lexers.templates
SystemdLexer,systemd,*.service;*.socket;*.device;*.mount;*.automount;*.swap;*.target;*.path;*.timer;*.slice;*.scope,pygments.lexers.configs
TableGenLexer,tablegen;td,*.td,pygments.lexers.tablegen
Tads3Lexer,tads3,*.t,pygments.lexers.int_fiction
TcshSessionLexer,tcshcon,,pygments.lexers.shell
TeraTermLexer,teratermmacro;teraterm;ttl,*.ttl,pygments.lexers.teraterm
TermcapLexer,termcap,termcap;termcap.src,pygments.lexers.configs
TerminfoLexer,terminfo,terminfo;terminfo.src,pygments.lexers.configs
TiddlyWiki5Lexer,tid,*.tid,pygments.lexers.markup
TlbLexer,tlb,*.tlb,pygments.lexers.tlb
TNTLexer,tnt,*.tnt,pygments.lexers.tnt
TreetopLexer,treetop,*.treetop;*.tt,pygments.lexers.parsers
TwigHtmlLexer,html+twig,*.twig,pygments.lexers.templates
TypoScriptCssDataLexer,typoscriptcssdata,,pygments.lexers.typoscript
TypoScriptHtmlDataLexer,typoscripthtmldata,,pygments.lexers.typoscript
UcodeLexer,ucode,*.u;*.u1;*.u2,pygments.lexers.unicon
UL4Lexer,ul4,*.ul4,pygments.lexers.ul4
UnixConfigLexer,unixconfig;linuxconfig,,pygments.lexers.configs
UrlEncodedLexer,urlencoded,,pygments.lexers.html
VCLSnippetLexer,vclsnippets;vclsnippet,,pygments.lexers.varnish
VCTreeStatusLexer,vctreestatus,,pygments.lexers.console
VelocityHtmlLexer,html+velocity,,pygments.lexers.templates
VelocityXmlLexer,xml+velocity,,pygments.lexers.templates
VGLLexer,vgl,*.rpf,pygments.lexers.dsls
VisualPrologGrammarLexer,visualprologgrammar,*.vipgrm,pygments.lexers.vip
WDiffLexer,wdiff,*.wdiff,pygments.lexers.diff
XmlDjangoLexer,xml+django;xml+jinja,*.xml.j2;*.xml.jinja2,pygments.lexers.templates
XmlErbLexer,xml+ruby;xml+erb,,pygments.lexers.templates
XmlPhpLexer,xml+php,,pygments.lexers.templates
XmlSmartyLexer,xml+smarty,,pygments.lexers.templates
XMLUL4Lexer,xml+ul4,*.xmlul4,pygments.lexers.ul4
XorgLexer,xorg.conf,xorg.conf,pygments.lexers.xorg
