rosettacode_name,rosettacode_url,rosettacode_summary,rosettacode_tasks_count
.QL,https://rosettacode.org/wiki/.QL,,0
0815,https://rosettacode.org/wiki/0815,,16
11l,https://rosettacode.org/wiki/11l,,1016
1C,https://rosettacode.org/wiki/1C,,2
360 Assembly,https://rosettacode.org/wiki/360_Assembly,,220
4D,https://rosettacode.org/wiki/4D,,5
4DOS Batch,https://rosettacode.org/wiki/4DOS_Batch,,6
4ME,https://rosettacode.org/wiki/4ME,,6
6502 Assembly,https://rosettacode.org/wiki/6502_Assembly,,129
6800 Assembly,https://rosettacode.org/wiki/6800_Assembly,,4
68000 Assembly,https://rosettacode.org/wiki/68000_Assembly,,108
8 1/2,https://rosettacode.org/wiki/8_1/2,,0
80386 Assembly,https://rosettacode.org/wiki/80386_Assembly,,1
8051 Assembly,https://rosettacode.org/wiki/8051_Assembly,,9
8080 Assembly,https://rosettacode.org/wiki/8080_Assembly,,122
8086 Assembly,https://rosettacode.org/wiki/8086_Assembly,,124
8th,https://rosettacode.org/wiki/8th,,91
A+,https://rosettacode.org/wiki/A%2B,,0
AArch64 Assembly,https://rosettacode.org/wiki/AArch64_Assembly,,246
ABAP,https://rosettacode.org/wiki/ABAP,,70
ABC,https://rosettacode.org/wiki/ABC,,55
ACL2,https://rosettacode.org/wiki/ACL2,,96
Acornsoft Lisp,https://rosettacode.org/wiki/Acornsoft_Lisp,,17
Action!,https://rosettacode.org/wiki/Action%21,,540
ActionScript,https://rosettacode.org/wiki/ActionScript,,118
Acurity Architect,https://rosettacode.org/wiki/Acurity_Architect,,3
Ada,https://rosettacode.org/wiki/Ada,,1085
Adina,https://rosettacode.org/wiki/Adina,,5
Agda,https://rosettacode.org/wiki/Agda,,17
Agda2,https://rosettacode.org/wiki/Agda2,,0
Agena,https://rosettacode.org/wiki/Agena,,147
AHDL,https://rosettacode.org/wiki/AHDL,,0
AIDED NATURAL LANGUAGE,https://rosettacode.org/wiki/AIDED_NATURAL_LANGUAGE,,0
Aikido,https://rosettacode.org/wiki/Aikido,,38
Aime,https://rosettacode.org/wiki/Aime,,166
Algae,https://rosettacode.org/wiki/Algae,,2
ALGOL,https://rosettacode.org/wiki/ALGOL,,0
ALGOL 60,https://rosettacode.org/wiki/ALGOL_60,,92
ALGOL 68,https://rosettacode.org/wiki/ALGOL_68,,1133
ALGOL W,https://rosettacode.org/wiki/ALGOL_W,,354
ALGOL-M,https://rosettacode.org/wiki/ALGOL-M,,59
Alice ML,https://rosettacode.org/wiki/Alice_ML,,0
Alore,https://rosettacode.org/wiki/Alore,,6
Amazing Hopper,https://rosettacode.org/wiki/Amazing_Hopper,,127
AmbientTalk,https://rosettacode.org/wiki/AmbientTalk,,4
AmigaBASIC,https://rosettacode.org/wiki/AmigaBASIC,,17
AmigaE,https://rosettacode.org/wiki/AmigaE,,32
AMPL,https://rosettacode.org/wiki/AMPL,,1
AngelScript,https://rosettacode.org/wiki/AngelScript,,2
ANSI BASIC,https://rosettacode.org/wiki/ANSI_BASIC,,86
ANT,https://rosettacode.org/wiki/ANT,"See:

Category:ANT
Category:Apache Ant",0
ANTLR,https://rosettacode.org/wiki/ANTLR,,6
Anyways,https://rosettacode.org/wiki/Anyways,,1
Apex,https://rosettacode.org/wiki/Apex,,38
APL,https://rosettacode.org/wiki/APL,,332
App Inventor,https://rosettacode.org/wiki/App_Inventor,,10
Apple,https://rosettacode.org/wiki/Apple,,8
AppleScript,https://rosettacode.org/wiki/AppleScript,,509
Applesoft BASIC,https://rosettacode.org/wiki/Applesoft_BASIC,,349
Application Master,https://rosettacode.org/wiki/Application_Master,,0
Apricot,https://rosettacode.org/wiki/Apricot,,1
Aquarius BASIC,https://rosettacode.org/wiki/Aquarius_BASIC,,8
Arbre,https://rosettacode.org/wiki/Arbre,,4
Arc,https://rosettacode.org/wiki/Arc,,15
Arendelle,https://rosettacode.org/wiki/Arendelle,,11
Argile,https://rosettacode.org/wiki/Argile,,18
Aria,https://rosettacode.org/wiki/Aria,,2
ARM Assembly,https://rosettacode.org/wiki/ARM_Assembly,,282
ArnoldC,https://rosettacode.org/wiki/ArnoldC,,12
Arturo,https://rosettacode.org/wiki/Arturo,,812
AsciiDots,https://rosettacode.org/wiki/AsciiDots,,12
ASIC,https://rosettacode.org/wiki/ASIC,,30
ASP,https://rosettacode.org/wiki/ASP,,1
ASP.Net,https://rosettacode.org/wiki/ASP.Net,,0
AspectC++,https://rosettacode.org/wiki/AspectC%2B%2B,,0
AspectJ,https://rosettacode.org/wiki/AspectJ,,1
Assembly,https://rosettacode.org/wiki/Assembly,,3
AssemblyScript,https://rosettacode.org/wiki/AssemblyScript,,0
Astro,https://rosettacode.org/wiki/Astro,,23
Asymptote,https://rosettacode.org/wiki/Asymptote,,67
Atari BASIC,https://rosettacode.org/wiki/Atari_BASIC,,22
ATS,https://rosettacode.org/wiki/ATS,,143
AutoHotkey,https://rosettacode.org/wiki/AutoHotkey,,824
Autohotkey V2,https://rosettacode.org/wiki/Autohotkey_V2,,0
AutoHotKey V2,https://rosettacode.org/wiki/AutoHotKey_V2,,1
AutoIt,https://rosettacode.org/wiki/AutoIt,,94
AutoLISP,https://rosettacode.org/wiki/AutoLISP,,10
Avail,https://rosettacode.org/wiki/Avail,,27
AWK,https://rosettacode.org/wiki/AWK,,740
Axe,https://rosettacode.org/wiki/Axe,,91
Axiom,https://rosettacode.org/wiki/Axiom,,14
Axum,https://rosettacode.org/wiki/Axum,,0
Ayrch,https://rosettacode.org/wiki/Ayrch,,0
B,https://rosettacode.org/wiki/B,,5
B4J,https://rosettacode.org/wiki/B4J,,1
B4X,https://rosettacode.org/wiki/B4X,,4
Babel,https://rosettacode.org/wiki/Babel,,37
BabyCobol,https://rosettacode.org/wiki/BabyCobol,,6
BaCon,https://rosettacode.org/wiki/BaCon,,187
Bait,https://rosettacode.org/wiki/Bait,,9
Ballerina,https://rosettacode.org/wiki/Ballerina,,107
Bas,https://rosettacode.org/wiki/Bas,,1
BASIC,https://rosettacode.org/wiki/BASIC,,739
Basic09,https://rosettacode.org/wiki/Basic09,,3
BASIC256,https://rosettacode.org/wiki/BASIC256,,511
Batari Basic,https://rosettacode.org/wiki/Batari_Basic,,1
Batch File,https://rosettacode.org/wiki/Batch_File,,250
Battlestar,https://rosettacode.org/wiki/Battlestar,,3
BBC BASIC,https://rosettacode.org/wiki/BBC_BASIC,,591
Bc,https://rosettacode.org/wiki/Bc,,116
BCPL,https://rosettacode.org/wiki/BCPL,,179
Beads,https://rosettacode.org/wiki/Beads,,17
Beef,https://rosettacode.org/wiki/Beef,,12
Beeswax,https://rosettacode.org/wiki/Beeswax,,20
Befunge,https://rosettacode.org/wiki/Befunge,,169
Berkeley Logo,https://rosettacode.org/wiki/Berkeley_Logo,,5
Beta,https://rosettacode.org/wiki/Beta,,0
Biferno,https://rosettacode.org/wiki/Biferno,,1
Binary Lambda Calculus,https://rosettacode.org/wiki/Binary_Lambda_Calculus,,60
Bird,https://rosettacode.org/wiki/Bird,,2
Blade,https://rosettacode.org/wiki/Blade,,5
Blast,https://rosettacode.org/wiki/Blast,,4
BLISS,https://rosettacode.org/wiki/BLISS,,0
BlitzMax,https://rosettacode.org/wiki/BlitzMax,,7
BlooP,https://rosettacode.org/wiki/BlooP,,4
Blue,https://rosettacode.org/wiki/Blue,,7
Blz,https://rosettacode.org/wiki/Blz,,10
BML,https://rosettacode.org/wiki/BML,,3
Boo,https://rosettacode.org/wiki/Boo,,6
BootBASIC,https://rosettacode.org/wiki/BootBASIC,,11
Bori,https://rosettacode.org/wiki/Bori,,4
BQN,https://rosettacode.org/wiki/BQN,,310
Brace,https://rosettacode.org/wiki/Brace,,2
Bracmat,https://rosettacode.org/wiki/Bracmat,,306
Brainf***,https://rosettacode.org/wiki/Brainf%2A%2A%2A,,41
Brat,https://rosettacode.org/wiki/Brat,,65
Brlcad,https://rosettacode.org/wiki/Brlcad,,9
Bruijn,https://rosettacode.org/wiki/Bruijn,,38
Burlesque,https://rosettacode.org/wiki/Burlesque,,70
C,https://rosettacode.org/wiki/C,,1341
C sharp,https://rosettacode.org/wiki/C_sharp,,1085
C Shell,https://rosettacode.org/wiki/C_Shell,,31
C++,https://rosettacode.org/wiki/C%2B%2B,,1484
C++/CLI,https://rosettacode.org/wiki/C%2B%2B/CLI,,4
C0H,https://rosettacode.org/wiki/C0H,,0
C1R,https://rosettacode.org/wiki/C1R,,3
C2,https://rosettacode.org/wiki/C2,,1
C3,https://rosettacode.org/wiki/C3,,18
Caché ObjectScript,https://rosettacode.org/wiki/Cach%C3%A9_ObjectScript,,46
CafeOBJ,https://rosettacode.org/wiki/CafeOBJ,,3
Calc,https://rosettacode.org/wiki/Calc,,7
Calcscript,https://rosettacode.org/wiki/Calcscript,,8
Caml,https://rosettacode.org/wiki/Caml,,0
Casio BASIC,https://rosettacode.org/wiki/Casio_BASIC,,3
Cat,https://rosettacode.org/wiki/Cat,,3
CB80,https://rosettacode.org/wiki/CB80,,0
CBASIC,https://rosettacode.org/wiki/CBASIC,,10
Cduce,https://rosettacode.org/wiki/Cduce,,2
Cecil,https://rosettacode.org/wiki/Cecil,,0
Ceylon,https://rosettacode.org/wiki/Ceylon,,94
CFEngine,https://rosettacode.org/wiki/CFEngine,,7
Chapel,https://rosettacode.org/wiki/Chapel,,44
Chef,https://rosettacode.org/wiki/Chef,,15
Cherrycake,https://rosettacode.org/wiki/Cherrycake,,3
Chipmunk Basic,https://rosettacode.org/wiki/Chipmunk_Basic,,230
CHR,https://rosettacode.org/wiki/CHR,,2
ChucK,https://rosettacode.org/wiki/ChucK,,19
Cilk,https://rosettacode.org/wiki/Cilk,,0
Cilk++,https://rosettacode.org/wiki/Cilk%2B%2B,,0
Cind,https://rosettacode.org/wiki/Cind,,4
CJam,https://rosettacode.org/wiki/CJam,,2
Clarion,https://rosettacode.org/wiki/Clarion,,1
Clay,https://rosettacode.org/wiki/Clay,,9
Clean,https://rosettacode.org/wiki/Clean,,23
Clio,https://rosettacode.org/wiki/Clio,,8
Clipper,https://rosettacode.org/wiki/Clipper,,23
Clipper/XBase++,https://rosettacode.org/wiki/Clipper/XBase%2B%2B,,2
CLIPS,https://rosettacode.org/wiki/CLIPS,,9
Clojure,https://rosettacode.org/wiki/Clojure,,648
CLU,https://rosettacode.org/wiki/CLU,,248
CMake,https://rosettacode.org/wiki/CMake,,27
COBOL,https://rosettacode.org/wiki/COBOL,,410
Cobra,https://rosettacode.org/wiki/Cobra,,4
Coco,https://rosettacode.org/wiki/Coco,,11
Coconut,https://rosettacode.org/wiki/Coconut,,1
CoffeeScript,https://rosettacode.org/wiki/CoffeeScript,,219
ColdFusion,https://rosettacode.org/wiki/ColdFusion,,59
Colun,https://rosettacode.org/wiki/Colun,,0
Comal,https://rosettacode.org/wiki/Comal,,36
Comefrom0x10,https://rosettacode.org/wiki/Comefrom0x10,,6
Commodore BASIC,https://rosettacode.org/wiki/Commodore_BASIC,,162
Common Lisp,https://rosettacode.org/wiki/Common_Lisp,,788
Component Pascal,https://rosettacode.org/wiki/Component_Pascal,,73
Computer/zero Assembly,https://rosettacode.org/wiki/Computer/zero_Assembly,,17
ContextFree,https://rosettacode.org/wiki/ContextFree,,3
Convex,https://rosettacode.org/wiki/Convex,,2
Corescript,https://rosettacode.org/wiki/Corescript,,4
Cowgol,https://rosettacode.org/wiki/Cowgol,,182
Crack,https://rosettacode.org/wiki/Crack,,4
Craft Basic,https://rosettacode.org/wiki/Craft_Basic,,72
Creative Basic,https://rosettacode.org/wiki/Creative_Basic,,11
Crystal,https://rosettacode.org/wiki/Crystal,,572
Cubescript,https://rosettacode.org/wiki/Cubescript,,4
Curry,https://rosettacode.org/wiki/Curry,,8
Curto,https://rosettacode.org/wiki/Curto,,3
D,https://rosettacode.org/wiki/D,,998
Dafny,https://rosettacode.org/wiki/Dafny,,4
Dao,https://rosettacode.org/wiki/Dao,,11
Dart,https://rosettacode.org/wiki/Dart,,265
Datalog,https://rosettacode.org/wiki/Datalog,,3
DataWeave,https://rosettacode.org/wiki/DataWeave,,3
DBL,https://rosettacode.org/wiki/DBL,,19
Dc,https://rosettacode.org/wiki/Dc,,91
DCL,https://rosettacode.org/wiki/DCL,,45
DDNC,https://rosettacode.org/wiki/DDNC,,1
Delphi,https://rosettacode.org/wiki/Delphi,,948
Deluge,https://rosettacode.org/wiki/Deluge,,2
DeviousYarn,https://rosettacode.org/wiki/DeviousYarn,,2
DIBOL-11,https://rosettacode.org/wiki/DIBOL-11,,6
Diego,https://rosettacode.org/wiki/Diego,,30
Diesel,https://rosettacode.org/wiki/Diesel,,0
DIV Games Studio,https://rosettacode.org/wiki/DIV_Games_Studio,,1
DM,https://rosettacode.org/wiki/DM,,6
DMS,https://rosettacode.org/wiki/DMS,,2
Dodo0,https://rosettacode.org/wiki/Dodo0,,3
Draco,https://rosettacode.org/wiki/Draco,,143
Dragon,https://rosettacode.org/wiki/Dragon,,20
Dragonstone,https://rosettacode.org/wiki/Dragonstone,,4
DreamBerd,https://rosettacode.org/wiki/DreamBerd,,1
Dt,https://rosettacode.org/wiki/Dt,,11
DuckDB,https://rosettacode.org/wiki/DuckDB,,306
DUP,https://rosettacode.org/wiki/DUP,,6
DWScript,https://rosettacode.org/wiki/DWScript,,100
Dyalect,https://rosettacode.org/wiki/Dyalect,,136
Dylan,https://rosettacode.org/wiki/Dylan,,15
Dylan.NET,https://rosettacode.org/wiki/Dylan.NET,,5
Déjà Vu,https://rosettacode.org/wiki/D%C3%A9j%C3%A0_Vu,,105
E,https://rosettacode.org/wiki/E,,269
EasyLang,https://rosettacode.org/wiki/EasyLang,,1107
EC,https://rosettacode.org/wiki/EC,,7
EchoLisp,https://rosettacode.org/wiki/EchoLisp,,303
ECL,https://rosettacode.org/wiki/ECL,,28
Ecstasy,https://rosettacode.org/wiki/Ecstasy,,64
Ed,https://rosettacode.org/wiki/Ed,,100
EDSAC order code,https://rosettacode.org/wiki/EDSAC_order_code,,70
Eero,https://rosettacode.org/wiki/Eero,,9
Efene,https://rosettacode.org/wiki/Efene,,14
Egel,https://rosettacode.org/wiki/Egel,,12
Egison,https://rosettacode.org/wiki/Egison,,8
EGL,https://rosettacode.org/wiki/EGL,,31
EhBASIC,https://rosettacode.org/wiki/EhBASIC,,0
Eiffel,https://rosettacode.org/wiki/Eiffel,,159
Ela,https://rosettacode.org/wiki/Ela,,66
Elan,https://rosettacode.org/wiki/Elan,,2
ElastiC,https://rosettacode.org/wiki/ElastiC,,1
Elena,https://rosettacode.org/wiki/Elena,,245
Elisa,https://rosettacode.org/wiki/Elisa,,7
Elixir,https://rosettacode.org/wiki/Elixir,,551
ELLA,https://rosettacode.org/wiki/ELLA,,2
Elm,https://rosettacode.org/wiki/Elm,,50
Emacs Lisp,https://rosettacode.org/wiki/Emacs_Lisp,,209
EMal,https://rosettacode.org/wiki/EMal,,120
Emojicode,https://rosettacode.org/wiki/Emojicode,,4
Enguage,https://rosettacode.org/wiki/Enguage,,2
Epigram,https://rosettacode.org/wiki/Epigram,,0
Epoxy,https://rosettacode.org/wiki/Epoxy,,5
Erlang,https://rosettacode.org/wiki/Erlang,,541
ERRE,https://rosettacode.org/wiki/ERRE,,184
Es,https://rosettacode.org/wiki/Es,,8
ESQL,https://rosettacode.org/wiki/ESQL,,1
Euler,https://rosettacode.org/wiki/Euler,,19
Euphoria,https://rosettacode.org/wiki/Euphoria,,235
Evaldraw,https://rosettacode.org/wiki/Evaldraw,,16
Excel,https://rosettacode.org/wiki/Excel,,85
Explore,https://rosettacode.org/wiki/Explore,,3
Extended BrainF***,https://rosettacode.org/wiki/Extended_BrainF%2A%2A%2A,,2
Extended Color BASIC,https://rosettacode.org/wiki/Extended_Color_BASIC,,6
Ezhil,https://rosettacode.org/wiki/Ezhil,,13
F,https://rosettacode.org/wiki/F,,2
F Sharp,https://rosettacode.org/wiki/F_Sharp,,898
Factor,https://rosettacode.org/wiki/Factor,,1004
Falcon,https://rosettacode.org/wiki/Falcon,,35
FALSE,https://rosettacode.org/wiki/FALSE,,58
Fan,https://rosettacode.org/wiki/Fan,,5
Fancy,https://rosettacode.org/wiki/Fancy,,15
Fantom,https://rosettacode.org/wiki/Fantom,,150
FAUST,https://rosettacode.org/wiki/FAUST,,0
FBSL,https://rosettacode.org/wiki/FBSL,,56
Fe,https://rosettacode.org/wiki/Fe,,13
FeatureC++,https://rosettacode.org/wiki/FeatureC%2B%2B,,0
Felix,https://rosettacode.org/wiki/Felix,,2
Fennel,https://rosettacode.org/wiki/Fennel,,77
Ferite,https://rosettacode.org/wiki/Ferite,,2
Fermat,https://rosettacode.org/wiki/Fermat,,91
Fexl,https://rosettacode.org/wiki/Fexl,,6
Fhidwfe,https://rosettacode.org/wiki/Fhidwfe,,4
Fish,https://rosettacode.org/wiki/Fish,,21
FLORA-2,https://rosettacode.org/wiki/FLORA-2,,0
Florid,https://rosettacode.org/wiki/Florid,,0
FOCAL,https://rosettacode.org/wiki/FOCAL,,67
FormulaOne,https://rosettacode.org/wiki/FormulaOne,,1
Forth,https://rosettacode.org/wiki/Forth,,643
Fortran,https://rosettacode.org/wiki/Fortran,,823
Fortress,https://rosettacode.org/wiki/Fortress,,6
FP,https://rosettacode.org/wiki/FP,,1
FPI,https://rosettacode.org/wiki/FPI,,0
Free Pascal,https://rosettacode.org/wiki/Free_Pascal,"Free Pascal Compiler (FPC for short) is a free and open-source Pascal and Object Pascal compiler.
Free Pascal fully or partially supports the dialects of many other Pascal compilers, including those of Turbo Pascal (up to version 7), Delphi, as well as some compilers that were available on the Macintosh. More than one dialect may be used to produce a single program. Free Pascal also supports the ISO/IEC 7185 Pascal standard.
A member of the write once, compile anywhere campaign, Free Pascal is available on many architectures and operating systems. It has an excellent support for integration of assembly language, and supports internal assembler in a number of dialects.
Separate projects exist to facilitate the development of cross-platform graphical applications, the most prominent one being the Lazarus IDE.",233
FreeBASIC,https://rosettacode.org/wiki/FreeBASIC,,1724
FreeMat,https://rosettacode.org/wiki/FreeMat,,0
Frege,https://rosettacode.org/wiki/Frege,,11
Friendly interactive shell,https://rosettacode.org/wiki/Friendly_interactive_shell,,15
Frink,https://rosettacode.org/wiki/Frink,,292
FRISC Assembly,https://rosettacode.org/wiki/FRISC_Assembly,,1
FTCBASIC,https://rosettacode.org/wiki/FTCBASIC,,11
FuncSug,https://rosettacode.org/wiki/FuncSug,,8
FunL,https://rosettacode.org/wiki/FunL,,90
Furor,https://rosettacode.org/wiki/Furor,,22
FurryScript,https://rosettacode.org/wiki/FurryScript,,2
Futhark,https://rosettacode.org/wiki/Futhark,,37
FutureBasic,https://rosettacode.org/wiki/FutureBasic,,753
FUZE BASIC,https://rosettacode.org/wiki/FUZE_BASIC,,7
Fōrmulæ,https://rosettacode.org/wiki/F%C5%8Drmul%C3%A6,,211
G-fu,https://rosettacode.org/wiki/G-fu,,1
Gambas,https://rosettacode.org/wiki/Gambas,,282
GAP,https://rosettacode.org/wiki/GAP,,160
Gastona,https://rosettacode.org/wiki/Gastona,,6
GB BASIC,https://rosettacode.org/wiki/GB_BASIC,,3
GDScript,https://rosettacode.org/wiki/GDScript,,26
Gecho,https://rosettacode.org/wiki/Gecho,,9
Gema,https://rosettacode.org/wiki/Gema,,12
Genie,https://rosettacode.org/wiki/Genie,,34
Gentee,https://rosettacode.org/wiki/Gentee,,1
Genyris,https://rosettacode.org/wiki/Genyris,,9
GEORGE,https://rosettacode.org/wiki/GEORGE,,5
Gerbil,https://rosettacode.org/wiki/Gerbil,,0
GFA Basic,https://rosettacode.org/wiki/GFA_Basic,,17
Glagol,https://rosettacode.org/wiki/Glagol,,3
GLBasic,https://rosettacode.org/wiki/GLBasic,,2
Gleam,https://rosettacode.org/wiki/Gleam,,55
Glee,https://rosettacode.org/wiki/Glee,,5
Global Script,https://rosettacode.org/wiki/Global_Script,,3
GlovePIE,https://rosettacode.org/wiki/GlovePIE,,11
GLSL,https://rosettacode.org/wiki/GLSL,,8
GML,https://rosettacode.org/wiki/GML,,33
Gnuplot,https://rosettacode.org/wiki/Gnuplot,,29
Go,https://rosettacode.org/wiki/Go,,1621
Go!,https://rosettacode.org/wiki/Go%21,,1
Goaldi,https://rosettacode.org/wiki/Goaldi,,1
Goboscript,https://rosettacode.org/wiki/Goboscript,,5
Golfscript,https://rosettacode.org/wiki/Golfscript,,131
Golo,https://rosettacode.org/wiki/Golo,,12
Goo,https://rosettacode.org/wiki/Goo,,0
Gosu,https://rosettacode.org/wiki/Gosu,,18
Grain,https://rosettacode.org/wiki/Grain,,4
Gri,https://rosettacode.org/wiki/Gri,,6
Groovy,https://rosettacode.org/wiki/Groovy,,503
Guile,https://rosettacode.org/wiki/Guile,"Guile stands for Gnu's Ubiquitous Interactive Language for Extension. It is the ""official"" extension language of the GNU Project.",4
Guish,https://rosettacode.org/wiki/Guish,,3
GUISS,https://rosettacode.org/wiki/GUISS,,27
GW-BASIC,https://rosettacode.org/wiki/GW-BASIC,,234
Hack,https://rosettacode.org/wiki/Hack,,2
Halon,https://rosettacode.org/wiki/Halon,,12
Harbour,https://rosettacode.org/wiki/Harbour,,46
Hare,https://rosettacode.org/wiki/Hare,,17
Haskell,https://rosettacode.org/wiki/Haskell,,1204
Haxe,https://rosettacode.org/wiki/Haxe,,66
Heron,https://rosettacode.org/wiki/Heron,,1
Hexiscript,https://rosettacode.org/wiki/Hexiscript,,28
HicEst,https://rosettacode.org/wiki/HicEst,,153
HLA,https://rosettacode.org/wiki/HLA,,1
Hobbes,https://rosettacode.org/wiki/Hobbes,,130
HolyC,https://rosettacode.org/wiki/HolyC,,42
Hoon,https://rosettacode.org/wiki/Hoon,,29
Hope,https://rosettacode.org/wiki/Hope,,5
Hopper,https://rosettacode.org/wiki/Hopper,,1
HPPPL,https://rosettacode.org/wiki/HPPPL,,11
HQ9+,https://rosettacode.org/wiki/HQ9%2B,,4
Huginn,https://rosettacode.org/wiki/Huginn,,28
Hy,https://rosettacode.org/wiki/Hy,,31
HyperTalk,https://rosettacode.org/wiki/HyperTalk,,2
I,https://rosettacode.org/wiki/I,,32
Icon,https://rosettacode.org/wiki/Icon,,628
IDL,https://rosettacode.org/wiki/IDL,,61
Idris,https://rosettacode.org/wiki/Idris,,30
Imp77,https://rosettacode.org/wiki/Imp77,,4
Inform 6,https://rosettacode.org/wiki/Inform_6,,11
Inform 7,https://rosettacode.org/wiki/Inform_7,,43
Informix 4GL,https://rosettacode.org/wiki/Informix_4GL,,1
Inko,https://rosettacode.org/wiki/Inko,,1
Insitux,https://rosettacode.org/wiki/Insitux,,74
Integer BASIC,https://rosettacode.org/wiki/Integer_BASIC,,9
Intercal,https://rosettacode.org/wiki/Intercal,,6
Io,https://rosettacode.org/wiki/Io,,90
Ioke,https://rosettacode.org/wiki/Ioke,,20
IPL Loader Config,https://rosettacode.org/wiki/IPL_Loader_Config,,0
Iptscrae,https://rosettacode.org/wiki/Iptscrae,,1
IS-BASIC,https://rosettacode.org/wiki/IS-BASIC,,212
Isabelle,https://rosettacode.org/wiki/Isabelle,,16
IWBASIC,https://rosettacode.org/wiki/IWBASIC,,10
J,https://rosettacode.org/wiki/J,,1417
Jabaco,https://rosettacode.org/wiki/Jabaco,,0
Jack,https://rosettacode.org/wiki/Jack,,2
Jacquard Loom,https://rosettacode.org/wiki/Jacquard_Loom,,1
Jactl,https://rosettacode.org/wiki/Jactl,,26
Jakt,https://rosettacode.org/wiki/Jakt,,35
JAMES II/Rule-based Cellular Automata,https://rosettacode.org/wiki/JAMES_II/Rule-based_Cellular_Automata,,2
Janet,https://rosettacode.org/wiki/Janet,,32
Java,https://rosettacode.org/wiki/Java,,1641
JavaFX Script,https://rosettacode.org/wiki/JavaFX_Script,,3
JavaScript,https://rosettacode.org/wiki/JavaScript,,1100
JCL,https://rosettacode.org/wiki/JCL,,5
Jinja,https://rosettacode.org/wiki/Jinja,,4
JoCaml,https://rosettacode.org/wiki/JoCaml,"JoCaml is OCaml plus the join calculus, that is, OCaml extended for concurrent and distributed programming.
Website of JoCaml: http://moscova.inria.fr/jocaml/
Wikipedia article: http://en.wikipedia.org/wiki/JoCaml",1
JOVIAL,https://rosettacode.org/wiki/JOVIAL,,2
Joy,https://rosettacode.org/wiki/Joy,,95
Jq,https://rosettacode.org/wiki/Jq,,1205
JScript.NET,https://rosettacode.org/wiki/JScript.NET,,1
JSE,https://rosettacode.org/wiki/JSE,,2
Jsish,https://rosettacode.org/wiki/Jsish,,137
JudoScript,https://rosettacode.org/wiki/JudoScript,,1
Julia,https://rosettacode.org/wiki/Julia,,1750
K,https://rosettacode.org/wiki/K,,200
Kabap,https://rosettacode.org/wiki/Kabap,,4
Kamailio Script,https://rosettacode.org/wiki/Kamailio_Script,,1
Kantalo,https://rosettacode.org/wiki/Kantalo,,0
KAP,https://rosettacode.org/wiki/KAP,,2
Kaya,https://rosettacode.org/wiki/Kaya,,3
Keg,https://rosettacode.org/wiki/Keg,,4
KeyList Databasing,https://rosettacode.org/wiki/KeyList_Databasing,,0
Kite,https://rosettacode.org/wiki/Kite,,4
Kitten,https://rosettacode.org/wiki/Kitten,,3
KL1,https://rosettacode.org/wiki/KL1,,2
Klingphix,https://rosettacode.org/wiki/Klingphix,,46
Klong,https://rosettacode.org/wiki/Klong,,22
Koka,https://rosettacode.org/wiki/Koka,,28
Komodo,https://rosettacode.org/wiki/Komodo,,13
KonsolScript,https://rosettacode.org/wiki/KonsolScript,,10
Kotlin,https://rosettacode.org/wiki/Kotlin,,1183
KQL,https://rosettacode.org/wiki/KQL,,5
Ksh,https://rosettacode.org/wiki/Ksh,,77
L++,https://rosettacode.org/wiki/L%2B%2B,,5
L.in.oleum,https://rosettacode.org/wiki/L.in.oleum,,0
LabVIEW,https://rosettacode.org/wiki/LabVIEW,,61
Labyrinth,https://rosettacode.org/wiki/Labyrinth,,2
Lambda Prolog,https://rosettacode.org/wiki/Lambda_Prolog,,1
Lambdatalk,https://rosettacode.org/wiki/Lambdatalk,,265
Lang,https://rosettacode.org/wiki/Lang,,79
Lang5,https://rosettacode.org/wiki/Lang5,,49
Languages by Feature,https://rosettacode.org/wiki/Languages_by_Feature,,0
Langur,https://rosettacode.org/wiki/Langur,,102
Lapyst,https://rosettacode.org/wiki/Lapyst,,1
Lasso,https://rosettacode.org/wiki/Lasso,,259
LAST,https://rosettacode.org/wiki/LAST,,0
LaTeX,https://rosettacode.org/wiki/LaTeX,,13
Latitude,https://rosettacode.org/wiki/Latitude,,27
LC2200 Assembly,https://rosettacode.org/wiki/LC2200_Assembly,,0
LC3 Assembly,https://rosettacode.org/wiki/LC3_Assembly,,8
LDPL,https://rosettacode.org/wiki/LDPL,,25
Lean,https://rosettacode.org/wiki/Lean,,7
Leon,https://rosettacode.org/wiki/Leon,,0
LFE,https://rosettacode.org/wiki/LFE,,80
Lhogho,https://rosettacode.org/wiki/Lhogho,,8
Liberty BASIC,https://rosettacode.org/wiki/Liberty_BASIC,,364
LibreOffice Basic,https://rosettacode.org/wiki/LibreOffice_Basic,,1
LIL,https://rosettacode.org/wiki/LIL,,27
Lily,https://rosettacode.org/wiki/Lily,,9
Limbo,https://rosettacode.org/wiki/Limbo,,24
Lingo,https://rosettacode.org/wiki/Lingo,,195
Lisaac,https://rosettacode.org/wiki/Lisaac,,35
Lisp,https://rosettacode.org/wiki/Lisp,,4
Little,https://rosettacode.org/wiki/Little,,13
Little Man Computer,https://rosettacode.org/wiki/Little_Man_Computer,,9
LiveCode,https://rosettacode.org/wiki/LiveCode,,129
LiveScript,https://rosettacode.org/wiki/LiveScript,,3
LLP,https://rosettacode.org/wiki/LLP,,0
LLVM,https://rosettacode.org/wiki/LLVM,,21
Lobster,https://rosettacode.org/wiki/Lobster,,23
Locomotive Basic,https://rosettacode.org/wiki/Locomotive_Basic,,76
Loglan82,https://rosettacode.org/wiki/Loglan82,,24
Logo,https://rosettacode.org/wiki/Logo,,219
Logtalk,https://rosettacode.org/wiki/Logtalk,,81
LOLCODE,https://rosettacode.org/wiki/LOLCODE,,49
Lolli,https://rosettacode.org/wiki/Lolli,,0
Lotus 123 Macro Scripting,https://rosettacode.org/wiki/Lotus_123_Macro_Scripting,,0
LotusScript,https://rosettacode.org/wiki/LotusScript,,7
Lout,https://rosettacode.org/wiki/Lout,,0
LSE,https://rosettacode.org/wiki/LSE,,8
LSE64,https://rosettacode.org/wiki/LSE64,,12
LSL,https://rosettacode.org/wiki/LSL,,17
LSTS,https://rosettacode.org/wiki/LSTS,,0
Lua,https://rosettacode.org/wiki/Lua,,1023
Lucid,https://rosettacode.org/wiki/Lucid,,12
Luck,https://rosettacode.org/wiki/Luck,,8
Luna,https://rosettacode.org/wiki/Luna,,2
Lush,https://rosettacode.org/wiki/Lush,,1
Lychen,https://rosettacode.org/wiki/Lychen,,1
Lygon,https://rosettacode.org/wiki/Lygon,,0
M2000 Interpreter,https://rosettacode.org/wiki/M2000_Interpreter,,562
M4,https://rosettacode.org/wiki/M4,,92
M680x0,https://rosettacode.org/wiki/M680x0,,0
MACRO-11,https://rosettacode.org/wiki/MACRO-11,,27
Macsyma,https://rosettacode.org/wiki/Macsyma,,0
MAD,https://rosettacode.org/wiki/MAD,,89
Make,https://rosettacode.org/wiki/Make,,19
Malbolge,https://rosettacode.org/wiki/Malbolge,,5
MANOOL,https://rosettacode.org/wiki/MANOOL,,6
Maple,https://rosettacode.org/wiki/Maple,,406
MAPPER,https://rosettacode.org/wiki/MAPPER,,0
MariaDB,https://rosettacode.org/wiki/MariaDB,,6
Mastermind,https://rosettacode.org/wiki/Mastermind,,2
Mathcad,https://rosettacode.org/wiki/Mathcad,,8
MathCortex,https://rosettacode.org/wiki/MathCortex,,2
Mathematica,https://rosettacode.org/wiki/Mathematica,,1325
Mathprog,https://rosettacode.org/wiki/Mathprog,,9
MATLAB,https://rosettacode.org/wiki/MATLAB,,414
Maude,https://rosettacode.org/wiki/Maude,,3
Maxima,https://rosettacode.org/wiki/Maxima,,414
MAXScript,https://rosettacode.org/wiki/MAXScript,,116
MBS,https://rosettacode.org/wiki/MBS,,5
MDL,https://rosettacode.org/wiki/MDL,,2
ME10 macro,https://rosettacode.org/wiki/ME10_macro,,0
MEL,https://rosettacode.org/wiki/MEL,,4
MelonBasic,https://rosettacode.org/wiki/MelonBasic,,5
Mercury,https://rosettacode.org/wiki/Mercury,,127
Metafont,https://rosettacode.org/wiki/Metafont,,47
Metapost,https://rosettacode.org/wiki/Metapost,,2
MGS,https://rosettacode.org/wiki/MGS,,0
Mia,https://rosettacode.org/wiki/Mia,,1
Microsoft Small Basic,https://rosettacode.org/wiki/Microsoft_Small_Basic,,70
Min,https://rosettacode.org/wiki/Min,,121
MINIL,https://rosettacode.org/wiki/MINIL,,2
Minimal BASIC,https://rosettacode.org/wiki/Minimal_BASIC,,78
MiniScript,https://rosettacode.org/wiki/MiniScript,,248
MiniZinc,https://rosettacode.org/wiki/MiniZinc,,31
MIPS Assembly,https://rosettacode.org/wiki/MIPS_Assembly,,45
Mirah,https://rosettacode.org/wiki/Mirah,,21
Miranda,https://rosettacode.org/wiki/Miranda,,88
MIRC Scripting Language,https://rosettacode.org/wiki/MIRC_Scripting_Language,,26
Mirelle,https://rosettacode.org/wiki/Mirelle,,0
ML,https://rosettacode.org/wiki/ML,,22
ML/I,https://rosettacode.org/wiki/ML/I,,20
MLite,https://rosettacode.org/wiki/MLite,,26
MMIX,https://rosettacode.org/wiki/MMIX,,14
Mn,https://rosettacode.org/wiki/Mn,,2
Modula-2,https://rosettacode.org/wiki/Modula-2,,270
Modula-3,https://rosettacode.org/wiki/Modula-3,,130
Mojo,https://rosettacode.org/wiki/Mojo,,4
Mond,https://rosettacode.org/wiki/Mond,,1
Monicelli,https://rosettacode.org/wiki/Monicelli,,4
Monkey,https://rosettacode.org/wiki/Monkey,,1
Monte,https://rosettacode.org/wiki/Monte,,9
MontiLang,https://rosettacode.org/wiki/MontiLang,,12
MOO,https://rosettacode.org/wiki/MOO,,14
MoonBit,https://rosettacode.org/wiki/MoonBit,,2
MoonRock,https://rosettacode.org/wiki/MoonRock,,11
MoonScript,https://rosettacode.org/wiki/MoonScript,,7
Morfa,https://rosettacode.org/wiki/Morfa,,9
Mosaic,https://rosettacode.org/wiki/Mosaic,,3
MPIF90,https://rosettacode.org/wiki/MPIF90,,0
MSX Basic,https://rosettacode.org/wiki/MSX_Basic,,146
MUF,https://rosettacode.org/wiki/MUF,,1
MUMPS,https://rosettacode.org/wiki/MUMPS,,109
Myrddin,https://rosettacode.org/wiki/Myrddin,,3
MyrtleScript,https://rosettacode.org/wiki/MyrtleScript,,2
MySQL,https://rosettacode.org/wiki/MySQL,,6
Mython,https://rosettacode.org/wiki/Mython,,0
Mythryl,https://rosettacode.org/wiki/Mythryl,,1
N/t/roff,https://rosettacode.org/wiki/N/t/roff,,16
Nanoquery,https://rosettacode.org/wiki/Nanoquery,,199
Nascom BASIC,https://rosettacode.org/wiki/Nascom_BASIC,,25
NASL,https://rosettacode.org/wiki/NASL,,1
NATURAL,https://rosettacode.org/wiki/NATURAL,,3
Neat,https://rosettacode.org/wiki/Neat,,1
Neko,https://rosettacode.org/wiki/Neko,,70
Nemerle,https://rosettacode.org/wiki/Nemerle,,147
NESL,https://rosettacode.org/wiki/NESL,,8
NetLogo,https://rosettacode.org/wiki/NetLogo,,8
NetRexx,https://rosettacode.org/wiki/NetRexx,,285
Never,https://rosettacode.org/wiki/Never,,11
NewLISP,https://rosettacode.org/wiki/NewLISP,,173
NewtonScript,https://rosettacode.org/wiki/NewtonScript,,1
NGS,https://rosettacode.org/wiki/NGS,,10
Nial,https://rosettacode.org/wiki/Nial,,32
Nice,https://rosettacode.org/wiki/Nice,,0
Nickle,https://rosettacode.org/wiki/Nickle,,5
Night,https://rosettacode.org/wiki/Night,,1
Nim,https://rosettacode.org/wiki/Nim,,1624
Nit,https://rosettacode.org/wiki/Nit,,8
Niue,https://rosettacode.org/wiki/Niue,,7
Nix,https://rosettacode.org/wiki/Nix,,7
NLP++,https://rosettacode.org/wiki/NLP%2B%2B,,1
Nom,https://rosettacode.org/wiki/Nom,,10
NOWUT,https://rosettacode.org/wiki/NOWUT,,2
NQP,https://rosettacode.org/wiki/NQP,,0
NS-HUBASIC,https://rosettacode.org/wiki/NS-HUBASIC,,43
NSIS,https://rosettacode.org/wiki/NSIS,,6
Nu,https://rosettacode.org/wiki/Nu,,143
Nutt,https://rosettacode.org/wiki/Nutt,,8
Nyquist,https://rosettacode.org/wiki/Nyquist,,5
OASYS,https://rosettacode.org/wiki/OASYS,,3
OASYS Assembler,https://rosettacode.org/wiki/OASYS_Assembler,,11
Oberon-07,https://rosettacode.org/wiki/Oberon-07,,115
Oberon-2,https://rosettacode.org/wiki/Oberon-2,,145
Objeck,https://rosettacode.org/wiki/Objeck,,357
Object Pascal,https://rosettacode.org/wiki/Object_Pascal,,13
Object Pascal Implementations,https://rosettacode.org/wiki/Object_Pascal_Implementations,,3
ObjectIcon,https://rosettacode.org/wiki/ObjectIcon,,25
Objective-C,https://rosettacode.org/wiki/Objective-C,,158
OCaml,https://rosettacode.org/wiki/OCaml,,692
Occam,https://rosettacode.org/wiki/Occam,,2
Octave,https://rosettacode.org/wiki/Octave,,327
Odin,https://rosettacode.org/wiki/Odin,,78
Oforth,https://rosettacode.org/wiki/Oforth,,308
Ol,https://rosettacode.org/wiki/Ol,,172
Omega,https://rosettacode.org/wiki/Omega,,1
OmniMark,https://rosettacode.org/wiki/OmniMark,,20
Onyx,https://rosettacode.org/wiki/Onyx,,8
Onyx (wasm),https://rosettacode.org/wiki/Onyx_%28wasm%29,,6
OOC,https://rosettacode.org/wiki/OOC,,14
OOCalc,https://rosettacode.org/wiki/OOCalc,,2
OoRexx,https://rosettacode.org/wiki/OoRexx,,243
Opa,https://rosettacode.org/wiki/Opa,,1
OpenC++,https://rosettacode.org/wiki/OpenC%2B%2B,,0
OpenEdge/Progress,https://rosettacode.org/wiki/OpenEdge/Progress,,50
OpenLisp,https://rosettacode.org/wiki/OpenLisp,,2
Openscad,https://rosettacode.org/wiki/Openscad,,17
OPL,https://rosettacode.org/wiki/OPL,,24
Order,https://rosettacode.org/wiki/Order,,27
Owl Lisp,https://rosettacode.org/wiki/Owl_Lisp,,4
OxygenBasic,https://rosettacode.org/wiki/OxygenBasic,,120
Oxygene,https://rosettacode.org/wiki/Oxygene,,6
Oz,https://rosettacode.org/wiki/Oz,,277
Palo Alto Tiny BASIC,https://rosettacode.org/wiki/Palo_Alto_Tiny_BASIC,,16
Panda,https://rosettacode.org/wiki/Panda,,12
Panoramic,https://rosettacode.org/wiki/Panoramic,,5
ParaCL,https://rosettacode.org/wiki/ParaCL,,1
Pare,https://rosettacode.org/wiki/Pare,,1
PARI/GP,https://rosettacode.org/wiki/PARI/GP,,626
Pascal,https://rosettacode.org/wiki/Pascal,,760
Pascal-P,https://rosettacode.org/wiki/Pascal-P,,36
PascalABC.NET,https://rosettacode.org/wiki/PascalABC.NET,,623
PASM,https://rosettacode.org/wiki/PASM,,3
PDP-11 Assembly,https://rosettacode.org/wiki/PDP-11_Assembly,,3
Pebble,https://rosettacode.org/wiki/Pebble,,7
Peloton,https://rosettacode.org/wiki/Peloton,,21
Pentium Assembly,https://rosettacode.org/wiki/Pentium_Assembly,,0
PeopleCode,https://rosettacode.org/wiki/PeopleCode,,2
PepsiScript,https://rosettacode.org/wiki/PepsiScript,,3
Peri,https://rosettacode.org/wiki/Peri,,19
Perl,https://rosettacode.org/wiki/Perl,,1617
Perl 6,https://rosettacode.org/wiki/Perl_6,,0
Perl5i,https://rosettacode.org/wiki/Perl5i,,2
Peylang,https://rosettacode.org/wiki/Peylang,,2
Phix,https://rosettacode.org/wiki/Phix,,1753
Phixmonti,https://rosettacode.org/wiki/Phixmonti,,170
PHL,https://rosettacode.org/wiki/PHL,,21
PHP,https://rosettacode.org/wiki/PHP,,505
Picat,https://rosettacode.org/wiki/Picat,,335
Pico-8,https://rosettacode.org/wiki/Pico-8,,1
PicoLisp,https://rosettacode.org/wiki/PicoLisp,,847
Pict,https://rosettacode.org/wiki/Pict,,2
Piet,https://rosettacode.org/wiki/Piet,,9
Pike,https://rosettacode.org/wiki/Pike,,163
PILOT,https://rosettacode.org/wiki/PILOT,,26
PIR,https://rosettacode.org/wiki/PIR,,5
Pixilang,https://rosettacode.org/wiki/Pixilang,,6
PL/0,https://rosettacode.org/wiki/PL/0,,25
PL/B,https://rosettacode.org/wiki/PL/B,,0
PL/I,https://rosettacode.org/wiki/PL/I,,456
PL/I-80,https://rosettacode.org/wiki/PL/I-80,,16
PL/M,https://rosettacode.org/wiki/PL/M,,180
PL/pgSQL,https://rosettacode.org/wiki/PL/pgSQL,,4
PL/SQL,https://rosettacode.org/wiki/PL/SQL,,33
Plain English,https://rosettacode.org/wiki/Plain_English,,118
PlainTeX,https://rosettacode.org/wiki/PlainTeX,,25
Plan,https://rosettacode.org/wiki/Plan,,1
PLUS,https://rosettacode.org/wiki/PLUS,,0
Pluto,https://rosettacode.org/wiki/Pluto,,951
PLZ/SYS,https://rosettacode.org/wiki/PLZ/SYS,,0
Pointless,https://rosettacode.org/wiki/Pointless,,11
Polyglot:PL/I and PL/M,https://rosettacode.org/wiki/Polyglot%3APL/I_and_PL/M,,9
Pony,https://rosettacode.org/wiki/Pony,,19
Pop11,https://rosettacode.org/wiki/Pop11,,93
Portugol,https://rosettacode.org/wiki/Portugol,,4
PostScript,https://rosettacode.org/wiki/PostScript,,92
Potion,https://rosettacode.org/wiki/Potion,,28
POV-Ray,https://rosettacode.org/wiki/POV-Ray,,10
PowerBASIC,https://rosettacode.org/wiki/PowerBASIC,,55
Powerbuilder,https://rosettacode.org/wiki/Powerbuilder,,3
PowerPC Assembly,https://rosettacode.org/wiki/PowerPC_Assembly,,1
PowerShell,https://rosettacode.org/wiki/PowerShell,,527
PPL,https://rosettacode.org/wiki/PPL,,0
Processing,https://rosettacode.org/wiki/Processing,,120
Processing Python mode,https://rosettacode.org/wiki/Processing_Python_mode,,38
Processing.R,https://rosettacode.org/wiki/Processing.R,,3
ProDOS,https://rosettacode.org/wiki/ProDOS,,19
Prog8,https://rosettacode.org/wiki/Prog8,,2
Programming Language,https://rosettacode.org/wiki/Programming_Language,,2
ProgressBASIC,https://rosettacode.org/wiki/ProgressBASIC,,7
Prolog,https://rosettacode.org/wiki/Prolog,,527
PROMAL,https://rosettacode.org/wiki/PROMAL,,9
PSQL,https://rosettacode.org/wiki/PSQL,,2
Pure,https://rosettacode.org/wiki/Pure,,18
Pure Data,https://rosettacode.org/wiki/Pure_Data,,11
PureBasic,https://rosettacode.org/wiki/PureBasic,,752
Purity,https://rosettacode.org/wiki/Purity,,4
Pyret,https://rosettacode.org/wiki/Pyret,,5
Python,https://rosettacode.org/wiki/Python,,1677
Q,https://rosettacode.org/wiki/Q,,41
Q Sharp,https://rosettacode.org/wiki/Q_Sharp,,5
QB64,https://rosettacode.org/wiki/QB64,,191
QBasic,https://rosettacode.org/wiki/QBasic,,265
Qi,https://rosettacode.org/wiki/Qi,,27
QL SuperBASIC,https://rosettacode.org/wiki/QL_SuperBASIC,,4
Qore,https://rosettacode.org/wiki/Qore,,1
Quackery,https://rosettacode.org/wiki/Quackery,,755
QuakeC,https://rosettacode.org/wiki/QuakeC,,0
QuickBASIC,https://rosettacode.org/wiki/QuickBASIC,,73
Quill,https://rosettacode.org/wiki/Quill,,2
Quite BASIC,https://rosettacode.org/wiki/Quite_BASIC,,69
Quorum,https://rosettacode.org/wiki/Quorum,,1
R,https://rosettacode.org/wiki/R,,851
Ra,https://rosettacode.org/wiki/Ra,,9
Racket,https://rosettacode.org/wiki/Racket,,1109
Raku,https://rosettacode.org/wiki/Raku,,1701
RapidQ,https://rosettacode.org/wiki/RapidQ,,49
Rapira,https://rosettacode.org/wiki/Rapira,,15
Rascal,https://rosettacode.org/wiki/Rascal,,49
RASEL,https://rosettacode.org/wiki/RASEL,,4
RATFOR,https://rosettacode.org/wiki/RATFOR,,24
Raven,https://rosettacode.org/wiki/Raven,,74
REALbasic,https://rosettacode.org/wiki/REALbasic,,26
Reason,https://rosettacode.org/wiki/Reason,,0
Rebol,https://rosettacode.org/wiki/Rebol,,302
Red,https://rosettacode.org/wiki/Red,,216
Reduce,https://rosettacode.org/wiki/Reduce,,0
Refal,https://rosettacode.org/wiki/Refal,,114
Relation,https://rosettacode.org/wiki/Relation,,25
ReScript,https://rosettacode.org/wiki/ReScript,,35
Retro,https://rosettacode.org/wiki/Retro,,104
REXX,https://rosettacode.org/wiki/REXX,,1190
Rhombus,https://rosettacode.org/wiki/Rhombus,,12
Rhope,https://rosettacode.org/wiki/Rhope,,4
Rhovas,https://rosettacode.org/wiki/Rhovas,,6
Ring,https://rosettacode.org/wiki/Ring,,852
RISC-V Assembly,https://rosettacode.org/wiki/RISC-V_Assembly,,46
RLaB,https://rosettacode.org/wiki/RLaB,,31
RLSL,https://rosettacode.org/wiki/RLSL,,0
Robotic,https://rosettacode.org/wiki/Robotic,,23
Roc,https://rosettacode.org/wiki/Roc,,2
Rockstar,https://rosettacode.org/wiki/Rockstar,,10
Rocq,https://rosettacode.org/wiki/Rocq,,12
RPG,https://rosettacode.org/wiki/RPG,,11
RPGIV,https://rosettacode.org/wiki/RPGIV,,1
RPL,https://rosettacode.org/wiki/RPL,,809
RPL/2,https://rosettacode.org/wiki/RPL/2,,2
RTL/2,https://rosettacode.org/wiki/RTL/2,,4
RTSL,https://rosettacode.org/wiki/RTSL,,0
Ruby,https://rosettacode.org/wiki/Ruby,,1251
Rubylog,https://rosettacode.org/wiki/Rubylog,,0
Run BASIC,https://rosettacode.org/wiki/Run_BASIC,,404
Rust,https://rosettacode.org/wiki/Rust,,1225
Rye,https://rosettacode.org/wiki/Rye,,60
S++,https://rosettacode.org/wiki/S%2B%2B,,0
S-BASIC,https://rosettacode.org/wiki/S-BASIC,,76
S-lang,https://rosettacode.org/wiki/S-lang,,40
Sage,https://rosettacode.org/wiki/Sage,,6
Salmon,https://rosettacode.org/wiki/Salmon,,23
SapbotVM,https://rosettacode.org/wiki/SapbotVM,,2
SAS,https://rosettacode.org/wiki/SAS,,56
SASL,https://rosettacode.org/wiki/SASL,,8
Sass/SCSS,https://rosettacode.org/wiki/Sass/SCSS,,3
Sather,https://rosettacode.org/wiki/Sather,,71
Scala,https://rosettacode.org/wiki/Scala,,985
Scheme,https://rosettacode.org/wiki/Scheme,,451
Scilab,https://rosettacode.org/wiki/Scilab,,63
Scratch,https://rosettacode.org/wiki/Scratch,,21
ScratchScript,https://rosettacode.org/wiki/ScratchScript,,5
Script Basic,https://rosettacode.org/wiki/Script_Basic,,0
Script3D,https://rosettacode.org/wiki/Script3D,,0
ScriptBasic,https://rosettacode.org/wiki/ScriptBasic,,1
Sed,https://rosettacode.org/wiki/Sed,,71
Seed7,https://rosettacode.org/wiki/Seed7,,476
Self,https://rosettacode.org/wiki/Self,,17
SenseTalk,https://rosettacode.org/wiki/SenseTalk,,110
SequenceL,https://rosettacode.org/wiki/SequenceL,,59
Set lang,https://rosettacode.org/wiki/Set_lang,,7
SETL,https://rosettacode.org/wiki/SETL,,192
Setl4,https://rosettacode.org/wiki/Setl4,,1
Shale,https://rosettacode.org/wiki/Shale,,11
SheerPower 4GL,https://rosettacode.org/wiki/SheerPower_4GL,,6
Shen,https://rosettacode.org/wiki/Shen,,23
Shiny,https://rosettacode.org/wiki/Shiny,,8
Sidef,https://rosettacode.org/wiki/Sidef,,1070
SIL,https://rosettacode.org/wiki/SIL,,9
SimpleCode,https://rosettacode.org/wiki/SimpleCode,,4
SimpleLang,https://rosettacode.org/wiki/SimpleLang,,0
SIMPOL,https://rosettacode.org/wiki/SIMPOL,,6
Simula,https://rosettacode.org/wiki/Simula,,97
Sinclair ZX81 BASIC,https://rosettacode.org/wiki/Sinclair_ZX81_BASIC,,77
Sing,https://rosettacode.org/wiki/Sing,,2
Sisal,https://rosettacode.org/wiki/Sisal,,2
Skew,https://rosettacode.org/wiki/Skew,,2
SkookumScript,https://rosettacode.org/wiki/SkookumScript,,6
Slate,https://rosettacode.org/wiki/Slate,,123
Slope,https://rosettacode.org/wiki/Slope,,28
Smalltalk,https://rosettacode.org/wiki/Smalltalk,,325
Smart BASIC,https://rosettacode.org/wiki/Smart_BASIC,,29
SMEQL,https://rosettacode.org/wiki/SMEQL,,1
SmileBASIC,https://rosettacode.org/wiki/SmileBASIC,,17
Snobol,https://rosettacode.org/wiki/Snobol,,10
SNOBOL4,https://rosettacode.org/wiki/SNOBOL4,,135
SNUSP,https://rosettacode.org/wiki/SNUSP,,24
Soar,https://rosettacode.org/wiki/Soar,,1
Soda,https://rosettacode.org/wiki/Soda,,2
SoneKing Assembly,https://rosettacode.org/wiki/SoneKing_Assembly,,1
SPAD,https://rosettacode.org/wiki/SPAD,,13
SPARC Assembly,https://rosettacode.org/wiki/SPARC_Assembly,,1
SparForte,https://rosettacode.org/wiki/SparForte,,56
SPARK,https://rosettacode.org/wiki/SPARK,,8
Sparkling,https://rosettacode.org/wiki/Sparkling,,42
Spin,https://rosettacode.org/wiki/Spin,,15
SPL,https://rosettacode.org/wiki/SPL,,50
SPSS,https://rosettacode.org/wiki/SPSS,,2
SQL,https://rosettacode.org/wiki/SQL,,90
SQL PL,https://rosettacode.org/wiki/SQL_PL,,40
Squirrel,https://rosettacode.org/wiki/Squirrel,,3
SSEM,https://rosettacode.org/wiki/SSEM,,24
Standard ML,https://rosettacode.org/wiki/Standard_ML,,309
Star,https://rosettacode.org/wiki/Star,,0
Stata,https://rosettacode.org/wiki/Stata,,219
Stax,https://rosettacode.org/wiki/Stax,,22
StreamIt,https://rosettacode.org/wiki/StreamIt,,1
Stringle,https://rosettacode.org/wiki/Stringle,,6
Suneido,https://rosettacode.org/wiki/Suneido,,19
Superbase BASIC,https://rosettacode.org/wiki/Superbase_BASIC,,0
SuperCollider,https://rosettacode.org/wiki/SuperCollider,,42
Supernova,https://rosettacode.org/wiki/Supernova,,1
SuperTalk,https://rosettacode.org/wiki/SuperTalk,,3
Swahili,https://rosettacode.org/wiki/Swahili,,3
SWI-Prolog,https://rosettacode.org/wiki/SWI-Prolog,,0
Swift,https://rosettacode.org/wiki/Swift,,646
Symsyn,https://rosettacode.org/wiki/Symsyn,,29
SystemVerilog,https://rosettacode.org/wiki/SystemVerilog,,12
TailDot,https://rosettacode.org/wiki/TailDot,,2
Tailspin,https://rosettacode.org/wiki/Tailspin,,97
TAL,https://rosettacode.org/wiki/TAL,,0
TAV,https://rosettacode.org/wiki/TAV,,49
Tbas,https://rosettacode.org/wiki/Tbas,,7
Tcl,https://rosettacode.org/wiki/Tcl,,1005
TechBASIC,https://rosettacode.org/wiki/TechBASIC,,2
Teco,https://rosettacode.org/wiki/Teco,,1
TeLa,https://rosettacode.org/wiki/TeLa,,0
Tern,https://rosettacode.org/wiki/Tern,,6
Terra,https://rosettacode.org/wiki/Terra,,1
Terraform,https://rosettacode.org/wiki/Terraform,,9
TestML,https://rosettacode.org/wiki/TestML,,1
Thistle,https://rosettacode.org/wiki/Thistle,,0
Thyrd,https://rosettacode.org/wiki/Thyrd,,1
TI BASIC,https://rosettacode.org/wiki/TI_BASIC,,0
TI SR-56,https://rosettacode.org/wiki/TI_SR-56,,9
TI-57,https://rosettacode.org/wiki/TI-57,,7
TI-83 BASIC,https://rosettacode.org/wiki/TI-83_BASIC,,116
TI-83 Hex Assembly,https://rosettacode.org/wiki/TI-83_Hex_Assembly,,4
TI-89 BASIC,https://rosettacode.org/wiki/TI-89_BASIC,,92
Tiny BASIC,https://rosettacode.org/wiki/Tiny_BASIC,,81
TIScript,https://rosettacode.org/wiki/TIScript,,5
TMG,https://rosettacode.org/wiki/TMG,,11
Tobbisk,https://rosettacode.org/wiki/Tobbisk,,0
ToffeeScript,https://rosettacode.org/wiki/ToffeeScript,,2
Toka,https://rosettacode.org/wiki/Toka,,44
TorqueScript,https://rosettacode.org/wiki/TorqueScript,,38
Tosh,https://rosettacode.org/wiki/Tosh,,3
TPP,https://rosettacode.org/wiki/TPP,,5
Transact-SQL,https://rosettacode.org/wiki/Transact-SQL,,18
Transd,https://rosettacode.org/wiki/Transd,,70
TransFORTH,https://rosettacode.org/wiki/TransFORTH,,4
Trith,https://rosettacode.org/wiki/Trith,,21
TRS-80 BASIC,https://rosettacode.org/wiki/TRS-80_BASIC,,1
True BASIC,https://rosettacode.org/wiki/True_BASIC,,271
TSE SAL,https://rosettacode.org/wiki/TSE_SAL,,17
Turbo-Basic XL,https://rosettacode.org/wiki/Turbo-Basic_XL,,2
Turing,https://rosettacode.org/wiki/Turing,,6
TUSCRIPT,https://rosettacode.org/wiki/TUSCRIPT,,152
TutorialD,https://rosettacode.org/wiki/TutorialD,,1
Twelf,https://rosettacode.org/wiki/Twelf,,1
TXR,https://rosettacode.org/wiki/TXR,,161
Typed Racket,https://rosettacode.org/wiki/Typed_Racket,,1
TypeScript,https://rosettacode.org/wiki/TypeScript,,61
UC++,https://rosettacode.org/wiki/UC%2B%2B,,0
Uiua,https://rosettacode.org/wiki/Uiua,,376
Ultimate++,https://rosettacode.org/wiki/Ultimate%2B%2B,,5
Unicon,https://rosettacode.org/wiki/Unicon,,682
Uniface,https://rosettacode.org/wiki/Uniface,,4
Unison,https://rosettacode.org/wiki/Unison,,5
UNIX Shell,https://rosettacode.org/wiki/UNIX_Shell,,364
UnixPipes,https://rosettacode.org/wiki/UnixPipes,,36
Unlambda,https://rosettacode.org/wiki/Unlambda,,11
Ursa,https://rosettacode.org/wiki/Ursa,,110
Ursala,https://rosettacode.org/wiki/Ursala,,193
Ursalang,https://rosettacode.org/wiki/Ursalang,,17
UScript,https://rosettacode.org/wiki/UScript,,0
UserRPL,https://rosettacode.org/wiki/UserRPL,,0
UTFool,https://rosettacode.org/wiki/UTFool,,9
Uxntal,https://rosettacode.org/wiki/Uxntal,,46
V,https://rosettacode.org/wiki/V,,37
V (Vlang),https://rosettacode.org/wiki/V_%28Vlang%29,,650
Vala,https://rosettacode.org/wiki/Vala,,112
Vale,https://rosettacode.org/wiki/Vale,,5
VAX Assembly,https://rosettacode.org/wiki/VAX_Assembly,,13
VB6,https://rosettacode.org/wiki/VB6,,1
VBA,https://rosettacode.org/wiki/VBA,,417
VBScript,https://rosettacode.org/wiki/VBScript,,358
Vedit macro language,https://rosettacode.org/wiki/Vedit_macro_language,,108
Verbexx,https://rosettacode.org/wiki/Verbexx,,19
Verilog,https://rosettacode.org/wiki/Verilog,,50
VHDL,https://rosettacode.org/wiki/VHDL,,13
Vim Script,https://rosettacode.org/wiki/Vim_Script,,44
Visual Basic,https://rosettacode.org/wiki/Visual_Basic,,133
Visual Basic .NET,https://rosettacode.org/wiki/Visual_Basic_.NET,,404
Visual FoxPro,https://rosettacode.org/wiki/Visual_FoxPro,,32
Visual Objects,https://rosettacode.org/wiki/Visual_Objects,,4
Visual Prolog,https://rosettacode.org/wiki/Visual_Prolog,,7
Viua VM assembly,https://rosettacode.org/wiki/Viua_VM_assembly,,2
Vorpal,https://rosettacode.org/wiki/Vorpal,,9
Vox,https://rosettacode.org/wiki/Vox,,1
VRML,https://rosettacode.org/wiki/VRML,,0
VTL-2,https://rosettacode.org/wiki/VTL-2,,39
Vyxal,https://rosettacode.org/wiki/Vyxal,,8
Waduzitdo,https://rosettacode.org/wiki/Waduzitdo,,2
Wart,https://rosettacode.org/wiki/Wart,,61
WDTE,https://rosettacode.org/wiki/WDTE,,33
WebAssembly,https://rosettacode.org/wiki/WebAssembly,,11
Wee Basic,https://rosettacode.org/wiki/Wee_Basic,,21
Whenever,https://rosettacode.org/wiki/Whenever,,4
Whitespace,https://rosettacode.org/wiki/Whitespace,,15
Wisp,https://rosettacode.org/wiki/Wisp,,5
WML,https://rosettacode.org/wiki/WML,,0
Wollok,https://rosettacode.org/wiki/Wollok,,1
Woma,https://rosettacode.org/wiki/Woma,,3
Wortel,https://rosettacode.org/wiki/Wortel,,43
Wrapl,https://rosettacode.org/wiki/Wrapl,,7
Wren,https://rosettacode.org/wiki/Wren,,1753
X-script,https://rosettacode.org/wiki/X-script,,1
X10,https://rosettacode.org/wiki/X10,,3
X86 Assembly,https://rosettacode.org/wiki/X86_Assembly,,96
X86-64 Assembly,https://rosettacode.org/wiki/X86-64_Assembly,,37
Xanadu,https://rosettacode.org/wiki/Xanadu,,1
XBase,https://rosettacode.org/wiki/XBase,,0
XBasic,https://rosettacode.org/wiki/XBasic,,126
XBS,https://rosettacode.org/wiki/XBS,,33
XEec,https://rosettacode.org/wiki/XEec,,6
XL,https://rosettacode.org/wiki/XL,,2
XLISP,https://rosettacode.org/wiki/XLISP,,69
Xojo,https://rosettacode.org/wiki/Xojo,,17
XPath 2.0,https://rosettacode.org/wiki/XPath_2.0,,2
XPL0,https://rosettacode.org/wiki/XPL0,,954
XProc,https://rosettacode.org/wiki/XProc,,2
XProfan,https://rosettacode.org/wiki/XProfan,,7
XQuery,https://rosettacode.org/wiki/XQuery,,15
XS,https://rosettacode.org/wiki/XS,,0
XSLT,https://rosettacode.org/wiki/XSLT,,41
XSLT 1.0,https://rosettacode.org/wiki/XSLT_1.0,,2
XSLT 2.0,https://rosettacode.org/wiki/XSLT_2.0,,4
XTalk,https://rosettacode.org/wiki/XTalk,,7
XUL,https://rosettacode.org/wiki/XUL,,2
Ya,https://rosettacode.org/wiki/Ya,,1
Yabasic,https://rosettacode.org/wiki/Yabasic,,583
Yacas,https://rosettacode.org/wiki/Yacas,,6
YAMLScript,https://rosettacode.org/wiki/YAMLScript,,41
Yorick,https://rosettacode.org/wiki/Yorick,,38
Z80 Assembly,https://rosettacode.org/wiki/Z80_Assembly,,127
ZED,https://rosettacode.org/wiki/ZED,,4
Zen C,https://rosettacode.org/wiki/Zen_C,,49
Zig,https://rosettacode.org/wiki/Zig,,326
Zkl,https://rosettacode.org/wiki/Zkl,,1012
Zoea,https://rosettacode.org/wiki/Zoea,,29
Zoea Visual,https://rosettacode.org/wiki/Zoea_Visual,,27
Zonnon,https://rosettacode.org/wiki/Zonnon,,27
Zoomscript,https://rosettacode.org/wiki/Zoomscript,,10
ZPL,https://rosettacode.org/wiki/ZPL,,2
ZX Spectrum Basic,https://rosettacode.org/wiki/ZX_Spectrum_Basic,,217
ΜC++,https://rosettacode.org/wiki/%CE%9CC%2B%2B,,0
МК-61/52,https://rosettacode.org/wiki/%D0%9C%D0%9A-61/52,,85
உயிர்/Uyir,https://rosettacode.org/wiki/%E0%AE%89%E0%AE%AF%E0%AE%BF%E0%AE%B0%E0%AF%8D/Uyir,,3
