language,extension,shared,rk,filename,length,occurrences,first_ts,content_id,content_swhid,first_revrel_id,revrel_swhid,first_origin_id,origin_swhid,origin_url,qualify_status,qualified_swhid,qualify_origin,qualify_anchor,qualify_path,qualify_verified_in_swh,qualify_notes,predicted_pl_id,predicted_language,predicted_via,predicted_confidence,predicted_heuristic_id,predicted_matches_claim
_review_queue,.fsf,no,1,design.fsf,9516,20,1630415602,46204727323,,46204723164,,46204723109,,,length_mismatch,,,,,,length 6141 vs expected 9516 on bmdeen/fmriPermPipe,,,,,,
_review_queue,.fsf,no,2,blend_multiply.fsf,2153,12,1316872028,41699478920,,43616723873,,43616722611,,,no_candidate,,,,,,github search: empty,,,,,,
_review_queue,.fsf,no,3,blend_screen.fsf,2159,12,1316872028,41699478915,,43616723873,,43616722611,,,no_candidate,,,,,,github search: empty,,,,,,
_review_queue,.fsf,no,4,blend_lineardodge.fsf,2173,12,1316872028,41699478917,,43616723873,,43616722611,,,no_candidate,,,,,,github search: empty,,,,,,
_review_queue,.fsf,no,5,blend_difference.fsf,2178,12,1316872028,41699478916,,43616723873,,43616722611,,,no_candidate,,,,,,github search: empty,,,,,,
_review_queue,.fsf,no,6,default.fsf,8539,12,1456157133,2951524671,,2951524864,,2951524476,,,length_mismatch,,,,,,length 879 vs expected 8539 on YoYoGames/GMS_Language_ES,,,,,,
_review_queue,.fsf,no,7,version.fsf,2011,11,1318947781,41699478921,,43616723915,,43616722611,,,no_candidate,,,,,,github search: empty,,,,,,
_review_queue,.fsf,no,8,compose.fsf,4949,9,1319111944,41699478914,,41699477035,,43616722611,,,no_candidate,,,,,,github search: empty,,,,,,
_review_queue,.fsf,no,9,blend_normal.fsf,2220,8,1319167778,41699478923,,43616723838,,43616722611,,,no_candidate,,,,,,github search: empty,,,,,,
_review_queue,.fsf,no,10,generic.fsf,7503,6,1410026218,2951533099,swh:1:cnt:41cd1a67e6d8e5940ac0d027d0a0b41cee2279c4,2951532982,,2951532766,,,ok,swh:1:cnt:41cd1a67e6d8e5940ac0d027d0a0b41cee2279c4;origin=https://github.com/BrainModes/TVB-empirical-data-pipeline;anchor=swh:1:rev:6ce8b43b5845ab27836ab80c830b6a2a466fdbbe;path=/featConfig/generic.fsf,https://github.com/BrainModes/TVB-empirical-data-pipeline,swh:1:rev:6ce8b43b5845ab27836ab80c830b6a2a466fdbbe,/featConfig/generic.fsf,,,,,unknown-ext,none,,
_review_queue,.fsf,no,11,fieldmap_default.fsf,8827,6,1410026218,2951532974,swh:1:cnt:94b6e9a4dd93d0963555bb5c8627e1a1cac4afcf,2951532982,,2951532766,,,ok,swh:1:cnt:94b6e9a4dd93d0963555bb5c8627e1a1cac4afcf;origin=https://github.com/BrainModes/TVB-empirical-data-pipeline;anchor=swh:1:rev:6ce8b43b5845ab27836ab80c830b6a2a466fdbbe;path=/featConfig/fieldmap_default.fsf,https://github.com/BrainModes/TVB-empirical-data-pipeline,swh:1:rev:6ce8b43b5845ab27836ab80c830b6a2a466fdbbe,/featConfig/fieldmap_default.fsf,,,,,unknown-ext,none,,
