study,ext,pl_id,action,strength,source_disputed,label,share_file_pct,share_repo_pct,evidence,rationale,status
m,.m,pl/limbo,observe,secondary,,,0.01,0.0,docs/m_swh_study.md; swh:1:cnt:4760b08c51b6b9145433bf1b5f0eb723632c4991;origin=https://github.com/yihugh/gitfs;path=/write-tree.m,"observed in SWH — 0.01 % of files, 0.0 % of repositories",accepted
m,.m,pl/magma,add,proposed,,,0.62,0.07,"docs/m_swh_study.md; swh:1:cnt:625aad06c3115bed5484238b4726b36368f946b2;origin=https://github.com/michaelmusty/SolvableDessins;path=/SolvablePassportDB/64/64S12-8,8,2-g9.m; swh:1:cnt:934af0884fc175e89cabfcce5fba6534693eba1d;origin=https://github.com/JRSijsling/quartic_reconstruction;path=/verifications/Implementation-Benchmarks.m","observed in SWH, conventional .m extension of this language, claimed by no source — 0.62 % of files, 0.07 % of repositories",accepted
m,.m,pl/wolfram-language,observe,secondary,,,0.48,0.33,docs/m_swh_study.md; swh:1:cnt:7e0992b8030593deb2497a0b7dcabb4d06ba8f32;origin=https://github.com/walee-1/TransportFunction;path=/MergerTransport/MergerTransport/NC_Prot_opt_da0/a-1040/Transfer_08-09-20_NC_Prot_opt_da0_G_a-1040_P6.m; swh:1:cnt:a9e039af425c8cac9a9087d0c0290a880e386b52;origin=https://github.com/es335mathwiz/ProjectionMethodTools;path=/ProjectionMethodToolsJava/code/symb01ValsRec.m,"observed in SWH — 0.48 % of files, 0.33 % of repositories",accepted
m,.m,pl/matlab,observe,primary,,,41.7,25.8,docs/m_swh_study.md; swh:1:cnt:f48c8919117774c898d236dc8a61632bc3da3e7d;origin=https://github.com/jverbraeken/Computer-Vision;path=/Assignment6/chainimages.m; swh:1:cnt:2d7c44c466792911b7d85eec5913917965475d23;origin=https://github.com/stk-kriging/stk;path=/misc/options/stk_options_set.m,"observed in SWH — 41.7 % of files, 25.8 % of repositories",accepted
m,.m,pl/mercury,observe,secondary,,,0.17,0.07,docs/m_swh_study.md; swh:1:cnt:6a9f899df8665c1253be9f8a2f7d02b10ca3df92;origin=https://github.com/sebgod/mercury;path=/compiler/post_term_analysis.m; swh:1:cnt:f6cae20a32c525b20bf29ccc7404aa4e7c2cd6d5;origin=https://github.com/Mercury-Language/mercury;path=/tests/hard_coded/try_syntax_1.m,"observed in SWH — 0.17 % of files, 0.07 % of repositories",accepted
m,.m,pl/muf,unobserved,,,,0,0,docs/m_swh_study.md,claimed by linguist; never observed among 13 000 sampled contents (judged samples + tail census),accepted
m,.m,pl/m,observe,secondary,,,0.51,0.1,docs/m_swh_study.md; swh:1:cnt:68f2734dbf8818d6b53efd1459d1d955f4574d4b;origin=https://github.com/OSEHRA/vxVistA-M;path=/Packages/Inpatient Medications/Routines/PSGL0.m; swh:1:cnt:7264e8c9f4b47155c59b4613eb8100ff4e28b62b;origin=https://github.com/ChristopherEdwards/VistA-FOIA;path=/Packages/Uncategorized/Routines/ABMDERR.m,"observed in SWH — 0.51 % of files, 0.1 % of repositories",accepted
m,.m,pl/objective-c,observe,primary,,,53.6,71.2,docs/m_swh_study.md; swh:1:cnt:461a890cf58094a804747f56e7288659685768b4;origin=https://github.com/KyleCardoza/GTKKit;path=/src/GTKBin.m; swh:1:cnt:32d17b6311486f86b2651c4a9bce616c63ccc934;origin=https://github.com/hokhyk/teleport;path=/client/tp_assist_macos/src/AboutWindowController.m,"observed in SWH — 53.6 % of files, 71.2 % of repositories",accepted
m,.m,pl/octave,observe,secondary,,,1.1,1.1,docs/m_swh_study.md; swh:1:cnt:bf8f93db910a97a6abf18a635043849fb0df9947;origin=https://github.com/oheim/octave-interval;path=/inst/@infsup/intersect.m; swh:1:cnt:bd36626611a8c98053f8c38bd231392b696158eb;origin=https://github.com/ColWalterEKurtz/Mathematik;path=/LineareGleichungen/zu-fuss.m,"observed in SWH — 1.1 % of files, 1.1 % of repositories",accepted
m,.m,pl/a-programming-language,unobserved,,,,0,0,docs/m_swh_study.md,claimed by wikipedia; never observed among 13 000 sampled contents,accepted
m,.m,pl/m4,dispute,disputed,pygments,,0,0,docs/m_swh_study.md §4.1; data/derived/m_study/mapping_pygments_ext_fallback.json,inherited from Pygments' Mason lexer through an extension-overlap join (master_inventory.match_pygments_name: shared .mc); never observed,accepted
m,.m,pl/monkey-c,dispute,disputed,pygments,,0,0,docs/m_swh_study.md §4.1; data/derived/m_study/mapping_pygments_ext_fallback.json,inherited from Pygments' Mason lexer through an extension-overlap join (master_inventory.match_pygments_name: shared .mc); never observed,accepted
m,.m,pl/win32-message-file,dispute,disputed,pygments,,0,0,docs/m_swh_study.md §4.1; data/derived/m_study/mapping_pygments_ext_fallback.json,inherited from Pygments' Mason lexer through an extension-overlap join (master_inventory.match_pygments_name: shared .mc); never observed,accepted
