language,programs_total,content_found,origin_found,any_found,unknown,coverage_content_pct,coverage_any_pct,content+origin,content_only,origin_only,not_covered,unknown_bucket
*Lisp,1,0,0,0,1,0.0,0.0,0,0,0,0,1
05AB1E,1,1,0,1,0,100.0,100.0,0,1,0,0,0
11l,1,0,0,0,1,0.0,0.0,0,0,0,0,1
1C:Enterprise,1,0,0,0,1,0.0,0.0,0,0,0,0,1
2APL,1,0,0,0,1,0.0,0.0,0,0,0,0,1
4D,1,0,0,0,1,0.0,0.0,0,0,0,0,1
4Test,1,0,0,0,0,0.0,0.0,0,0,0,1,0
6502 Assembly,1,0,0,0,0,0.0,0.0,0,0,0,1,0
65816 Assembly,1,0,0,0,1,0.0,0.0,0,0,0,0,1
6800 Assembly,1,0,0,0,0,0.0,0.0,0,0,0,1,0
6809 Assembly,1,0,0,0,1,0.0,0.0,0,0,0,0,1
8008 Assembly,1,0,0,0,0,0.0,0.0,0,0,0,1,0
8051 Assembly,1,0,0,0,1,0.0,0.0,0,0,0,0,1
8085 Assembly,1,0,0,0,1,0.0,0.0,0,0,0,0,1
8086 Assembly,1,0,0,0,0,0.0,0.0,0,0,0,1,0
8th,1,0,0,0,1,0.0,0.0,0,0,0,0,1
A#,1,0,0,0,0,0.0,0.0,0,0,0,1,0
A+,1,0,0,0,1,0.0,0.0,0,0,0,0,1
A-0 System,1,0,0,0,0,0.0,0.0,0,0,0,1,0
A-2,1,0,0,0,1,0.0,0.0,0,0,0,0,1
A-3,1,0,0,0,1,0.0,0.0,0,0,0,0,1
A-Shell,1,0,0,0,1,0.0,0.0,0,0,0,0,1
AADL,1,0,0,0,1,0.0,0.0,0,0,0,0,1
ABAP,1,0,0,0,1,0.0,0.0,0,0,0,0,1
ABC,1,0,0,0,1,0.0,0.0,0,0,0,0,1
ABC ALGOL,1,0,0,0,1,0.0,0.0,0,0,0,0,1
ABCL,1,0,0,0,1,0.0,0.0,0,0,0,0,1
ABEL,1,0,0,0,1,0.0,0.0,0,0,0,0,1
Abella,1,0,0,0,1,0.0,0.0,0,0,0,0,1
ABS,1,0,0,0,1,0.0,0.0,0,0,0,0,1
ABSET,1,0,0,0,1,0.0,0.0,0,0,0,0,1
ABSYS,1,0,0,0,1,0.0,0.0,0,0,0,0,1
Aceto,1,0,0,0,1,0.0,0.0,0,0,0,0,1
ACL2,1,0,0,0,1,0.0,0.0,0,0,0,0,1
Acorn Atom BASIC,1,0,0,0,1,0.0,0.0,0,0,0,0,1
ACS,1,0,0,0,0,0.0,0.0,0,0,0,1,0
ACSL,1,0,0,0,1,0.0,0.0,0,0,0,0,1
ACT-III,1,0,0,0,1,0.0,0.0,0,0,0,0,1
Action!,1,0,0,0,1,0.0,0.0,0,0,0,0,1
ActionScript,1,0,0,0,1,0.0,0.0,0,0,0,0,1
Active Oberon,1,0,0,0,1,0.0,0.0,0,0,0,0,1
Acton,1,0,0,0,1,0.0,0.0,0,0,0,0,1
Actor,1,0,0,0,1,0.0,0.0,0,0,0,0,1
Actually,1,0,0,0,1,0.0,0.0,0,0,0,0,1
Acumen,1,0,0,0,1,0.0,0.0,0,0,0,0,1
Ada,1,0,0,0,1,0.0,0.0,0,0,0,0,1
Adamant,1,0,0,0,1,0.0,0.0,0,0,0,0,1
Adept,1,0,0,0,1,0.0,0.0,0,0,0,0,1
ADRIFT,1,0,0,0,0,0.0,0.0,0,0,0,1,0
Adventuron,1,0,0,0,1,0.0,0.0,0,0,0,0,1
ADVPL,1,0,0,0,1,0.0,0.0,0,0,0,0,1
AED,1,0,0,0,1,0.0,0.0,0,0,0,0,1
AFL,1,0,0,0,1,0.0,0.0,0,0,0,0,1
Agal,1,0,0,0,1,0.0,0.0,0,0,0,0,1
Agda,1,0,0,0,1,0.0,0.0,0,0,0,0,1
Agena,1,0,0,0,1,0.0,0.0,0,0,0,0,1
AgentSpeak,1,0,0,0,1,0.0,0.0,0,0,0,0,1
Agora,1,0,0,0,1,0.0,0.0,0,0,0,0,1
AGS Script,1,0,0,0,1,0.0,0.0,0,0,0,0,1
AHDL,1,0,0,0,1,0.0,0.0,0,0,0,0,1
Aheui,1,0,0,0,1,0.0,0.0,0,0,0,0,1
Aiken,1,0,0,0,1,0.0,0.0,0,0,0,0,1
AIMACO,1,0,0,0,0,0.0,0.0,0,0,0,1,0
Aime,1,0,0,0,1,0.0,0.0,0,0,0,0,1
AIML,1,0,0,0,1,0.0,0.0,0,0,0,0,1
AIMMS,1,0,0,0,1,0.0,0.0,0,0,0,0,1
AL,1,0,0,0,1,0.0,0.0,0,0,0,0,1
Alan,1,0,0,0,1,0.0,0.0,0,0,0,0,1
Albatross,1,0,0,0,1,0.0,0.0,0,0,0,0,1
ALC,1,0,0,0,1,0.0,0.0,0,0,0,0,1
Alda,1,0,0,0,1,0.0,0.0,0,0,0,0,1
Aldor,1,0,0,0,1,0.0,0.0,0,0,0,0,1
Alef,1,0,0,0,1,0.0,0.0,0,0,0,0,1
Aleo,1,0,0,0,1,0.0,0.0,0,0,0,0,1
ALF,1,0,0,0,1,0.0,0.0,0,0,0,0,1
Algae,1,0,0,0,1,0.0,0.0,0,0,0,0,1
ALGOL,1,0,0,0,1,0.0,0.0,0,0,0,0,1
ALGOL 58,1,0,0,0,1,0.0,0.0,0,0,0,0,1
ALGOL 60,1,0,0,0,0,0.0,0.0,0,0,0,1,0
ALGOL 68,1,0,0,0,1,0.0,0.0,0,0,0,0,1
Algol W,1,0,0,0,1,0.0,0.0,0,0,0,0,1
ALGOL-M,1,0,0,0,1,0.0,0.0,0,0,0,0,1
ALGOL-N,1,0,0,0,1,0.0,0.0,0,0,0,0,1
ALGOL-T,1,0,0,0,1,0.0,0.0,0,0,0,0,1
Alice,1,0,0,0,0,0.0,0.0,0,0,0,1,0
Alice ML,1,0,0,0,1,0.0,0.0,0,0,0,0,1
Allegro CL,1,0,0,0,1,0.0,0.0,0,0,0,0,1
Alloy,1,0,0,0,1,0.0,0.0,0,0,0,0,1
ALM,1,0,0,0,1,0.0,0.0,0,0,0,0,1
Alma-0,1,0,0,0,0,0.0,0.0,0,0,0,1,0
Alms,1,0,0,0,1,0.0,0.0,0,0,0,0,1
Alore,1,0,0,0,1,0.0,0.0,0,0,0,0,1
Alpaca,1,0,0,0,1,0.0,0.0,0,0,0,0,1
Alpha Assembly,1,0,0,0,1,0.0,0.0,0,0,0,0,1
Alphard,1,0,0,0,1,0.0,0.0,0,0,0,0,1
Altair BASIC,1,0,0,0,1,0.0,0.0,0,0,0,0,1
ALTRAN,1,0,0,0,1,0.0,0.0,0,0,0,0,1
Alumina,1,0,0,0,1,0.0,0.0,0,0,0,0,1
Amaranth,1,0,0,0,1,0.0,0.0,0,0,0,0,1
Amber,1,0,0,0,1,0.0,0.0,0,0,0,0,1
AmbientTalk,1,0,0,0,1,0.0,0.0,0,0,0,0,1
AMBIT,1,0,0,0,1,0.0,0.0,0,0,0,0,1
Amiga BASIC,1,0,0,0,0,0.0,0.0,0,0,0,1,0
Amiga E,1,0,0,0,1,0.0,0.0,0,0,0,0,1
AML,1,0,0,0,0,0.0,0.0,0,0,0,1,0
AMOS,1,0,0,0,1,0.0,0.0,0,0,0,0,1
AMPL,1,0,0,0,1,0.0,0.0,0,0,0,0,1
AMTRAN,1,0,0,0,0,0.0,0.0,0,0,0,1,0
Amulet,1,0,0,0,1,0.0,0.0,0,0,0,0,1
Andl,1,0,0,0,1,0.0,0.0,0,0,0,0,1
Andromeda,1,0,0,0,1,0.0,0.0,0,0,0,0,1
AngelScript,1,0,0,0,0,0.0,0.0,0,0,0,1,0
Anglican,1,0,0,0,1,0.0,0.0,0,0,0,0,1
Anna,1,0,0,0,1,0.0,0.0,0,0,0,0,1
Ansible,1,0,0,0,1,0.0,0.0,0,0,0,0,1
Ante,1,0,0,0,1,0.0,0.0,0,0,0,0,1
ANTLR,1,0,0,0,1,0.0,0.0,0,0,0,0,1
Apex,1,0,0,0,1,0.0,0.0,0,0,0,0,1
Apl,1,0,0,0,1,0.0,0.0,0,0,0,0,1
APL*PLUS,1,0,0,0,1,0.0,0.0,0,0,0,0,1
APL2,1,0,0,0,1,0.0,0.0,0,0,0,0,1
APL\360,1,0,0,0,1,0.0,0.0,0,0,0,0,1
APL\370,1,0,0,0,1,0.0,0.0,0,0,0,0,1
APLX,1,0,0,0,0,0.0,0.0,0,0,0,1,0
AppleScript,1,0,0,0,1,0.0,0.0,0,0,0,0,1
Applesoft BASIC,1,0,0,0,1,0.0,0.0,0,0,0,0,1
April,1,0,0,0,1,0.0,0.0,0,0,0,0,1
APT,1,0,0,0,1,0.0,0.0,0,0,0,0,1
AQL,1,0,0,0,1,0.0,0.0,0,0,0,0,1
Arc,1,0,0,0,1,0.0,0.0,0,0,0,0,1
Archetype,1,0,0,0,1,0.0,0.0,0,0,0,0,1
Arden,1,0,0,0,1,0.0,0.0,0,0,0,0,1
Arden Syntax,1,0,0,0,1,0.0,0.0,0,0,0,0,1
Arduino,1,0,0,0,0,0.0,0.0,0,0,0,1,0
Arend,1,0,0,0,1,0.0,0.0,0,0,0,0,1
ARexx,1,0,0,0,1,0.0,0.0,0,0,0,0,1
Argile,1,0,0,0,0,0.0,0.0,0,0,0,1,0
Argos,1,0,0,0,1,0.0,0.0,0,0,0,0,1
Argus,1,0,0,0,1,0.0,0.0,0,0,0,0,1
ARIBAS,1,0,0,0,1,0.0,0.0,0,0,0,0,1
ARITH-MATIC,1,0,0,0,1,0.0,0.0,0,0,0,0,1
Ark,1,0,0,0,1,0.0,0.0,0,0,0,0,1
ArkScript,1,0,0,0,1,0.0,0.0,0,0,0,0,1
ArkTS,1,0,0,0,1,0.0,0.0,0,0,0,0,1
ARM Assembly,1,0,1,1,0,0.0,100.0,0,0,1,0,0
Arn,1,0,0,0,1,0.0,0.0,0,0,0,0,1
ArnoldC,1,0,0,0,0,0.0,0.0,0,0,0,1,0
Arturo,1,0,0,0,1,0.0,0.0,0,0,0,0,1
AsciiDoc,1,0,0,0,1,0.0,0.0,0,0,0,0,1
AsciiDots,1,0,0,0,1,0.0,0.0,0,0,0,0,1
ASF+SDF,1,0,0,0,1,0.0,0.0,0,0,0,0,1
Ash,1,0,0,0,0,0.0,0.0,0,0,0,1,0
ASIC,1,0,0,0,1,0.0,0.0,0,0,0,0,1
Asir,1,0,0,0,1,0.0,0.0,0,0,0,0,1
asm.js,1,0,0,0,1,0.0,0.0,0,0,0,0,1
ASN.1,1,0,0,0,1,0.0,0.0,0,0,0,0,1
ASP,1,0,0,0,1,0.0,0.0,0,0,0,0,1
AspectC++,1,0,0,0,1,0.0,0.0,0,0,0,0,1
AspectJ,1,0,0,0,0,0.0,0.0,0,0,0,1,0
Assembly,1,0,0,0,1,0.0,0.0,0,0,0,0,1
Assembly Language,1,0,0,0,1,0.0,0.0,0,0,0,0,1
AssemblyScript,1,0,0,0,1,0.0,0.0,0,0,0,0,1
ASSIST,1,0,0,0,1,0.0,0.0,0,0,0,0,1
Asymptote,1,0,0,0,1,0.0,0.0,0,0,0,0,1
Atari BASIC,1,0,0,0,0,0.0,0.0,0,0,0,1,0
Ateji PX,1,0,0,0,0,0.0,0.0,0,0,0,1,0
ATL,1,0,0,0,1,0.0,0.0,0,0,0,0,1
ATLAS,1,0,0,0,1,0.0,0.0,0,0,0,0,1
Atlas Autocode,1,0,0,0,1,0.0,0.0,0,0,0,0,1
Atomo,1,0,0,0,1,0.0,0.0,0,0,0,0,1
ATS,1,0,0,0,1,0.0,0.0,0,0,0,0,1
Augeas,1,0,0,0,1,0.0,0.0,0,0,0,0,1
Austral,1,0,0,0,1,0.0,0.0,0,0,0,0,1
Autocoder,1,0,0,0,1,0.0,0.0,0,0,0,0,1
AUTOFLOW,1,0,0,0,1,0.0,0.0,0,0,0,0,1
AutoHotkey,1,0,0,0,1,0.0,0.0,0,0,0,0,1
AutoIt,1,0,0,0,1,0.0,0.0,0,0,0,0,1
AutoLISP,1,0,0,0,1,0.0,0.0,0,0,0,0,1
Automath,1,0,0,0,1,0.0,0.0,0,0,0,0,1
Avail,1,0,0,0,1,0.0,0.0,0,0,0,0,1
Avenue,1,0,0,0,1,0.0,0.0,0,0,0,0,1
Averest,1,0,0,0,1,0.0,0.0,0,0,0,0,1
AVR Assembly,1,0,0,0,1,0.0,0.0,0,0,0,0,1
Awk,1,0,0,0,1,0.0,0.0,0,0,0,0,1
Axe,1,0,0,0,1,0.0,0.0,0,0,0,0,1
Axiom,1,0,0,0,0,0.0,0.0,0,0,0,1,0
Axum,1,0,0,0,1,0.0,0.0,0,0,0,0,1
Aya,1,0,0,0,1,0.0,0.0,0,0,0,0,1
B,1,0,0,0,1,0.0,0.0,0,0,0,0,1
B-Method,1,0,0,0,1,0.0,0.0,0,0,0,0,1
B-Prolog,1,0,0,0,1,0.0,0.0,0,0,0,0,1
B4X,1,0,0,0,0,0.0,0.0,0,0,0,1,0
B5000 Algol,1,0,0,0,1,0.0,0.0,0,0,0,0,1
B6700 Algol,1,0,0,0,1,0.0,0.0,0,0,0,0,1
Babashka,1,0,0,0,1,0.0,0.0,0,0,0,0,1
Babbage,1,0,0,0,0,0.0,0.0,0,0,0,1,0
Babel-17,1,0,0,0,1,0.0,0.0,0,0,0,0,1
Baby,1,0,0,0,1,0.0,0.0,0,0,0,0,1
BACAIC,1,0,0,0,0,0.0,0.0,0,0,0,1,0
BaCon,1,0,0,0,1,0.0,0.0,0,0,0,0,1
BAL,1,0,0,0,0,0.0,0.0,0,0,0,1,0
BALGOL,1,0,0,0,1,0.0,0.0,0,0,0,0,1
Ballerina,1,0,0,0,1,0.0,0.0,0,0,0,0,1
Balsa,1,0,0,0,1,0.0,0.0,0,0,0,0,1
Balzac,1,0,0,0,1,0.0,0.0,0,0,0,0,1
Bamboo,1,0,0,0,1,0.0,0.0,0,0,0,0,1
BASCOM,1,0,0,0,0,0.0,0.0,0,0,0,1,0
Bash,1,0,0,0,1,0.0,0.0,0,0,0,0,1
BASIC,1,0,0,0,1,0.0,0.0,0,0,0,0,1
BASIC-11,1,0,0,0,0,0.0,0.0,0,0,0,1,0
BASIC-128,1,0,0,0,1,0.0,0.0,0,0,0,0,1
BASIC-256,1,0,0,0,1,0.0,0.0,0,0,0,0,1
BASIC-360,1,0,0,0,1,0.0,0.0,0,0,0,0,1
BASIC-80,1,0,0,0,1,0.0,0.0,0,0,0,0,1
BASIC-D,1,0,0,0,1,0.0,0.0,0,0,0,0,1
BASIC-E,1,0,0,0,1,0.0,0.0,0,0,0,0,1
BASIC-PLUS,1,0,0,0,1,0.0,0.0,0,0,0,0,1
BASIC-PLUS-2,1,0,0,0,1,0.0,0.0,0,0,0,0,1
BASIC09,1,0,0,0,1,0.0,0.0,0,0,0,0,1
BASICA,1,0,0,0,1,0.0,0.0,0,0,0,0,1
BASICODE,1,0,0,0,1,0.0,0.0,0,0,0,0,1
Basil,1,0,0,0,1,0.0,0.0,0,0,0,0,1
Basilisp,1,0,0,0,1,0.0,0.0,0,0,0,0,1
Batari BASIC,1,0,0,0,1,0.0,0.0,0,0,0,0,1
Batch,1,0,0,0,1,0.0,0.0,0,0,0,0,1
Batsh,1,0,0,0,1,0.0,0.0,0,0,0,0,1
BBC BASIC,1,0,0,0,1,0.0,0.0,0,0,0,0,1
BBx,1,0,0,0,0,0.0,0.0,0,0,0,1,0
bc,1,0,0,0,1,0.0,0.0,0,0,0,0,1
BCPL,1,0,0,0,1,0.0,0.0,0,0,0,0,1
Beads,1,0,0,0,1,0.0,0.0,0,0,0,0,1
Bean,1,0,0,0,1,0.0,0.0,0,0,0,0,1
BeanShell,1,0,0,0,0,0.0,0.0,0,0,0,1,0
Beatnik,1,0,0,0,1,0.0,0.0,0,0,0,0,1
Beef,1,0,0,0,1,0.0,0.0,0,0,0,0,1
BEFLIX,1,0,0,0,1,0.0,0.0,0,0,0,0,1
Befunge,1,0,0,0,1,0.0,0.0,0,0,0,0,1
Befunge-93,1,0,0,0,1,0.0,0.0,0,0,0,0,1
Befunge-98,1,0,0,0,1,0.0,0.0,0,0,0,0,1
Bel,1,0,0,0,1,0.0,0.0,0,0,0,0,1
Beluga,1,0,0,0,1,0.0,0.0,0,0,0,0,1
Bend,1,0,0,0,1,0.0,0.0,0,0,0,0,1
BennuGD,1,0,0,0,1,0.0,0.0,0,0,0,0,1
Berry,1,0,0,0,1,0.0,0.0,0,0,0,0,1
Bertrand,1,0,0,0,1,0.0,0.0,0,0,0,0,1
Beryl,1,0,0,0,1,0.0,0.0,0,0,0,0,1
BESM-6 Assembly,1,0,0,0,1,0.0,0.0,0,0,0,0,1
Beta,1,0,0,0,1,0.0,0.0,0,0,0,0,1
Betty,1,0,0,0,1,0.0,0.0,0,0,0,0,1
Bicep,1,0,0,0,1,0.0,0.0,0,0,0,0,1
Bigloo,1,0,0,0,1,0.0,0.0,0,0,0,0,1
Binary Lambda Calculus,1,0,0,0,1,0.0,0.0,0,0,0,0,1
Birch,1,0,0,0,1,0.0,0.0,0,0,0,0,1
Bison,1,0,0,0,0,0.0,0.0,0,0,0,1,0
BitBake,1,0,0,0,1,0.0,0.0,0,0,0,0,1
BitBitJump,1,0,0,0,1,0.0,0.0,0,0,0,0,1
BitC,1,0,0,0,0,0.0,0.0,0,0,0,1,0
Bitcoin Script,1,0,0,0,0,0.0,0.0,0,0,0,1,0
BiwaScheme,1,0,0,0,0,0.0,0.0,0,0,0,1,0
Blackbird,1,0,0,0,1,0.0,0.0,0,0,0,0,1
BlackBox Component Builder,1,0,0,0,1,0.0,0.0,0,0,0,0,1
Blade,1,0,0,0,1,0.0,0.0,0,0,0,0,1
Blech,1,0,0,0,1,0.0,0.0,0,0,0,0,1
Blimp,1,0,0,0,1,0.0,0.0,0,0,0,0,1
BLISS,1,0,0,0,1,0.0,0.0,0,0,0,0,1
BLISS-10,1,0,0,0,1,0.0,0.0,0,0,0,0,1
BLISS-11,1,0,0,0,1,0.0,0.0,0,0,0,0,1
BLISS-16,1,0,0,0,1,0.0,0.0,0,0,0,0,1
BLISS-32,1,0,0,0,1,0.0,0.0,0,0,0,0,1
BLISS-36,1,0,0,0,1,0.0,0.0,0,0,0,0,1
BLISS-64,1,0,0,0,1,0.0,0.0,0,0,0,0,1
BLITZ,1,0,0,0,1,0.0,0.0,0,0,0,0,1
Blitz3D,1,0,0,0,1,0.0,0.0,0,0,0,0,1
BlitzBasic,1,0,0,0,1,0.0,0.0,0,0,0,0,1
BlitzMax,1,0,0,0,1,0.0,0.0,0,0,0,0,1
BlitzPlus,1,0,0,0,1,0.0,0.0,0,0,0,0,1
Blockly,1,0,0,0,0,0.0,0.0,0,0,0,1,0
BLODI,1,0,0,0,1,0.0,0.0,0,0,0,0,1
Bloom,1,0,0,0,1,0.0,0.0,0,0,0,0,1
BlooP,1,0,0,0,1,0.0,0.0,0,0,0,0,1
Blue,1,0,0,0,1,0.0,0.0,0,0,0,0,1
Bluespec,1,0,0,0,1,0.0,0.0,0,0,0,0,1
Bluespec SystemVerilog,1,0,0,0,1,0.0,0.0,0,0,0,0,1
BNR Prolog,1,0,1,1,0,0.0,100.0,0,0,1,0,0
Boa,1,0,0,0,0,0.0,0.0,0,0,0,1,0
Boo,1,0,0,0,1,0.0,0.0,0,0,0,0,1
Boogie,1,0,0,0,1,0.0,0.0,0,0,0,0,1
Boolfuck,1,0,0,0,1,0.0,0.0,0,0,0,0,1
Boomerang,1,0,0,0,1,0.0,0.0,0,0,0,0,1
Borgo,1,0,0,0,1,0.0,0.0,0,0,0,0,1
Boron,1,0,0,0,0,0.0,0.0,0,0,0,1,0
Bosatsu,1,0,0,0,1,0.0,0.0,0,0,0,0,1
Bosque,1,0,0,0,1,0.0,0.0,0,0,0,0,1
Bourne Shell,1,0,0,0,1,0.0,0.0,0,0,0,0,1
Bournegol,1,0,0,0,1,0.0,0.0,0,0,0,0,1
Boxer,1,0,0,0,0,0.0,0.0,0,0,0,1,0
BPEL,1,0,0,0,1,0.0,0.0,0,0,0,0,1
BQN,1,0,0,0,1,0.0,0.0,0,0,0,0,1
Brachylog,1,0,0,0,1,0.0,0.0,0,0,0,0,1
Bracmat,1,0,0,0,1,0.0,0.0,0,0,0,0,1
Braid,1,0,0,0,1,0.0,0.0,0,0,0,0,1
Brainfuck,1,0,0,0,1,0.0,0.0,0,0,0,0,1
Brat,1,0,0,0,1,0.0,0.0,0,0,0,0,1
BrightScript,1,0,0,0,1,0.0,0.0,0,0,0,0,1
Bril,1,0,0,0,1,0.0,0.0,0,0,0,0,1
Brook,1,0,0,0,1,0.0,0.0,0,0,0,0,1
bruijn,1,0,0,0,1,0.0,0.0,0,0,0,0,1
Brython,1,0,0,0,1,0.0,0.0,0,0,0,0,1
BUGS,1,0,0,0,1,0.0,0.0,0,0,0,0,1
Burlesque,1,0,0,0,1,0.0,0.0,0,0,0,0,1
Burroughs Extended Algol,1,0,0,0,1,0.0,0.0,0,0,0,0,1
Business BASIC,1,0,0,0,1,0.0,0.0,0,0,0,0,1
Buzz,1,0,0,0,1,0.0,0.0,0,0,0,0,1
bwBASIC,1,0,0,0,1,0.0,0.0,0,0,0,0,1
Bython,1,0,0,0,1,0.0,0.0,0,0,0,0,1
C,1,0,0,0,1,0.0,0.0,0,0,0,0,1
C Shell,1,0,0,0,1,0.0,0.0,0,0,0,0,1
C#,1,0,0,0,1,0.0,0.0,0,0,0,0,1
C*,1,0,0,0,1,0.0,0.0,0,0,0,0,1
C++,1,1,0,1,0,100.0,100.0,0,1,0,0,0
C++/CLI,1,0,0,0,1,0.0,0.0,0,0,0,0,1
C++/CX,1,0,0,0,1,0.0,0.0,0,0,0,0,1
C--,1,0,0,0,1,0.0,0.0,0,0,0,0,1
C/AL,1,0,0,0,1,0.0,0.0,0,0,0,0,1
C0,1,0,0,0,0,0.0,0.0,0,0,0,1,0
C2,1,0,0,0,1,0.0,0.0,0,0,0,0,1
C3,1,0,0,0,1,0.0,0.0,0,0,0,0,1
Caché ObjectScript,1,0,0,0,1,0.0,0.0,0,0,0,0,1
Cadabra,1,0,0,0,1,0.0,0.0,0,0,0,0,1
Cadence,1,0,0,0,1,0.0,0.0,0,0,0,0,1
CafeOBJ,1,0,0,0,1,0.0,0.0,0,0,0,0,1
Cairo,1,0,0,0,1,0.0,0.0,0,0,0,0,1
Cakelisp,1,0,0,0,1,0.0,0.0,0,0,0,0,1
CakeML,1,0,0,0,1,0.0,0.0,0,0,0,0,1
CAL,1,0,0,0,1,0.0,0.0,0,0,0,0,1
Calcit,1,0,0,0,1,0.0,0.0,0,0,0,0,1
Calyx,1,0,0,0,1,0.0,0.0,0,0,0,0,1
CAMAL,1,0,0,0,1,0.0,0.0,0,0,0,0,1
Caml,1,0,0,0,1,0.0,0.0,0,0,0,0,1
Caml Light,1,0,0,0,0,0.0,0.0,0,0,0,1,0
Candid,1,0,0,0,1,0.0,0.0,0,0,0,0,1
Cangjie,1,0,0,0,0,0.0,0.0,0,0,0,1,0
Canvas,1,0,0,0,1,0.0,0.0,0,0,0,0,1
CAOS,1,0,0,0,1,0.0,0.0,0,0,0,0,1
Cap'n Proto,1,0,0,0,1,0.0,0.0,0,0,0,0,1
Caramel,1,0,0,0,1,0.0,0.0,0,0,0,0,1
Carbon,1,0,0,0,1,0.0,0.0,0,0,0,0,1
CARDIAC,1,0,0,0,0,0.0,0.0,0,0,0,1,0
Carol,1,0,0,0,1,0.0,0.0,0,0,0,0,1
Carp,1,0,0,0,1,0.0,0.0,0,0,0,0,1
Casio BASIC,1,0,0,0,1,0.0,0.0,0,0,0,0,1
CASL,1,0,1,1,0,0.0,100.0,0,0,1,0,0
Cassandra Query Language,1,0,0,0,1,0.0,0.0,0,0,0,0,1
Cat,1,0,0,0,1,0.0,0.0,0,0,0,0,1
Catala,1,0,0,0,1,0.0,0.0,0,0,0,0,1
Cayenne,1,0,0,0,1,0.0,0.0,0,0,0,0,1
Cayley,1,0,0,0,0,0.0,0.0,0,0,0,1,0
CBASIC,1,0,0,0,1,0.0,0.0,0,0,0,0,1
CDC 6600 Assembly,1,0,0,0,1,0.0,0.0,0,0,0,0,1
CDuce,1,0,0,0,1,0.0,0.0,0,0,0,0,1
Cecil,1,0,0,0,1,0.0,0.0,0,0,0,0,1
Cedar,1,0,0,0,1,0.0,0.0,0,0,0,0,1
Cedille,1,0,0,0,1,0.0,0.0,0,0,0,0,1
CEL,1,0,0,0,1,0.0,0.0,0,0,0,0,1
Cell BE Assembly,1,0,0,0,1,0.0,0.0,0,0,0,0,1
Cello,1,0,0,0,1,0.0,0.0,0,0,0,0,1
Cerberus X,1,0,0,0,1,0.0,0.0,0,0,0,0,1
CESIL,1,0,0,0,0,0.0,0.0,0,0,0,1,0
Ceylon,1,0,0,0,1,0.0,0.0,0,0,0,0,1
CFEngine,1,0,0,0,1,0.0,0.0,0,0,0,0,1
CFML,1,0,0,0,1,0.0,0.0,0,0,0,0,1
Cforall,1,0,0,0,1,0.0,0.0,0,0,0,0,1
Cg,1,0,0,0,1,0.0,0.0,0,0,0,0,1
CGOL,1,0,0,0,1,0.0,0.0,0,0,0,0,1
Ch,1,0,0,0,1,0.0,0.0,0,0,0,0,1
ChaiScript,1,0,0,0,1,0.0,0.0,0,0,0,0,1
Chalice,1,0,0,0,1,0.0,0.0,0,0,0,0,1
Chalk,1,0,1,1,0,0.0,100.0,0,0,1,0,0
Chaos,1,0,0,0,1,0.0,0.0,0,0,0,0,1
Chapel,1,0,0,0,1,0.0,0.0,0,0,0,0,1
Charcoal,1,0,1,1,0,0.0,100.0,0,0,1,0,0
Charity,1,0,0,0,1,0.0,0.0,0,0,0,0,1
Charly,1,0,0,0,1,0.0,0.0,0,0,0,0,1
Charm++,1,0,0,0,1,0.0,0.0,0,0,0,0,1
ChatScript,1,0,0,0,1,0.0,0.0,0,0,0,0,1
Checked C,1,0,0,0,1,0.0,0.0,0,0,0,0,1
Cheddar,1,0,0,0,1,0.0,0.0,0,0,0,0,1
Cheetah,1,0,0,0,1,0.0,0.0,0,0,0,0,1
Chef,1,0,0,0,0,0.0,0.0,0,0,0,1,0
Chez Scheme,1,0,0,0,0,0.0,0.0,0,0,0,1,0
Chibi-Scheme,1,0,0,0,1,0.0,0.0,0,0,0,0,1
CHICKEN,1,0,0,0,0,0.0,0.0,0,0,0,1,0
CHILL,1,0,0,0,1,0.0,0.0,0,0,0,0,1
CHIP,1,0,0,0,1,0.0,0.0,0,0,0,0,1
CHIP-8,1,0,0,0,1,0.0,0.0,0,0,0,0,1
Chipmunk Basic,1,0,0,0,1,0.0,0.0,0,0,0,0,1
Chisel,1,0,0,0,1,0.0,0.0,0,0,0,0,1
ChoiceScript,1,0,0,0,1,0.0,0.0,0,0,0,0,1
ChucK,1,0,0,0,1,0.0,0.0,0,0,0,0,1
Church,1,0,0,0,1,0.0,0.0,0,0,0,0,1
Ciao,1,0,0,0,1,0.0,0.0,0,0,0,0,1
Ciel,1,0,0,0,1,0.0,0.0,0,0,0,0,1
Cilk,1,0,0,0,0,0.0,0.0,0,0,0,1,0
Circle,1,0,1,1,0,0.0,100.0,0,0,1,0,0
Circom,1,0,0,0,1,0.0,0.0,0,0,0,0,1
CircuitPython,1,0,0,0,1,0.0,0.0,0,0,0,0,1
Circus,1,0,0,0,1,0.0,0.0,0,0,0,0,1
Citrine,1,0,0,0,1,0.0,0.0,0,0,0,0,1
Civet,1,0,0,0,1,0.0,0.0,0,0,0,0,1
CJam,1,0,0,0,1,0.0,0.0,0,0,0,0,1
Clafer,1,0,0,0,1,0.0,0.0,0,0,0,0,1
Claire,1,0,0,0,0,0.0,0.0,0,0,0,1,0
Clarion,1,0,0,0,1,0.0,0.0,0,0,0,0,1
Clarity,1,0,0,0,1,0.0,0.0,0,0,0,0,1
Claro,1,0,0,0,1,0.0,0.0,0,0,0,0,1
Clascal,1,0,0,0,1,0.0,0.0,0,0,0,0,1
Clash,1,0,0,0,0,0.0,0.0,0,0,0,1,0
Clasp,1,0,0,0,1,0.0,0.0,0,0,0,0,1
Clay,1,0,0,0,1,0.0,0.0,0,0,0,0,1
Clean,1,0,0,0,1,0.0,0.0,0,0,0,0,1
Click,1,0,0,0,1,0.0,0.0,0,0,0,0,1
Clingo,1,0,0,0,1,0.0,0.0,0,0,0,0,1
Clio,1,0,0,0,1,0.0,0.0,0,0,0,0,1
Clipper,1,0,0,0,1,0.0,0.0,0,0,0,0,1
CLIPS,1,0,0,0,1,0.0,0.0,0,0,0,0,1
CLISP,1,0,0,0,0,0.0,0.0,0,0,0,1,0
CLIST,1,0,0,0,0,0.0,0.0,0,0,0,1,0
Clojerl,1,0,0,0,1,0.0,0.0,0,0,0,0,1
Clojure,1,0,0,0,1,0.0,0.0,0,0,0,0,1
ClojureScript,1,0,0,0,1,0.0,0.0,0,0,0,0,1
Clozure CL,1,0,0,0,1,0.0,0.0,0,0,0,0,1
CLP(R),1,0,0,0,1,0.0,0.0,0,0,0,0,1
CLU,1,0,0,0,1,0.0,0.0,0,0,0,0,1
Clue,1,0,0,0,1,0.0,0.0,0,0,0,0,1
Cmajor,1,0,0,0,1,0.0,0.0,0,0,0,0,1
CMake,1,0,0,0,1,0.0,0.0,0,0,0,0,1
CMPL,1,0,0,0,1,0.0,0.0,0,0,0,0,1
CMS EXEC,1,0,0,0,1,0.0,0.0,0,0,0,0,1
CMS-2,1,0,0,0,1,0.0,0.0,0,0,0,0,1
CMUCL,1,0,0,0,0,0.0,0.0,0,0,0,1,0
Co-dfns,1,0,0,0,1,0.0,0.0,0,0,0,0,1
Coalton,1,0,0,0,1,0.0,0.0,0,0,0,0,1
Coarray Fortran,1,0,0,0,1,0.0,0.0,0,0,0,0,1
COBOL,1,0,0,0,1,0.0,0.0,0,0,0,0,1
Cobra,1,0,0,0,0,0.0,0.0,0,0,0,1,0
Coco,1,0,1,1,0,0.0,100.0,0,0,1,0,0
CoCoA,1,0,0,0,0,0.0,0.0,0,0,0,1,0
Coconut,1,0,0,0,1,0.0,0.0,0,0,0,0,1
CodeQL,1,0,0,0,1,0.0,0.0,0,0,0,0,1
CODIL,1,0,0,0,1,0.0,0.0,0,0,0,0,1
Codon,1,0,0,0,0,0.0,0.0,0,0,0,1,0
CoffeeScript,1,0,0,0,1,0.0,0.0,0,0,0,0,1
Cogent,1,0,0,0,1,0.0,0.0,0,0,0,0,1
Cognate,1,0,0,0,1,0.0,0.0,0,0,0,0,1
COGO,1,0,0,0,0,0.0,0.0,0,0,0,1,0
Cola,1,0,0,0,1,0.0,0.0,0,0,0,0,1
ColdC,1,0,0,0,1,0.0,0.0,0,0,0,0,1
Color BASIC,1,0,0,0,1,0.0,0.0,0,0,0,0,1
colorForth,1,0,0,0,1,0.0,0.0,0,0,0,0,1
COMAL,1,0,0,0,1,0.0,0.0,0,0,0,0,1
COMEFROM,1,0,0,0,1,0.0,0.0,0,0,0,0,1
Comet,1,0,0,0,1,0.0,0.0,0,0,0,0,1
COMIT,1,0,0,0,1,0.0,0.0,0,0,0,0,1
COMIT II,1,0,0,0,1,0.0,0.0,0,0,0,0,1
Commodore BASIC,1,0,0,0,1,0.0,0.0,0,0,0,0,1
Common Intermediate Language,1,0,0,0,1,0.0,0.0,0,0,0,0,1
Common Lisp,1,0,0,0,1,0.0,0.0,0,0,0,0,1
Common Workflow Language,1,0,0,0,1,0.0,0.0,0,0,0,0,1
COMPACT II,1,0,0,0,0,0.0,0.0,0,0,0,1,0
COMPASS,1,0,0,0,0,0.0,0.0,0,0,0,1,0
Component Pascal,1,0,0,0,1,0.0,0.0,0,0,0,0,1
COMPOOL,1,0,0,0,1,0.0,0.0,0,0,0,0,1
COMTRAN,1,0,0,0,1,0.0,0.0,0,0,0,0,1
Concurnas,1,0,0,0,1,0.0,0.0,0,0,0,0,1
Concurrent C,1,0,0,0,1,0.0,0.0,0,0,0,0,1
Concurrent Euclid,1,0,0,0,1,0.0,0.0,0,0,0,0,1
Concurrent ML,1,0,0,0,1,0.0,0.0,0,0,0,0,1
Concurrent Pascal,1,0,0,0,1,0.0,0.0,0,0,0,0,1
Concurrent Prolog,1,0,0,0,1,0.0,0.0,0,0,0,0,1
Cone,1,0,0,0,1,0.0,0.0,0,0,0,0,1
Conniver,1,0,0,0,1,0.0,0.0,0,0,0,0,1
Constraint Handling Rules,1,0,0,0,1,0.0,0.0,0,0,0,0,1
ConTeXt,1,0,0,0,1,0.0,0.0,0,0,0,0,1
Context Free,1,0,0,0,1,0.0,0.0,0,0,0,0,1
Control Language,1,0,0,0,1,0.0,0.0,0,0,0,0,1
Converge,1,0,0,0,0,0.0,0.0,0,0,0,1,0
Convex,1,1,0,1,0,100.0,100.0,0,1,0,0,0
COOL,1,0,0,0,1,0.0,0.0,0,0,0,0,1
cooltt,1,0,0,0,1,0.0,0.0,0,0,0,0,1
Copilot,1,0,0,0,1,0.0,0.0,0,0,0,0,1
COQ,1,0,0,0,1,0.0,0.0,0,0,0,0,1
Coral,1,0,0,0,1,0.0,0.0,0,0,0,0,1
Coral 66,1,0,0,0,1,0.0,0.0,0,0,0,0,1
CORAL 68,1,0,0,0,1,0.0,0.0,0,0,0,0,1
CORC,1,0,0,0,1,0.0,0.0,0,0,0,0,1
CoreASM,1,0,0,0,1,0.0,0.0,0,0,0,0,1
Corman Lisp,1,0,1,1,0,0.0,100.0,0,0,1,0,0
Coursewriter,1,0,0,0,0,0.0,0.0,0,0,0,1,0
COW,1,0,0,0,1,0.0,0.0,0,0,0,0,1
Cowgol,1,0,0,0,1,0.0,0.0,0,0,0,0,1
COWSEL,1,0,0,0,1,0.0,0.0,0,0,0,0,1
CPL,1,0,0,0,1,0.0,0.0,0,0,0,0,1
cQASM,1,0,0,0,1,0.0,0.0,0,0,0,0,1
Crayon,1,0,0,0,1,0.0,0.0,0,0,0,0,1
Creol,1,0,0,0,1,0.0,0.0,0,0,0,0,1
Crumb,1,0,0,0,1,0.0,0.0,0,0,0,0,1
Cryptol,1,0,0,0,1,0.0,0.0,0,0,0,0,1
Crystal,1,0,0,0,1,0.0,0.0,0,0,0,0,1
CSMP,1,0,0,0,1,0.0,0.0,0,0,0,0,1
Csound,1,0,0,0,1,0.0,0.0,0,0,0,0,1
CSP,1,0,0,0,1,0.0,0.0,0,0,0,0,1
CSSL,1,0,0,0,1,0.0,0.0,0,0,0,0,1
Cubical,1,0,0,0,1,0.0,0.0,0,0,0,0,1
Cubix,1,0,0,0,1,0.0,0.0,0,0,0,0,1
CUDA,1,0,0,0,1,0.0,0.0,0,0,0,0,1
CUDA C++,1,0,0,0,0,0.0,0.0,0,0,0,1,0
CUE,1,0,0,0,1,0.0,0.0,0,0,0,0,1
Cuis,1,0,0,0,1,0.0,0.0,0,0,0,0,1
Cuneiform,1,0,0,0,1,0.0,0.0,0,0,0,0,1
CUPL,1,0,0,0,1,0.0,0.0,0,0,0,0,1
Cur,1,0,0,0,1,0.0,0.0,0,0,0,0,1
Curl,1,0,0,0,1,0.0,0.0,0,0,0,0,1
Curly,1,0,0,0,1,0.0,0.0,0,0,0,0,1
Curry,1,0,0,0,0,0.0,0.0,0,0,0,1,0
Curv,1,0,0,0,1,0.0,0.0,0,0,0,0,1
CWEB,1,0,0,0,1,0.0,0.0,0,0,0,0,1
CWIC,1,0,0,0,1,0.0,0.0,0,0,0,0,1
Cyan,1,0,0,0,1,0.0,0.0,0,0,0,0,1
Cyber,1,0,0,0,1,0.0,0.0,0,0,0,0,1
CycL,1,0,0,0,1,0.0,0.0,0,0,0,0,1
Cyclone,1,0,0,0,1,0.0,0.0,0,0,0,0,1
Cypher,1,0,0,0,1,0.0,0.0,0,0,0,0,1
Cython,1,0,0,0,0,0.0,0.0,0,0,0,1,0
Céu,1,0,0,0,0,0.0,0.0,0,0,0,1,0
Cω,1,0,0,0,1,0.0,0.0,0,0,0,0,1
D,1,0,0,0,1,0.0,0.0,0,0,0,0,1
Dafny,1,0,0,0,1,0.0,0.0,0,0,0,0,1
Dale,1,0,0,0,1,0.0,0.0,0,0,0,0,1
DAML,1,0,0,0,1,0.0,0.0,0,0,0,0,1
Dao,1,0,0,0,0,0.0,0.0,0,0,0,1,0
Dark,1,0,0,0,1,0.0,0.0,0,0,0,0,1
DarkBASIC,1,0,0,0,1,0.0,0.0,0,0,0,0,1
DARSIMCO,1,0,0,0,0,0.0,0.0,0,0,0,1,0
Dart,1,0,0,0,1,0.0,0.0,0,0,0,0,1
Dartmouth BASIC,1,0,0,0,1,0.0,0.0,0,0,0,0,1
daScript,1,0,0,0,1,0.0,0.0,0,0,0,0,1
Dash,1,0,0,0,0,0.0,0.0,0,0,0,1,0
DASL,1,0,0,0,1,0.0,0.0,0,0,0,0,1
DataFlex,1,0,0,0,1,0.0,0.0,0,0,0,0,1
Datafun,1,0,1,1,0,0.0,100.0,0,0,1,0,0
Datalog,1,0,1,1,0,0.0,100.0,0,0,1,0,0
DataWeave,1,0,0,0,1,0.0,0.0,0,0,0,0,1
DATR,1,0,0,0,1,0.0,0.0,0,0,0,0,1
Dawn,1,0,0,0,1,0.0,0.0,0,0,0,0,1
DAX,1,0,0,0,1,0.0,0.0,0,0,0,0,1
dBase,1,0,0,0,1,0.0,0.0,0,0,0,0,1
dc,1,0,0,0,1,0.0,0.0,0,0,0,0,1
DCL,1,0,0,0,1,0.0,0.0,0,0,0,0,1
DDlog,1,0,0,0,1,0.0,0.0,0,0,0,0,1
Deadfish,1,0,0,0,1,0.0,0.0,0,0,0,0,1
Decaf,1,0,0,0,1,0.0,0.0,0,0,0,0,1
DEDAL,1,0,0,0,0,0.0,0.0,0,0,0,1,0
Dedukti,1,0,0,0,1,0.0,0.0,0,0,0,0,1
Delphi,1,0,0,0,1,0.0,0.0,0,0,0,0,1
DERIVE,1,0,0,0,1,0.0,0.0,0,0,0,0,1
DEUCE Autocode,1,0,0,0,1,0.0,0.0,0,0,0,0,1
Dex,1,0,0,0,1,0.0,0.0,0,0,0,0,1
DG/L,1,0,0,0,1,0.0,0.0,0,0,0,0,1
Dhall,1,0,0,0,1,0.0,0.0,0,0,0,0,1
Dialog,1,0,0,0,1,0.0,0.0,0,0,0,0,1
DIBOL,1,0,0,0,1,0.0,0.0,0,0,0,0,1
Diby,1,0,0,0,1,0.0,0.0,0,0,0,0,1
Dictu,1,0,0,0,1,0.0,0.0,0,0,0,0,1
Diderot,1,0,0,0,1,0.0,0.0,0,0,0,0,1
DIESEL,1,0,0,0,1,0.0,0.0,0,0,0,0,1
Dino,1,0,0,0,1,0.0,0.0,0,0,0,0,1
Disciple,1,0,0,0,1,0.0,0.0,0,0,0,0,1
Disco,1,0,0,0,1,0.0,0.0,0,0,0,0,1
DITRAN,1,0,0,0,1,0.0,0.0,0,0,0,0,1
DIV,1,0,0,0,1,0.0,0.0,0,0,0,0,1
DLV,1,0,0,0,1,0.0,0.0,0,0,0,0,1
DLX,1,0,0,0,1,0.0,0.0,0,0,0,0,1
DM,1,0,0,0,1,0.0,0.0,0,0,0,0,1
DML,1,0,0,0,1,0.0,0.0,0,0,0,0,1
Dolphin Smalltalk,1,0,0,0,1,0.0,0.0,0,0,0,0,1
DOT,1,0,0,0,1,0.0,0.0,0,0,0,0,1
Draco,1,0,0,0,1,0.0,0.0,0,0,0,0,1
DRAKON,1,0,0,0,1,0.0,0.0,0,0,0,0,1
DSSSL,1,0,0,0,1,0.0,0.0,0,0,0,0,1
DTrace,1,0,0,0,1,0.0,0.0,0,0,0,0,1
Duby,1,0,0,0,1,0.0,0.0,0,0,0,0,1
Dusa,1,0,0,0,1,0.0,0.0,0,0,0,0,1
DWIM,1,0,0,0,1,0.0,0.0,0,0,0,0,1
DWScript,1,0,0,0,1,0.0,0.0,0,0,0,0,1
Dyalog,1,0,0,0,1,0.0,0.0,0,0,0,0,1
Dylan,1,0,0,0,0,0.0,0.0,0,0,0,1,0
Dyna,1,0,0,0,1,0.0,0.0,0,0,0,0,1
Dynace,1,0,0,0,1,0.0,0.0,0,0,0,0,1
DYNAMO,1,0,0,0,1,0.0,0.0,0,0,0,0,1
Dyon,1,0,0,0,1,0.0,0.0,0,0,0,0,1
Dyvil,1,0,0,0,1,0.0,0.0,0,0,0,0,1
Déjà Vu,1,0,0,0,1,0.0,0.0,0,0,0,0,1
E,1,0,0,0,1,0.0,0.0,0,0,0,0,1
Earl Grey,1,0,0,0,1,0.0,0.0,0,0,0,0,1
EASE,1,0,0,0,1,0.0,0.0,0,0,0,0,1
Easel,1,0,0,0,1,0.0,0.0,0,0,0,0,1
EASYCODER,1,0,0,0,1,0.0,0.0,0,0,0,0,1
EasyLang,1,0,0,0,1,0.0,0.0,0,0,0,0,1
EasyLanguage,1,0,0,0,1,0.0,0.0,0,0,0,0,1
Easytrieve,1,0,0,0,1,0.0,0.0,0,0,0,0,1
eBPF,1,0,0,0,1,0.0,0.0,0,0,0,0,1
eC,1,0,0,0,1,0.0,0.0,0,0,0,0,1
ECAP,1,0,0,0,1,0.0,0.0,0,0,0,0,1
Ecere,1,0,0,0,1,0.0,0.0,0,0,0,0,1
ECL,1,0,0,0,1,0.0,0.0,0,0,0,0,1
Eclair,1,0,0,0,1,0.0,0.0,0,0,0,0,1
ECLiPSe,1,0,0,0,1,0.0,0.0,0,0,0,0,1
ECMAScript,1,0,0,0,1,0.0,0.0,0,0,0,0,1
Ecstasy,1,0,0,0,1,0.0,0.0,0,0,0,0,1
Eden,1,0,0,0,1,0.0,0.0,0,0,0,0,1
EdgeQL,1,0,0,0,1,0.0,0.0,0,0,0,0,1
Edinburgh IMP,1,0,0,0,1,0.0,0.0,0,0,0,0,1
Edinburgh ML,1,0,0,0,1,0.0,0.0,0,0,0,0,1
Edison,1,0,0,0,1,0.0,0.0,0,0,0,0,1
EDSAC,1,0,0,0,1,0.0,0.0,0,0,0,0,1
Efene,1,0,0,0,1,0.0,0.0,0,0,0,0,1
Eff,1,0,0,0,1,0.0,0.0,0,0,0,0,1
Effekt,1,0,0,0,1,0.0,0.0,0,0,0,0,1
EFL,1,0,0,0,1,0.0,0.0,0,0,0,0,1
Egel,1,0,0,0,1,0.0,0.0,0,0,0,0,1
Egglog,1,0,0,0,1,0.0,0.0,0,0,0,0,1
Egison,1,0,0,0,1,0.0,0.0,0,0,0,0,1
EGL,1,0,0,0,0,0.0,0.0,0,0,0,1,0
Eiffel,1,0,0,0,1,0.0,0.0,0,0,0,0,1
EJS,1,0,0,0,1,0.0,0.0,0,0,0,0,1
Ela,1,0,0,0,1,0.0,0.0,0,0,0,0,1
Elan,1,0,0,0,1,0.0,0.0,0,0,0,0,1
Elchemy,1,0,0,0,1,0.0,0.0,0,0,0,0,1
Electrum,1,0,0,0,1,0.0,0.0,0,0,0,0,1
ELENA,1,0,0,0,1,0.0,0.0,0,0,0,0,1
Elf,1,0,1,1,0,0.0,100.0,0,0,1,0,0
ELI,1,0,0,0,1,0.0,0.0,0,0,0,0,1
Eliom,1,0,0,0,1,0.0,0.0,0,0,0,0,1
Elixir,1,0,0,0,1,0.0,0.0,0,0,0,0,1
Elk,1,0,0,0,0,0.0,0.0,0,0,0,1,0
ELLA,1,0,0,0,1,0.0,0.0,0,0,0,0,1
Elliott ALGOL,1,0,0,0,1,0.0,0.0,0,0,0,0,1
Elliott Autocode,1,0,0,0,1,0.0,0.0,0,0,0,0,1
Elm,1,0,0,0,1,0.0,0.0,0,0,0,0,1
Elpi,1,0,0,0,1,0.0,0.0,0,0,0,0,1
Elsa,1,0,0,0,1,0.0,0.0,0,0,0,0,1
Elvish,1,1,0,1,0,100.0,100.0,0,1,0,0,0
Elymas,1,0,0,0,1,0.0,0.0,0,0,0,0,1
Emacs Lisp,1,0,0,0,1,0.0,0.0,0,0,0,0,1
Embedded C++,1,0,0,0,1,0.0,0.0,0,0,0,0,1
Emerald,1,0,0,0,1,0.0,0.0,0,0,0,0,1
Emmental,1,0,0,0,0,0.0,0.0,0,0,0,1,0
Emojicode,1,0,0,0,1,0.0,0.0,0,0,0,0,1
Encore,1,0,0,0,1,0.0,0.0,0,0,0,0,1
English Electric Autocode,1,0,0,0,1,0.0,0.0,0,0,0,0,1
Enso,1,0,0,0,1,0.0,0.0,0,0,0,0,1
Eo,1,0,0,0,1,0.0,0.0,0,0,0,0,1
Epigram,1,0,0,0,0,0.0,0.0,0,0,0,1,0
EQN,1,0,0,0,1,0.0,0.0,0,0,0,0,1
ERB,1,0,1,1,0,0.0,100.0,0,0,1,0,0
Erg,1,0,0,0,1,0.0,0.0,0,0,0,0,1
Ergo,1,0,0,0,1,0.0,0.0,0,0,0,0,1
ERGOL,1,0,0,0,1,0.0,0.0,0,0,0,0,1
ErgoScript,1,0,0,0,1,0.0,0.0,0,0,0,0,1
Erlang,1,0,0,0,1,0.0,0.0,0,0,0,0,1
Es,1,0,0,0,1,0.0,0.0,0,0,0,0,1
Escher,1,0,0,0,1,0.0,0.0,0,0,0,0,1
ESPOL,1,0,0,0,1,0.0,0.0,0,0,0,0,1
Espruino,1,0,0,0,1,0.0,0.0,0,0,0,0,1
Essence,1,0,0,0,1,0.0,0.0,0,0,0,0,1
Essence Prime,1,0,0,0,1,0.0,0.0,0,0,0,0,1
Estelle,1,0,0,0,1,0.0,0.0,0,0,0,0,1
Esterel,1,0,0,0,1,0.0,0.0,0,0,0,0,1
Eta,1,0,0,0,1,0.0,0.0,0,0,0,0,1
Etoys,1,0,0,0,1,0.0,0.0,0,0,0,0,1
Euclid,1,0,0,0,1,0.0,0.0,0,0,0,0,1
Euler,1,0,0,0,1,0.0,0.0,0,0,0,0,1
EuLisp,1,0,0,0,1,0.0,0.0,0,0,0,0,1
Eumel,1,0,0,0,1,0.0,0.0,0,0,0,0,1
Euphoria,1,0,0,0,1,0.0,0.0,0,0,0,0,1
EusLisp,1,0,0,0,1,0.0,0.0,0,0,0,0,1
Eve,1,0,0,0,1,0.0,0.0,0,0,0,0,1
Event-B,1,0,0,0,1,0.0,0.0,0,0,0,0,1
EXAPT,1,0,0,0,1,0.0,0.0,0,0,0,0,1
EXEC,1,0,0,0,1,0.0,0.0,0,0,0,0,1
EXEC 2,1,0,0,0,1,0.0,0.0,0,0,0,0,1
EXEC 8,1,0,0,0,1,0.0,0.0,0,0,0,0,1
Expect,1,0,0,0,1,0.0,0.0,0,0,0,0,1
EXPL,1,0,0,0,1,0.0,0.0,0,0,0,0,1
Extempore,1,0,0,0,1,0.0,0.0,0,0,0,0,1
Extended Color BASIC,1,0,0,0,1,0.0,0.0,0,0,0,0,1
Extended ML,1,0,0,0,0,0.0,0.0,0,0,0,1,0
Extended Pascal,1,0,0,0,1,0.0,0.0,0,0,0,0,1
Ezhil,1,0,0,0,1,0.0,0.0,0,0,0,0,1
F,1,0,0,0,0,0.0,0.0,0,0,0,1,0
F#,1,0,0,0,1,0.0,0.0,0,0,0,0,1
F*,1,0,0,0,1,0.0,0.0,0,0,0,0,1
F-lite,1,0,0,0,1,0.0,0.0,0,0,0,0,1
F-Logic,1,0,0,0,1,0.0,0.0,0,0,0,0,1
F-Script,1,0,0,0,0,0.0,0.0,0,0,0,1,0
Fable,1,0,0,0,1,0.0,0.0,0,0,0,0,1
FACT,1,0,0,0,0,0.0,0.0,0,0,0,1,0
Factor,1,0,0,0,1,0.0,0.0,0,0,0,0,1
Falcon,1,0,0,0,1,0.0,0.0,0,0,0,0,1
False,1,0,0,0,1,0.0,0.0,0,0,0,0,1
Fancy,1,0,0,0,1,0.0,0.0,0,0,0,0,1
Fantom,1,0,0,0,1,0.0,0.0,0,0,0,0,1
FAP,1,0,0,0,1,0.0,0.0,0,0,0,0,1
FARGO,1,0,0,0,1,0.0,0.0,0,0,0,0,1
FASM,2,0,0,0,1,0.0,0.0,0,0,0,1,1
FAUST,1,0,0,0,1,0.0,0.0,0,0,0,0,1
Fay,1,0,0,0,1,0.0,0.0,0,0,0,0,1
Fe,1,0,0,0,1,0.0,0.0,0,0,0,0,1
FEEL,1,0,0,0,1,0.0,0.0,0,0,0,0,1
Feline,1,0,0,0,1,0.0,0.0,0,0,0,0,1
Felix,1,0,0,0,1,0.0,0.0,0,0,0,0,1
FemtoLisp,1,0,0,0,1,0.0,0.0,0,0,0,0,1
Fenix,1,0,0,0,1,0.0,0.0,0,0,0,0,1
Fennel,1,0,0,0,1,0.0,0.0,0,0,0,0,1
Feral,1,0,0,0,1,0.0,0.0,0,0,0,0,1
Ferite,1,0,0,0,1,0.0,0.0,0,0,0,0,1
Ferret,1,0,0,0,1,0.0,0.0,0,0,0,0,1
Fetlang,1,0,0,0,1,0.0,0.0,0,0,0,0,1
Fexl,1,0,0,0,1,0.0,0.0,0,0,0,0,1
Ficl,1,0,0,0,1,0.0,0.0,0,0,0,0,1
Fift,1,0,0,0,1,0.0,0.0,0,0,0,0,1
Figaro,1,0,0,0,1,0.0,0.0,0,0,0,0,1
Fika,1,0,0,0,1,0.0,0.0,0,0,0,0,1
Finch,1,0,0,0,1,0.0,0.0,0,0,0,0,1
FIRRTL,1,0,0,0,1,0.0,0.0,0,0,0,0,1
Fish,1,0,0,0,0,0.0,0.0,0,0,0,1,0
Fjölnir,1,0,0,0,0,0.0,0.0,0,0,0,1,0
FL,1,0,0,0,1,0.0,0.0,0,0,0,0,1
FLACC,1,0,0,0,1,0.0,0.0,0,0,0,0,1
FlagShip,1,0,0,0,1,0.0,0.0,0,0,0,0,1
Flapjax,1,0,0,0,1,0.0,0.0,0,0,0,0,1
Flavors,1,0,0,0,1,0.0,0.0,0,0,0,0,1
Flex,1,0,0,0,1,0.0,0.0,0,0,0,0,1
Flint,1,0,0,0,1,0.0,0.0,0,0,0,0,1
FLIP,1,0,0,0,0,0.0,0.0,0,0,0,1,0
Flix,1,0,0,0,1,0.0,0.0,0,0,0,0,1
FlooP,1,0,0,0,1,0.0,0.0,0,0,0,0,1
Flora-2,1,0,0,0,1,0.0,0.0,0,0,0,0,1
Flow,1,0,0,0,1,0.0,0.0,0,0,0,0,1
FLOW-MATIC,1,0,0,0,1,0.0,0.0,0,0,0,0,1
Flow9,1,0,0,0,1,0.0,0.0,0,0,0,0,1
FLOWTRAN,1,0,0,0,1,0.0,0.0,0,0,0,0,1
FLPL,1,0,0,0,1,0.0,0.0,0,0,0,0,1
Flux,1,0,0,0,0,0.0,0.0,0,0,0,1,0
Fluxus,1,0,0,0,1,0.0,0.0,0,0,0,0,1
FMSLogo,1,0,0,0,1,0.0,0.0,0,0,0,0,1
FOCAL,1,0,0,0,1,0.0,0.0,0,0,0,0,1
FOCUS,1,0,0,0,1,0.0,0.0,0,0,0,0,1
FOIL,1,0,0,0,1,0.0,0.0,0,0,0,0,1
Folders,1,0,0,0,0,0.0,0.0,0,0,0,1,0
Foma,1,0,0,0,1,0.0,0.0,0,0,0,0,1
FORM,1,0,0,0,1,0.0,0.0,0,0,0,0,1
FORMAC,1,0,0,0,1,0.0,0.0,0,0,0,0,1
Formality,1,0,0,0,1,0.0,0.0,0,0,0,0,1
Formulog,1,0,0,0,1,0.0,0.0,0,0,0,0,1
Formura,1,0,0,0,1,0.0,0.0,0,0,0,0,1
Forsythe,1,0,0,0,1,0.0,0.0,0,0,0,0,1
Forth,1,0,0,0,1,0.0,0.0,0,0,0,0,1
Fortran,1,0,0,0,1,0.0,0.0,0,0,0,0,1
Fortran 2003,1,0,0,0,1,0.0,0.0,0,0,0,0,1
Fortran 2008,1,0,0,0,1,0.0,0.0,0,0,0,0,1
Fortran 2018,1,0,0,0,1,0.0,0.0,0,0,0,0,1
Fortran 2023,1,0,0,0,1,0.0,0.0,0,0,0,0,1
FORTRAN 66,1,0,0,0,1,0.0,0.0,0,0,0,0,1
FORTRAN 77,1,0,0,0,1,0.0,0.0,0,0,0,0,1
Fortran 90,1,0,0,0,1,0.0,0.0,0,0,0,0,1
Fortran 95,1,0,0,0,1,0.0,0.0,0,0,0,0,1
FORTRAN I,1,0,0,0,1,0.0,0.0,0,0,0,0,1
FORTRAN II,1,0,0,0,0,0.0,0.0,0,0,0,1,0
FORTRAN III,1,0,0,0,1,0.0,0.0,0,0,0,0,1
FORTRAN IV,1,0,0,0,1,0.0,0.0,0,0,0,0,1
FORTRANSIT,1,0,0,0,1,0.0,0.0,0,0,0,0,1
Fortress,1,0,0,0,1,0.0,0.0,0,0,0,0,1
Forum,1,0,0,0,1,0.0,0.0,0,0,0,0,1
FoxBASE,1,0,0,0,1,0.0,0.0,0,0,0,0,1
FoxDot,1,0,0,0,1,0.0,0.0,0,0,0,0,1
FoxPro,1,0,0,0,1,0.0,0.0,0,0,0,0,1
FP,1,0,0,0,1,0.0,0.0,0,0,0,0,1
FQL,1,0,0,0,1,0.0,0.0,0,0,0,0,1
FRACTRAN,1,0,0,0,1,0.0,0.0,0,0,0,0,1
Frama-C,1,0,0,0,1,0.0,0.0,0,0,0,0,1
Frank,1,0,0,0,1,0.0,0.0,0,0,0,0,1
Franz Lisp,1,0,0,0,1,0.0,0.0,0,0,0,0,1
Free Pascal,1,0,0,0,0,0.0,0.0,0,0,0,1,0
FreeBASIC,1,0,0,0,1,0.0,0.0,0,0,0,0,1
FreeFEM,1,0,0,0,1,0.0,0.0,0,0,0,0,1
FreeMarker,1,0,0,0,0,0.0,0.0,0,0,0,1,0
FreeMat,1,0,0,0,1,0.0,0.0,0,0,0,0,1
Frege,1,0,0,0,0,0.0,0.0,0,0,0,1,0
Frenetic,1,0,0,0,0,0.0,0.0,0,0,0,1,0
FriCAS,1,0,0,0,0,0.0,0.0,0,0,0,1,0
Fril,1,0,0,0,1,0.0,0.0,0,0,0,0,1
Frink,1,0,0,0,0,0.0,0.0,0,0,0,1,0
FrTime,1,0,0,0,1,0.0,0.0,0,0,0,0,1
FunC,1,0,0,0,1,0.0,0.0,0,0,0,0,1
Function Block Diagram,1,0,0,0,1,0.0,0.0,0,0,0,0,1
FunL,1,0,0,0,1,0.0,0.0,0,0,0,0,1
Futhark,1,0,0,0,0,0.0,0.0,0,0,0,1,0
FutureBasic,1,0,0,0,0,0.0,0.0,0,0,0,1,0
Fuzion,1,0,0,0,1,0.0,0.0,0,0,0,0,1
Fuzuli,1,0,0,0,1,0.0,0.0,0,0,0,0,1
G-code,1,0,0,0,0,0.0,0.0,0,0,0,1,0
Gallina,1,0,0,0,1,0.0,0.0,0,0,0,0,1
Gambas,1,0,0,0,1,0.0,0.0,0,0,0,0,1
Gambit,1,0,0,0,1,0.0,0.0,0,0,0,0,1
Game Maker Language,1,0,0,0,1,0.0,0.0,0,0,0,0,1
GameLisp,1,0,0,0,1,0.0,0.0,0,0,0,0,1
GameMonkey Script,1,0,0,0,1,0.0,0.0,0,0,0,0,1
GAML,1,0,0,0,1,0.0,0.0,0,0,0,0,1
Gamma,1,0,0,0,1,0.0,0.0,0,0,0,0,1
GAMS,1,0,0,0,1,0.0,0.0,0,0,0,0,1
GAP,1,0,0,0,1,0.0,0.0,0,0,0,0,1
GAS,1,0,0,0,1,0.0,0.0,0,0,0,0,1
GASP,1,0,0,0,1,0.0,0.0,0,0,0,0,1
Gauche,1,0,0,0,1,0.0,0.0,0,0,0,0,1
GAUSS,1,0,0,0,0,0.0,0.0,0,0,0,1,0
GAWK,1,0,0,0,1,0.0,0.0,0,0,0,0,1
gbeta,1,0,0,0,1,0.0,0.0,0,0,0,0,1
GCL,1,0,0,0,0,0.0,0.0,0,0,0,1,0
GDL,1,0,0,0,1,0.0,0.0,0,0,0,0,1
GDLisp,1,0,0,0,1,0.0,0.0,0,0,0,0,1
GDScript,1,0,0,0,1,0.0,0.0,0,0,0,0,1
GEDANKEN,1,0,0,0,1,0.0,0.0,0,0,0,0,1
GeneXus,1,0,0,0,1,0.0,0.0,0,0,0,0,1
Genie,1,0,0,0,1,0.0,0.0,0,0,0,0,1
Genius,1,0,0,0,0,0.0,0.0,0,0,0,1,0
Genshi,1,0,0,0,1,0.0,0.0,0,0,0,0,1
Genstat,1,0,0,0,1,0.0,0.0,0,0,0,0,1
Gentee,1,0,0,0,1,0.0,0.0,0,0,0,0,1
GENTLE,1,0,0,0,1,0.0,0.0,0,0,0,0,1
Genyris,1,0,0,0,1,0.0,0.0,0,0,0,0,1
GEORGE,1,0,0,0,1,0.0,0.0,0,0,0,0,1
GEORGE 1,1,0,0,0,1,0.0,0.0,0,0,0,0,1
GEORGE 2,1,0,0,0,1,0.0,0.0,0,0,0,0,1
GEORGE 3,1,0,0,0,0,0.0,0.0,0,0,0,1,0
GEORGE 4,1,0,0,0,0,0.0,0.0,0,0,0,1,0
GEORGE 5,1,0,0,0,0,0.0,0.0,0,0,0,1,0
Gerbil,1,0,0,0,1,0.0,0.0,0,0,0,0,1
GF,1,0,0,0,1,0.0,0.0,0,0,0,0,1
GFA BASIC,1,0,1,1,0,0.0,100.0,0,0,1,0,0
Gforth,1,0,0,0,0,0.0,0.0,0,0,0,1,0
Gherkin,1,0,0,0,1,0.0,0.0,0,0,0,0,1
Giac,1,0,0,0,1,0.0,0.0,0,0,0,0,1
Gibber,1,0,0,0,1,0.0,0.0,0,0,0,0,1
GIER ALGOL,1,0,0,0,1,0.0,0.0,0,0,0,0,1
Ginger,1,0,0,0,1,0.0,0.0,0,0,0,0,1
Giotto,1,0,0,0,1,0.0,0.0,0,0,0,0,1
Glass,1,0,0,0,1,0.0,0.0,0,0,0,0,1
GLBasic,1,0,0,0,1,0.0,0.0,0,0,0,0,1
Gleam,1,0,0,0,1,0.0,0.0,0,0,0,0,1
Glee,1,0,0,0,1,0.0,0.0,0,0,0,0,1
Glicol,1,0,0,0,1,0.0,0.0,0,0,0,0,1
GLIM,1,0,0,0,1,0.0,0.0,0,0,0,0,1
Glossa,1,0,0,0,1,0.0,0.0,0,0,0,0,1
Glow,1,0,0,0,1,0.0,0.0,0,0,0,0,1
GLSL,1,0,0,0,1,0.0,0.0,0,0,0,0,1
Glulx,1,0,0,0,1,0.0,0.0,0,0,0,0,1
Gluon,1,0,0,0,1,0.0,0.0,0,0,0,0,1
Glyph,1,0,0,0,1,0.0,0.0,0,0,0,0,1
GML,1,0,0,0,0,0.0,0.0,0,0,0,1,0
GMPL,1,0,0,0,0,0.0,0.0,0,0,0,1,0
GN,1,0,0,0,1,0.0,0.0,0,0,0,0,1
GNU APL,1,0,0,0,1,0.0,0.0,0,0,0,0,1
GNU Pascal,1,0,0,0,1,0.0,0.0,0,0,0,0,1
GNU Poke,1,0,0,0,1,0.0,0.0,0,0,0,0,1
GNU Prolog,1,0,0,0,1,0.0,0.0,0,0,0,0,1
GNU Smalltalk,1,0,0,0,1,0.0,0.0,0,0,0,0,1
GnuCOBOL,1,0,0,0,1,0.0,0.0,0,0,0,0,1
Gnuplot,1,0,0,0,1,0.0,0.0,0,0,0,0,1
Go,1,0,0,0,1,0.0,0.0,0,0,0,0,1
Go+,1,0,0,0,1,0.0,0.0,0,0,0,0,1
GOAL,1,0,0,0,1,0.0,0.0,0,0,0,0,1
Goaldi,1,0,1,1,0,0.0,100.0,0,0,1,0,0
Goat,1,0,0,0,1,0.0,0.0,0,0,0,0,1
Gobra,1,0,0,0,1,0.0,0.0,0,0,0,0,1
Gobstones,1,0,0,0,1,0.0,0.0,0,0,0,0,1
Goby,1,0,0,0,1,0.0,0.0,0,0,0,0,1
Gofer,1,0,0,0,1,0.0,0.0,0,0,0,0,1
GolfScript,1,0,0,0,1,0.0,0.0,0,0,0,0,1
Golo,1,0,0,0,1,0.0,0.0,0,0,0,0,1
Golog,1,0,0,0,1,0.0,0.0,0,0,0,0,1
Goo,1,0,0,0,1,0.0,0.0,0,0,0,0,1
Goose,1,0,0,0,1,0.0,0.0,0,0,0,0,1
GorillaScript,1,0,0,0,1,0.0,0.0,0,0,0,0,1
Gosu,1,0,0,0,1,0.0,0.0,0,0,0,0,1
GOTRAN,1,0,0,0,1,0.0,0.0,0,0,0,0,1
GPM,1,0,0,0,1,0.0,0.0,0,0,0,0,1
GPSS,1,0,0,0,1,0.0,0.0,0,0,0,0,1
GPSS/360,1,0,0,0,0,0.0,0.0,0,0,0,1,0
GPSS/H,1,0,0,0,1,0.0,0.0,0,0,0,0,1
GQL,1,0,0,0,1,0.0,0.0,0,0,0,0,1
Grace,1,0,0,0,0,0.0,0.0,0,0,0,1,0
Grain,1,0,0,0,1,0.0,0.0,0,0,0,0,1
Granule,1,0,0,0,1,0.0,0.0,0,0,0,0,1
GraphQL,1,0,0,0,1,0.0,0.0,0,0,0,0,1
GRASS,1,0,0,0,1,0.0,0.0,0,0,0,0,1
Gravity,1,0,0,0,1,0.0,0.0,0,0,0,0,1
Gremlin,1,0,0,0,1,0.0,0.0,0,0,0,0,1
Gren,1,0,0,0,1,0.0,0.0,0,0,0,0,1
Gri,1,0,0,0,1,0.0,0.0,0,0,0,0,1
GROFF,1,0,0,0,0,0.0,0.0,0,0,0,1,0
Groovy,1,0,0,0,1,0.0,0.0,0,0,0,0,1
Groq,1,0,0,0,1,0.0,0.0,0,0,0,0,1
GSQL,1,0,0,0,1,0.0,0.0,0,0,0,0,1
GT.M,1,0,0,0,1,0.0,0.0,0,0,0,0,1
Guile,1,0,0,0,1,0.0,0.0,0,0,0,0,1
Gura,1,0,0,0,1,0.0,0.0,0,0,0,0,1
Guru,1,0,0,0,1,0.0,0.0,0,0,0,0,1
GW-BASIC,1,0,0,0,1,0.0,0.0,0,0,0,0,1
Gwion,1,0,0,0,1,0.0,0.0,0,0,0,0,1
Gypsy,1,0,0,0,0,0.0,0.0,0,0,0,1,0
Gödel,1,0,0,0,1,0.0,0.0,0,0,0,0,1
Habit,1,0,0,0,1,0.0,0.0,0,0,0,0,1
Hack,1,0,0,0,1,0.0,0.0,0,0,0,0,1
Hackett,1,0,0,0,1,0.0,0.0,0,0,0,0,1
HAGGIS,1,0,0,0,1,0.0,0.0,0,0,0,0,1
Hakaru,1,0,0,0,1,0.0,0.0,0,0,0,0,1
HAL/S,1,0,0,0,1,0.0,0.0,0,0,0,0,1
Halide,1,0,0,0,1,0.0,0.0,0,0,0,0,1
HAML,1,0,0,0,1,0.0,0.0,0,0,0,0,1
Hamler,1,0,0,0,1,0.0,0.0,0,0,0,0,1
Handel-C,1,0,0,0,1,0.0,0.0,0,0,0,0,1
Handlebars,1,0,0,0,1,0.0,0.0,0,0,0,0,1
Hansl,1,0,0,0,1,0.0,0.0,0,0,0,0,1
Harbour,1,0,0,0,1,0.0,0.0,0,0,0,0,1
HardCaml,1,0,0,0,1,0.0,0.0,0,0,0,0,1
Hare,1,0,0,0,1,0.0,0.0,0,0,0,0,1
Harlan,1,0,0,0,1,0.0,0.0,0,0,0,0,1
HashLink,1,0,0,0,1,0.0,0.0,0,0,0,0,1
Haskell,1,0,0,0,1,0.0,0.0,0,0,0,0,1
Hassium,1,0,0,0,1,0.0,0.0,0,0,0,0,1
Haxe,1,0,0,0,1,0.0,0.0,0,0,0,0,1
Haxl,1,0,0,0,1,0.0,0.0,0,0,0,0,1
Hazel,1,0,0,0,1,0.0,0.0,0,0,0,0,1
HCL,1,0,0,0,1,0.0,0.0,0,0,0,0,1
Hedy,1,0,0,0,1,0.0,0.0,0,0,0,0,1
Helios,1,0,0,0,0,0.0,0.0,0,0,0,1,0
Helium,1,0,0,0,1,0.0,0.0,0,0,0,0,1
Hermes,1,0,0,0,1,0.0,0.0,0,0,0,0,1
Heron,1,0,0,0,1,0.0,0.0,0,0,0,0,1
Hexagony,1,0,0,0,1,0.0,0.0,0,0,0,0,1
HicEst,1,0,0,0,1,0.0,0.0,0,0,0,0,1
High Level Assembly,1,0,0,0,1,0.0,0.0,0,0,0,0,1
High Performance Fortran,1,0,0,0,1,0.0,0.0,0,0,0,0,1
Hissp,1,0,0,0,1,0.0,0.0,0,0,0,0,1
HiveQL,1,0,0,0,1,0.0,0.0,0,0,0,0,1
HLA,1,0,0,0,0,0.0,0.0,0,0,0,1,0
HLASM,1,0,0,0,1,0.0,0.0,0,0,0,0,1
HLSL,1,0,0,0,1,0.0,0.0,0,0,0,0,1
Hobbes,1,0,0,0,1,0.0,0.0,0,0,0,0,1
HOCON,1,0,0,0,1,0.0,0.0,0,0,0,0,1
Hodor,1,0,0,0,1,0.0,0.0,0,0,0,0,1
HOL,1,0,0,0,1,0.0,0.0,0,0,0,0,1
HOL Light,1,0,0,0,1,0.0,0.0,0,0,0,0,1
HOL4,1,0,0,0,1,0.0,0.0,0,0,0,0,1
Hollywood,1,0,0,0,1,0.0,0.0,0,0,0,0,1
HolyC,1,0,0,0,0,0.0,0.0,0,0,0,1,0
Homespring,1,0,0,0,1,0.0,0.0,0,0,0,0,1
Hook,1,0,0,0,1,0.0,0.0,0,0,0,0,1
Hoon,1,0,0,0,1,0.0,0.0,0,0,0,0,1
Hop,1,0,0,0,1,0.0,0.0,0,0,0,0,1
Hope,1,0,0,0,1,0.0,0.0,0,0,0,0,1
Hopper,1,0,0,0,1,0.0,0.0,0,0,0,0,1
Hopscotch,1,0,0,0,0,0.0,0.0,0,0,0,1,0
Horse64,1,0,0,0,1,0.0,0.0,0,0,0,0,1
Hot Soup Processor,1,0,0,0,1,0.0,0.0,0,0,0,0,1
HP PPL,1,0,0,0,1,0.0,0.0,0,0,0,0,1
HQ9+,1,0,0,0,1,0.0,0.0,0,0,0,0,1
HQL,1,0,0,0,1,0.0,0.0,0,0,0,0,1
Huff,1,0,0,0,1,0.0,0.0,0,0,0,0,1
Huginn,1,0,0,0,1,0.0,0.0,0,0,0,0,1
Hugo,1,0,0,0,0,0.0,0.0,0,0,0,1,0
Hugs,1,0,0,0,1,0.0,0.0,0,0,0,0,1
Humbug,1,0,0,0,1,0.0,0.0,0,0,0,0,1
Hume,1,0,0,0,1,0.0,0.0,0,0,0,0,1
Husk,1,0,0,0,1,0.0,0.0,0,0,0,0,1
HVM,1,0,0,0,1,0.0,0.0,0,0,0,0,1
Hy,1,0,0,0,1,0.0,0.0,0,0,0,0,1
Hylo,1,0,0,0,1,0.0,0.0,0,0,0,0,1
HyperTalk,1,0,0,0,1,0.0,0.0,0,0,0,0,1
IA-64 Assembly,1,0,0,0,1,0.0,0.0,0,0,0,0,1
IAL,1,0,0,0,1,0.0,0.0,0,0,0,0,1
IBM 1130 Assembly,1,0,0,0,1,0.0,0.0,0,0,0,0,1
IBM 1401 Assembly,1,0,0,0,1,0.0,0.0,0,0,0,0,1
IBM 1401 Autocoder,1,0,0,0,1,0.0,0.0,0,0,0,0,1
IBM 1620 Assembly,1,0,0,0,0,0.0,0.0,0,0,0,1,0
IBM 360 Assembly,1,0,0,0,1,0.0,0.0,0,0,0,0,1
IBM 370 Assembly,1,0,0,0,1,0.0,0.0,0,0,0,0,1
IBM 650 Assembly,1,0,0,0,1,0.0,0.0,0,0,0,0,1
IBM 704 Assembly,1,0,0,0,1,0.0,0.0,0,0,0,0,1
IBM 705 Assembly,1,0,0,0,1,0.0,0.0,0,0,0,0,1
IBM 709 Assembly,1,0,0,0,1,0.0,0.0,0,0,0,0,1
IBM 7090 Assembly,1,0,0,0,1,0.0,0.0,0,0,0,0,1
Ice,1,0,0,0,1,0.0,0.0,0,0,0,0,1
IcedCoffeeScript,1,0,0,0,1,0.0,0.0,0,0,0,0,1
Ichiban Prolog,1,0,0,0,1,0.0,0.0,0,0,0,0,1
ICI,1,0,0,0,1,0.0,0.0,0,0,0,0,1
Icon,1,0,0,0,1,0.0,0.0,0,0,0,0,1
Id,1,0,0,0,1,0.0,0.0,0,0,0,0,1
IDEAL,1,0,0,0,1,0.0,0.0,0,0,0,0,1
Idio,1,0,0,0,1,0.0,0.0,0,0,0,0,1
IDL,1,0,0,0,1,0.0,0.0,0,0,0,0,1
Idol,1,0,0,0,1,0.0,0.0,0,0,0,0,1
Idris,1,0,0,0,1,0.0,0.0,0,0,0,0,1
Idris 1,1,0,0,0,1,0.0,0.0,0,0,0,0,1
Idris2,1,0,0,0,1,0.0,0.0,0,0,0,0,1
Idyll,1,0,0,0,1,0.0,0.0,0,0,0,0,1
IFTRAN,1,0,0,0,0,0.0,0.0,0,0,0,1,0
IITRAN,1,0,0,0,1,0.0,0.0,0,0,0,0,1
Ikarus,1,0,0,0,1,0.0,0.0,0,0,0,0,1
Imandra,1,0,0,0,1,0.0,0.0,0,0,0,0,1
Imba,1,0,0,0,1,0.0,0.0,0,0,0,0,1
IMP,1,0,0,0,1,0.0,0.0,0,0,0,0,1
ImplicitCAD,1,0,0,0,1,0.0,0.0,0,0,0,0,1
Impromptu,1,0,0,0,1,0.0,0.0,0,0,0,0,1
incr Tcl,1,0,0,0,1,0.0,0.0,0,0,0,0,1
InfluxQL,1,0,0,0,1,0.0,0.0,0,0,0,0,1
Inform 0,1,0,0,0,1,0.0,0.0,0,0,0,0,1
Inform 1,1,0,0,0,1,0.0,0.0,0,0,0,0,1
Inform 2,1,0,0,0,1,0.0,0.0,0,0,0,0,1
Inform 3,1,0,0,0,1,0.0,0.0,0,0,0,0,1
Inform 4,1,0,0,0,1,0.0,0.0,0,0,0,0,1
Inform 5,1,0,0,0,1,0.0,0.0,0,0,0,0,1
Inform 6,1,0,0,0,1,0.0,0.0,0,0,0,0,1
Inform 7,1,0,0,0,1,0.0,0.0,0,0,0,0,1
Informix 4GL,1,0,0,0,1,0.0,0.0,0,0,0,0,1
Ink,1,0,0,0,1,0.0,0.0,0,0,0,0,1
Inkling,1,0,0,0,1,0.0,0.0,0,0,0,0,1
Inko,1,0,0,0,1,0.0,0.0,0,0,0,0,1
Inno Setup,1,0,0,0,1,0.0,0.0,0,0,0,0,1
Insitux,1,0,0,0,1,0.0,0.0,0,0,0,0,1
Instruction List,1,0,0,0,0,0.0,0.0,0,0,0,1,0
Integer BASIC,1,0,0,0,1,0.0,0.0,0,0,0,0,1
Intel 4004 Assembly,1,0,0,0,1,0.0,0.0,0,0,0,0,1
Interactive C,1,0,0,0,1,0.0,0.0,0,0,0,0,1
INTERCAL,1,0,0,0,1,0.0,0.0,0,0,0,0,1
Interlisp,1,0,0,0,1,0.0,0.0,0,0,0,0,1
Io,1,0,0,0,1,0.0,0.0,0,0,0,0,1
Ioke,1,0,0,0,1,0.0,0.0,0,0,0,0,1
Ion,1,0,1,1,0,0.0,100.0,0,0,1,0,0
Iota,1,0,0,0,1,0.0,0.0,0,0,0,0,1
IPL,1,0,0,0,1,0.0,0.0,0,0,0,0,1
IPL-I,1,0,0,0,1,0.0,0.0,0,0,0,0,1
IPL-II,1,0,0,0,1,0.0,0.0,0,0,0,0,1
IPL-III,1,0,0,0,1,0.0,0.0,0,0,0,0,1
IPL-IV,1,0,0,0,1,0.0,0.0,0,0,0,0,1
IPL-V,1,0,0,0,0,0.0,0.0,0,0,0,1,0
IPL-VI,1,0,0,0,1,0.0,0.0,0,0,0,0,1
IPTSCRAE,1,0,0,0,1,0.0,0.0,0,0,0,0,1
IronPython,1,0,0,0,1,0.0,0.0,0,0,0,0,1
IronRuby,1,0,0,0,1,0.0,0.0,0,0,0,0,1
IronScheme,1,0,0,0,1,0.0,0.0,0,0,0,0,1
IS-BASIC,1,0,0,0,0,0.0,0.0,0,0,0,1,0
Isabelle,1,0,0,0,1,0.0,0.0,0,0,0,0,1
Isar,1,0,0,0,1,0.0,0.0,0,0,0,0,1
ISBL,1,0,0,0,0,0.0,0.0,0,0,0,1,0
ISETL,1,0,0,0,1,0.0,0.0,0,0,0,0,1
ISLISP,1,0,0,0,1,0.0,0.0,0,0,0,0,1
ISPC,1,0,0,0,1,0.0,0.0,0,0,0,0,1
ISWIM,1,0,0,0,1,0.0,0.0,0,0,0,0,1
IT,1,0,0,0,1,0.0,0.0,0,0,0,0,1
Ivory,1,0,0,0,0,0.0,0.0,0,0,0,1,0
Ivy,1,0,1,1,0,0.0,100.0,0,0,1,0,0
IWIM,1,0,0,0,1,0.0,0.0,0,0,0,0,1
J,1,0,0,0,1,0.0,0.0,0,0,0,0,1
J#,1,0,0,0,1,0.0,0.0,0,0,0,0,1
Jac,1,0,0,0,1,0.0,0.0,0,0,0,0,1
Jacl,1,0,1,1,0,0.0,100.0,0,0,1,0,0
JADE,1,0,0,0,0,0.0,0.0,0,0,0,1,0
Jael,1,0,0,0,1,0.0,0.0,0,0,0,0,1
JAGS,1,0,0,0,1,0.0,0.0,0,0,0,0,1
Jai,1,0,0,0,1,0.0,0.0,0,0,0,0,1
Jakt,1,0,0,0,1,0.0,0.0,0,0,0,0,1
JAL,1,0,0,0,1,0.0,0.0,0,0,0,0,1
Jam,1,0,0,0,1,0.0,0.0,0,0,0,0,1
Jancy,1,0,0,0,1,0.0,0.0,0,0,0,0,1
Janet,1,0,0,0,1,0.0,0.0,0,0,0,0,1
Jank,1,0,0,0,1,0.0,0.0,0,0,0,0,1
Janus,1,0,0,0,0,0.0,0.0,0,0,0,1,0
Japt,1,0,0,0,1,0.0,0.0,0,0,0,0,1
JAQAL,1,0,0,0,1,0.0,0.0,0,0,0,0,1
Jasmin,1,0,0,0,1,0.0,0.0,0,0,0,0,1
Jason,1,0,0,0,1,0.0,0.0,0,0,0,0,1
JASS,1,0,0,0,1,0.0,0.0,0,0,0,0,1
Java,1,0,0,0,1,0.0,0.0,0,0,0,0,1
JavaFX Script,1,0,0,0,1,0.0,0.0,0,0,0,0,1
JavaScript,1,0,0,0,1,0.0,0.0,0,0,0,0,1
jBASE,1,0,0,0,1,0.0,0.0,0,0,0,0,1
JCL,1,0,0,0,1,0.0,0.0,0,0,0,0,1
JEAN,1,0,0,0,1,0.0,0.0,0,0,0,0,1
Jelly,1,0,0,0,1,0.0,0.0,0,0,0,0,1
Jeroo,1,0,0,0,1,0.0,0.0,0,0,0,0,1
JESS,1,0,0,0,0,0.0,0.0,0,0,0,1,0
Jim Tcl,1,0,0,0,1,0.0,0.0,0,0,0,0,1
Jinja,1,0,0,0,1,0.0,0.0,0,0,0,0,1
Jinx,1,0,0,0,1,0.0,0.0,0,0,0,0,1
JMESPath,1,0,0,0,1,0.0,0.0,0,0,0,0,1
JML,1,0,0,0,0,0.0,0.0,0,0,0,1,0
JoCaml,1,0,0,0,0,0.0,0.0,0,0,0,1,0
Joker,1,0,0,0,1,0.0,0.0,0,0,0,0,1
Jolie,1,0,0,0,0,0.0,0.0,0,0,0,1,0
Jorth,1,0,0,0,1,0.0,0.0,0,0,0,0,1
JOSS,1,0,0,0,1,0.0,0.0,0,0,0,0,1
JOSS I,1,0,0,0,1,0.0,0.0,0,0,0,0,1
JOSS III,1,0,0,0,1,0.0,0.0,0,0,0,0,1
JOSS IV,1,0,0,0,1,0.0,0.0,0,0,0,0,1
Jot,1,0,0,0,1,0.0,0.0,0,0,0,0,1
Joule,1,0,0,0,1,0.0,0.0,0,0,0,0,1
JOVIAL,1,0,0,0,1,0.0,0.0,0,0,0,0,1
JOVIAL J3,1,0,0,0,0,0.0,0.0,0,0,0,1,0
JOVIAL J73,1,0,0,0,1,0.0,0.0,0,0,0,0,1
Joxa,1,0,0,0,1,0.0,0.0,0,0,0,0,1
Joy,1,0,0,0,0,0.0,0.0,0,0,0,1,0
Joyce,1,0,0,0,1,0.0,0.0,0,0,0,0,1
JPQL,1,0,0,0,1,0.0,0.0,0,0,0,0,1
Jq,1,0,1,1,0,0.0,100.0,0,0,1,0,0
JR,1,0,0,0,1,0.0,0.0,0,0,0,0,1
JRuby,1,0,0,0,1,0.0,0.0,0,0,0,0,1
JScheme,1,0,0,0,1,0.0,0.0,0,0,0,0,1
JScript,1,0,0,0,1,0.0,0.0,0,0,0,0,1
JScript .NET,1,0,0,0,0,0.0,0.0,0,0,0,1,0
JScript.NET,1,0,0,0,0,0.0,0.0,0,0,0,1,0
JSFuck,1,0,0,0,1,0.0,0.0,0,0,0,0,1
JSL,1,0,0,0,1,0.0,0.0,0,0,0,0,1
JSLT,1,0,1,1,0,0.0,100.0,0,0,1,0,0
JSONata,1,0,0,0,1,0.0,0.0,0,0,0,0,1
JSONiq,1,0,0,0,1,0.0,0.0,0,0,0,0,1
Jsonnet,1,0,0,0,1,0.0,0.0,0,0,0,0,1
JSONPath,1,0,0,0,1,0.0,0.0,0,0,0,0,1
JSX,1,0,0,0,1,0.0,0.0,0,0,0,0,1
Jule,1,0,0,0,1,0.0,0.0,0,0,0,0,1
Julia,1,0,0,0,1,0.0,0.0,0,0,0,0,1
Juniper,1,0,0,0,1,0.0,0.0,0,0,0,0,1
Juno,1,0,0,0,0,0.0,0.0,0,0,0,1,0
Just,1,0,0,0,1,0.0,0.0,0,0,0,0,1
Just BASIC,1,0,0,0,1,0.0,0.0,0,0,0,0,1
Juttle,1,0,0,0,1,0.0,0.0,0,0,0,0,1
Juvix,1,0,0,0,1,0.0,0.0,0,0,0,0,1
Jython,1,0,0,0,1,0.0,0.0,0,0,0,0,1
K,1,0,0,0,1,0.0,0.0,0,0,0,0,1
Kaitai Struct,1,0,0,0,1,0.0,0.0,0,0,0,0,1
Kal,1,0,1,1,0,0.0,100.0,0,0,1,0,0
Kaleidoscope,1,0,0,0,0,0.0,0.0,0,0,0,1,0
Kalyn,1,0,1,1,0,0.0,100.0,0,0,1,0,0
Kamailio,1,0,0,0,1,0.0,0.0,0,0,0,0,1
Kamin,1,0,0,0,1,0.0,0.0,0,0,0,0,1
Kap,1,0,0,0,1,0.0,0.0,0,0,0,0,1
Kapok,1,0,0,0,1,0.0,0.0,0,0,0,0,1
Kappa,1,0,0,0,1,0.0,0.0,0,0,0,0,1
Karel,1,0,0,0,1,0.0,0.0,0,0,0,0,1
Karel (programming language),1,0,0,0,1,0.0,0.0,0,0,0,0,1
Kawa,1,0,0,0,1,0.0,0.0,0,0,0,0,1
Kaya,1,0,0,0,1,0.0,0.0,0,0,0,0,1
KCL,1,0,0,0,1,0.0,0.0,0,0,0,0,1
kdb+,1,0,0,0,0,0.0,0.0,0,0,0,1,0
KDF9 Autocode,1,0,0,0,1,0.0,0.0,0,0,0,0,1
KDL,1,0,0,0,1,0.0,0.0,0,0,0,0,1
Keg,1,0,0,0,1,0.0,0.0,0,0,0,0,1
Keli,1,0,0,0,1,0.0,0.0,0,0,0,0,1
Kempe,1,0,0,0,1,0.0,0.0,0,0,0,0,1
KerboScript,1,0,0,0,0,0.0,0.0,0,0,0,1,0
Kermeta,1,0,0,0,1,0.0,0.0,0,0,0,0,1
Kermit,1,0,0,0,1,0.0,0.0,0,0,0,0,1
Kernel,1,0,0,0,1,0.0,0.0,0,0,0,0,1
Ketos,1,0,0,0,1,0.0,0.0,0,0,0,0,1
KIF,1,0,0,0,1,0.0,0.0,0,0,0,0,1
Kind,1,0,0,0,1,0.0,0.0,0,0,0,0,1
Kind2,1,0,0,0,1,0.0,0.0,0,0,0,0,1
Kinx,1,0,0,0,1,0.0,0.0,0,0,0,0,1
Kipper,1,0,0,0,1,0.0,0.0,0,0,0,0,1
Kipple,1,0,0,0,1,0.0,0.0,0,0,0,0,1
Kit,1,0,0,0,1,0.0,0.0,0,0,0,0,1
Kite,1,0,0,0,1,0.0,0.0,0,0,0,0,1
Kitten,1,0,0,0,0,0.0,0.0,0,0,0,1,0
KiXtart,1,0,0,0,1,0.0,0.0,0,0,0,0,1
KL0,1,0,0,0,1,0.0,0.0,0,0,0,0,1
KL1,1,0,0,0,1,0.0,0.0,0,0,0,0,1
Klara,1,0,0,0,1,0.0,0.0,0,0,0,0,1
Klerer-May System,1,0,0,0,1,0.0,0.0,0,0,0,0,1
Klong,1,0,0,0,1,0.0,0.0,0,0,0,0,1
Kodu,1,0,0,0,1,0.0,0.0,0,0,0,0,1
Kogut,1,0,0,0,1,0.0,0.0,0,0,0,0,1
Kojo,2,0,0,0,2,0.0,0.0,0,0,0,0,2
Koka,1,0,0,0,1,0.0,0.0,0,0,0,0,1
Kona,1,0,0,0,1,0.0,0.0,0,0,0,0,1
KornShell,1,0,0,0,1,0.0,0.0,0,0,0,0,1
kOS,1,0,0,0,1,0.0,0.0,0,0,0,0,1
Kotlin,1,0,0,0,1,0.0,0.0,0,0,0,0,1
Kotlin Native,1,0,0,0,1,0.0,0.0,0,0,0,0,1
Kotlinx,1,0,0,0,1,0.0,0.0,0,0,0,0,1
Koto,1,0,0,0,1,0.0,0.0,0,0,0,0,1
KQL,1,0,0,0,1,0.0,0.0,0,0,0,0,1
KQML,1,0,0,0,1,0.0,0.0,0,0,0,0,1
KRC,1,0,0,0,1,0.0,0.0,0,0,0,0,1
KRL,1,0,1,1,0,0.0,100.0,0,0,1,0,0
Kronos,1,0,0,0,1,0.0,0.0,0,0,0,0,1
Kuin,1,0,0,0,1,0.0,0.0,0,0,0,0,1
Kuroko,1,0,0,0,1,0.0,0.0,0,0,0,0,1
Kusto Query Language,1,0,0,0,1,0.0,0.0,0,0,0,0,1
Kymera,1,0,0,0,1,0.0,0.0,0,0,0,0,1
L,1,0,0,0,1,0.0,0.0,0,0,0,0,1
L3,1,0,0,0,1,0.0,0.0,0,0,0,0,1
L6,1,0,0,0,0,0.0,0.0,0,0,0,1,0
LabVIEW,1,0,0,0,1,0.0,0.0,0,0,0,0,1
Labyrinth,1,0,0,0,1,0.0,0.0,0,0,0,0,1
Ladder Logic,1,0,0,0,1,0.0,0.0,0,0,0,0,1
Lagoona,1,0,0,0,0,0.0,0.0,0,0,0,1,0
Lambda Prolog,1,0,1,1,0,0.0,100.0,0,0,1,0,0
Laning and Zierler System,1,0,0,0,1,0.0,0.0,0,0,0,0,1
LANSA,1,0,0,0,1,0.0,0.0,0,0,0,0,1
Larceny,1,0,0,0,1,0.0,0.0,0,0,0,0,1
Larch,1,0,0,0,1,0.0,0.0,0,0,0,0,1
Lasca,1,0,0,0,1,0.0,0.0,0,0,0,0,1
Lasso,1,0,0,0,1,0.0,0.0,0,0,0,0,1
Laszlo,1,0,0,0,1,0.0,0.0,0,0,0,0,1
LaTeX,1,0,0,0,1,0.0,0.0,0,0,0,0,1
Latte,2,0,0,0,2,0.0,0.0,0,0,0,0,2
Lava,1,0,0,0,1,0.0,0.0,0,0,0,0,1
Lazy K,1,0,0,0,1,0.0,0.0,0,0,0,0,1
Lazy ML,1,0,0,0,1,0.0,0.0,0,0,0,0,1
LC-3,1,0,0,0,1,0.0,0.0,0,0,0,0,1
LCF,1,0,0,0,1,0.0,0.0,0,0,0,0,1
LDPL,1,0,0,0,1,0.0,0.0,0,0,0,0,1
Le_Lisp,1,0,0,0,1,0.0,0.0,0,0,0,0,1
Lean,1,0,0,0,1,0.0,0.0,0,0,0,0,1
LEAP,1,0,0,0,1,0.0,0.0,0,0,0,0,1
Leda,1,0,0,0,1,0.0,0.0,0,0,0,0,1
Legit,1,0,0,0,1,0.0,0.0,0,0,0,0,1
Lego,1,0,0,0,1,0.0,0.0,0,0,0,0,1
Lem,1,0,1,1,0,0.0,100.0,0,0,1,0,0
Lemon,1,0,0,0,0,0.0,0.0,0,0,0,1,0
Lenguage,1,0,0,0,0,0.0,0.0,0,0,0,1,0
Lens,1,0,0,0,0,0.0,0.0,0,0,0,1,0
Leo,1,0,0,0,1,0.0,0.0,0,0,0,0,1
Less,1,0,0,0,0,0.0,0.0,0,0,0,1,0
Lex,1,0,0,0,1,0.0,0.0,0,0,0,0,1
Lexon,1,0,0,0,1,0.0,0.0,0,0,0,0,1
LFE,1,0,0,0,0,0.0,0.0,0,0,0,1,0
Liberty BASIC,1,0,0,0,1,0.0,0.0,0,0,0,0,1
LibreOffice Basic,1,0,0,0,1,0.0,0.0,0,0,0,0,1
LIFE,1,0,0,0,1,0.0,0.0,0,0,0,0,1
LIGO,1,0,0,0,1,0.0,0.0,0,0,0,0,1
LIL,1,0,0,0,1,0.0,0.0,0,0,0,0,1
Lily,1,0,0,0,1,0.0,0.0,0,0,0,0,1
LilyPond,1,0,0,0,1,0.0,0.0,0,0,0,0,1
Limbo,1,0,0,0,1,0.0,0.0,0,0,0,0,1
Limn,1,0,0,0,1,0.0,0.0,0,0,0,0,1
LINC,1,0,0,0,1,0.0,0.0,0,0,0,0,1
Linda,1,0,0,0,1,0.0,0.0,0,0,0,0,1
Linden Scripting Language,1,0,0,0,1,0.0,0.0,0,0,0,0,1
Lingo,1,0,0,0,1,0.0,0.0,0,0,0,0,1
Lingua Franca,1,0,0,0,1,0.0,0.0,0,0,0,0,1
Links,1,0,0,0,1,0.0,0.0,0,0,0,0,1
Linoleum,1,0,0,0,1,0.0,0.0,0,0,0,0,1
Linotte,1,0,0,0,1,0.0,0.0,0,0,0,0,1
Liquid,1,0,0,0,1,0.0,0.0,0,0,0,0,1
Liquidity,1,0,0,0,1,0.0,0.0,0,0,0,0,1
Liquidsoap,1,0,0,0,1,0.0,0.0,0,0,0,0,1
Lisaac,1,0,0,0,1,0.0,0.0,0,0,0,0,1
Lisp,1,0,0,0,0,0.0,0.0,0,0,0,1,0
LISP 1.5,1,0,1,1,0,0.0,100.0,0,0,1,0,0
LISP 2,1,0,0,0,1,0.0,0.0,0,0,0,0,1
Lisp Machine Lisp,1,0,0,0,1,0.0,0.0,0,0,0,0,1
LISP/360,1,0,0,0,1,0.0,0.0,0,0,0,0,1
LispWorks,1,0,0,0,0,0.0,0.0,0,0,0,1,0
Liszt,1,0,0,0,1,0.0,0.0,0,0,0,0,1
Lite-C,1,0,0,0,0,0.0,0.0,0,0,0,1,0
Lithe,1,0,0,0,1,0.0,0.0,0,0,0,0,1
Little b,1,0,0,0,1,0.0,0.0,0,0,0,0,1
Little Man Computer,1,0,0,0,0,0.0,0.0,0,0,0,1,0
Little Smalltalk,1,0,0,0,1,0.0,0.0,0,0,0,0,1
LiveCode,1,0,0,0,1,0.0,0.0,0,0,0,0,1
LiveScript,1,0,0,0,1,0.0,0.0,0,0,0,0,1
LLVM IR,1,0,0,0,0,0.0,0.0,0,0,0,1,0
Lobster,1,0,0,0,1,0.0,0.0,0,0,0,0,1
Locomotive BASIC,1,0,0,0,1,0.0,0.0,0,0,0,0,1
Logica,1,0,0,0,1,0.0,0.0,0,0,0,0,1
Loglan,1,0,0,0,0,0.0,0.0,0,0,0,1,0
Logo,1,0,0,0,0,0.0,0.0,0,0,0,1,0
LogQL,1,0,0,0,1,0.0,0.0,0,0,0,0,1
Logtalk,1,0,0,0,1,0.0,0.0,0,0,0,0,1
Lola,1,0,0,0,0,0.0,0.0,0,0,0,1,0
Lola-2,1,0,0,0,1,0.0,0.0,0,0,0,0,1
LOLCODE,1,0,0,0,1,0.0,0.0,0,0,0,0,1
Lolli,1,0,0,0,1,0.0,0.0,0,0,0,0,1
Lolly,1,0,0,0,1,0.0,0.0,0,0,0,0,1
LOOP,1,0,0,0,1,0.0,0.0,0,0,0,0,1
LOTOS,1,0,0,0,1,0.0,0.0,0,0,0,0,1
LotusScript,1,0,0,0,1,0.0,0.0,0,0,0,0,1
Lout,1,0,0,0,1,0.0,0.0,0,0,0,0,1
Lox,1,0,0,0,1,0.0,0.0,0,0,0,0,1
LPC,1,0,0,0,1,0.0,0.0,0,0,0,0,1
LRLTRAN,1,0,0,0,1,0.0,0.0,0,0,0,0,1
LSE,1,0,0,0,1,0.0,0.0,0,0,0,0,1
LSL,1,0,0,0,1,0.0,0.0,0,0,0,0,1
Lua,1,0,0,0,1,0.0,0.0,0,0,0,0,1
LuaJIT,1,0,0,0,1,0.0,0.0,0,0,0,0,1
Luau,1,0,0,0,1,0.0,0.0,0,0,0,0,1
Lucee,1,0,0,0,1,0.0,0.0,0,0,0,0,1
Lucid,1,0,0,0,1,0.0,0.0,0,0,0,0,1
Lucid Synchrone,1,0,0,0,1,0.0,0.0,0,0,0,0,1
Lucifer,1,0,0,0,1,0.0,0.0,0,0,0,0,1
Luerl,1,0,1,1,0,0.0,100.0,0,0,1,0,0
Lumen,1,0,0,0,1,0.0,0.0,0,0,0,0,1
Luna,1,0,0,0,1,0.0,0.0,0,0,0,0,1
Lurk,1,0,0,0,1,0.0,0.0,0,0,0,0,1
Lush,1,0,0,0,1,0.0,0.0,0,0,0,0,1
Lustre,1,0,0,0,1,0.0,0.0,0,0,0,0,1
Lux,1,0,0,0,1,0.0,0.0,0,0,0,0,1
LYaPAS,1,0,0,0,0,0.0,0.0,0,0,0,1,0
Lygon,1,0,0,0,1,0.0,0.0,0,0,0,0,1
Lys,1,0,0,0,1,0.0,0.0,0,0,0,0,1
M,1,0,0,0,1,0.0,0.0,0,0,0,0,1
M2000,1,0,0,0,1,0.0,0.0,0,0,0,0,1
m4,1,0,0,0,0,0.0,0.0,0,0,0,1,0
M68k Assembly,1,0,0,0,1,0.0,0.0,0,0,0,0,1
Macaulay2,1,0,0,0,1,0.0,0.0,0,0,0,0,1
MACLISP,1,0,0,0,1,0.0,0.0,0,0,0,0,1
MACRO-10,1,0,0,0,1,0.0,0.0,0,0,0,0,1
MACRO-11,1,0,1,1,0,0.0,100.0,0,0,1,0,0
MACRO-20,1,0,0,0,1,0.0,0.0,0,0,0,0,1
MACRO-32,1,0,0,0,1,0.0,0.0,0,0,0,0,1
MACRO-8,1,0,0,0,1,0.0,0.0,0,0,0,0,1
MACSYMA,1,0,0,0,1,0.0,0.0,0,0,0,0,1
MAD,1,0,0,0,1,0.0,0.0,0,0,0,0,1
MADCAP,1,0,0,0,1,0.0,0.0,0,0,0,0,1
MAGIC,1,0,0,0,1,0.0,0.0,0,0,0,0,1
Magik,1,0,0,0,1,0.0,0.0,0,0,0,0,1
Magma,1,0,0,0,1,0.0,0.0,0,0,0,0,1
Magpie,1,0,0,0,1,0.0,0.0,0,0,0,0,1
MAINSAIL,1,0,0,0,1,0.0,0.0,0,0,0,0,1
Makam,1,0,0,0,1,0.0,0.0,0,0,0,0,1
Make,1,0,0,0,1,0.0,0.0,0,0,0,0,1
Mako,1,0,0,0,1,0.0,0.0,0,0,0,0,1
MAL,1,0,0,0,1,0.0,0.0,0,0,0,0,1
Malbolge,1,0,0,0,1,0.0,0.0,0,0,0,0,1
Malbolge Unshackled,1,1,0,1,0,100.0,100.0,0,1,0,0,0
Malloy,1,0,0,0,1,0.0,0.0,0,0,0,0,1
Manchester Autocode,1,0,0,0,0,0.0,0.0,0,0,0,1,0
MANIAC,1,0,0,0,1,0.0,0.0,0,0,0,0,1
MANOOL,1,0,0,0,1,0.0,0.0,0,0,0,0,1
Manticore,1,0,0,0,1,0.0,0.0,0,0,0,0,1
MANTIS,1,0,0,0,0,0.0,0.0,0,0,0,1,0
MapBasic,1,0,0,0,1,0.0,0.0,0,0,0,0,1
Maple,1,0,0,0,1,0.0,0.0,0,0,0,0,1
MAPPER,1,0,0,0,1,0.0,0.0,0,0,0,0,1
Mare,1,0,0,0,1,0.0,0.0,0,0,0,0,1
MARIE,1,0,0,0,1,0.0,0.0,0,0,0,0,1
Mark I Autocode,1,0,0,0,1,0.0,0.0,0,0,0,0,1
Mark II Autocode,1,0,0,0,1,0.0,0.0,0,0,0,0,1
Mark III Autocode,1,0,0,0,1,0.0,0.0,0,0,0,0,1
MARK-IV,1,0,0,0,1,0.0,0.0,0,0,0,0,1
Marko,1,0,0,0,1,0.0,0.0,0,0,0,0,1
Marlowe,1,0,0,0,1,0.0,0.0,0,0,0,0,1
Maru,1,0,0,0,1,0.0,0.0,0,0,0,0,1
Mary,1,0,0,0,1,0.0,0.0,0,0,0,0,1
MASM,1,0,0,0,1,0.0,0.0,0,0,0,0,1
Mason,1,0,0,0,1,0.0,0.0,0,0,0,0,1
Mata,1,0,0,0,1,0.0,0.0,0,0,0,0,1
MATH-MATIC,1,0,0,0,1,0.0,0.0,0,0,0,0,1
Mathematica,1,0,0,0,1,0.0,0.0,0,0,0,0,1
MATHLAB,1,0,0,0,1,0.0,0.0,0,0,0,0,1
MATHLAB 68,1,0,0,0,1,0.0,0.0,0,0,0,0,1
Matita,1,0,0,0,0,0.0,0.0,0,0,0,1,0
MATL,1,0,0,0,1,0.0,0.0,0,0,0,0,1
MATLAB,1,0,0,0,1,0.0,0.0,0,0,0,0,1
Maude,1,0,0,0,1,0.0,0.0,0,0,0,0,1
MAWK,1,0,0,0,1,0.0,0.0,0,0,0,0,1
Max,1,0,0,0,1,0.0,0.0,0,0,0,0,1
Maxima,1,0,0,0,1,0.0,0.0,0,0,0,0,1
MAXScript,1,0,0,0,1,0.0,0.0,0,0,0,0,1
MBASIC,1,0,0,0,1,0.0,0.0,0,0,0,0,1
mCRL,1,0,0,0,1,0.0,0.0,0,0,0,0,1
mCRL2,1,0,0,0,1,0.0,0.0,0,0,0,0,1
MDL,1,0,0,0,1,0.0,0.0,0,0,0,0,1
MDX,1,0,0,0,1,0.0,0.0,0,0,0,0,1
Mecrisp,1,0,0,0,1,0.0,0.0,0,0,0,0,1
MegaZeux,1,0,0,0,1,0.0,0.0,0,0,0,0,1
MEL,1,0,0,0,1,0.0,0.0,0,0,0,0,1
Meld,1,0,0,0,1,0.0,0.0,0,0,0,0,1
Melody,1,0,0,0,1,0.0,0.0,0,0,0,0,1
MENTOR,1,0,0,0,1,0.0,0.0,0,0,0,0,1
Mercury,1,0,0,0,1,0.0,0.0,0,0,0,0,1
Mercury Autocode,1,0,0,0,1,0.0,0.0,0,0,0,0,1
Merd,1,0,0,0,1,0.0,0.0,0,0,0,0,1
Mermaid,1,0,0,0,1,0.0,0.0,0,0,0,0,1
Mesa,1,0,0,0,1,0.0,0.0,0,0,0,0,1
Meson,1,0,0,0,1,0.0,0.0,0,0,0,0,1
META II,1,0,0,0,1,0.0,0.0,0,0,0,0,1
Metafont,1,0,0,0,1,0.0,0.0,0,0,0,0,1
Metal,1,0,0,0,1,0.0,0.0,0,0,0,0,1
Metal Shading Language,1,0,0,0,1,0.0,0.0,0,0,0,0,1
Metamath,1,0,0,0,0,0.0,0.0,0,0,0,1,0
MetaOCaml,1,0,0,0,0,0.0,0.0,0,0,0,1,0
MetaPost,1,0,0,0,1,0.0,0.0,0,0,0,0,1
Mezzo,1,0,1,1,0,0.0,100.0,0,0,1,0,0
Michelson,1,0,0,0,0,0.0,0.0,0,0,0,1,0
Micro-Prolog,1,0,0,0,1,0.0,0.0,0,0,0,0,1
Microplanner,1,0,0,0,1,0.0,0.0,0,0,0,0,1
MicroPython,1,0,0,0,1,0.0,0.0,0,0,0,0,1
MIDAS,1,0,0,0,1,0.0,0.0,0,0,0,0,1
Miden,1,0,0,0,1,0.0,0.0,0,0,0,0,1
Migen,1,0,0,0,1,0.0,0.0,0,0,0,0,1
Miller,1,0,0,0,0,0.0,0.0,0,0,0,1,0
Millet,1,0,0,0,1,0.0,0.0,0,0,0,0,1
MIMIC,1,0,0,0,0,0.0,0.0,0,0,0,1,0
Min,1,0,0,0,1,0.0,0.0,0,0,0,0,1
Mindcode,1,0,0,0,1,0.0,0.0,0,0,0,0,1
MiniD,1,0,0,0,0,0.0,0.0,0,0,0,1,0
MiniJava,1,0,0,0,1,0.0,0.0,0,0,0,0,1
MiniKanren,1,0,0,0,1,0.0,0.0,0,0,0,0,1
miniMAL,1,0,0,0,1,0.0,0.0,0,0,0,0,1
Minimal BASIC,1,0,0,0,0,0.0,0.0,0,0,0,1,0
Minion,1,0,0,0,1,0.0,0.0,0,0,0,0,1
MiniScript,1,0,0,0,1,0.0,0.0,0,0,0,0,1
MiniZinc,1,0,0,0,1,0.0,0.0,0,0,0,0,1
Minlog,1,0,0,0,0,0.0,0.0,0,0,0,1,0
MINOL,1,0,0,0,1,0.0,0.0,0,0,0,0,1
Mint,1,0,0,0,1,0.0,0.0,0,0,0,0,1
MIPS Assembly,1,0,0,0,0,0.0,0.0,0,0,0,1,0
Mirah,1,0,0,0,1,0.0,0.0,0,0,0,0,1
Miranda,1,0,0,0,0,0.0,0.0,0,0,0,1,0
mIRC Scripting Language,1,0,0,0,1,0.0,0.0,0,0,0,0,1
Mirth,1,0,0,0,1,0.0,0.0,0,0,0,0,1
MIT Scheme,1,0,0,0,1,0.0,0.0,0,0,0,0,1
Mitrion-C,1,0,0,0,1,0.0,0.0,0,0,0,0,1
Miva Script,1,0,0,0,1,0.0,0.0,0,0,0,0,1
MIX,1,0,0,0,0,0.0,0.0,0,0,0,1,0
MIXAL,1,0,0,0,1,0.0,0.0,0,0,0,0,1
Mizar,1,0,0,0,1,0.0,0.0,0,0,0,0,1
mksh,1,0,0,0,1,0.0,0.0,0,0,0,0,1
ML,1,0,0,0,1,0.0,0.0,0,0,0,0,1
ML/1,1,0,0,0,1,0.0,0.0,0,0,0,0,1
ML/370,1,0,0,0,0,0.0,0.0,0,0,0,1,0
ML/I,1,0,0,0,1,0.0,0.0,0,0,0,0,1
ML5,1,0,0,0,1,0.0,0.0,0,0,0,0,1
Mlatu,1,0,0,0,1,0.0,0.0,0,0,0,0,1
MLIR,1,0,0,0,1,0.0,0.0,0,0,0,0,1
Mlog,1,0,0,0,1,0.0,0.0,0,0,0,0,1
MLton,1,0,0,0,0,0.0,0.0,0,0,0,1,0
MMIX,1,0,0,0,1,0.0,0.0,0,0,0,0,1
MMIXAL,1,0,0,0,1,0.0,0.0,0,0,0,0,1
MML,1,0,0,0,1,0.0,0.0,0,0,0,0,1
Mobl,1,0,0,0,1,0.0,0.0,0,0,0,0,1
Mochi,1,0,0,0,1,0.0,0.0,0,0,0,0,1
Model 204,1,0,0,0,1,0.0,0.0,0,0,0,0,1
Modelica,1,0,0,0,1,0.0,0.0,0,0,0,0,1
MODSIM,1,0,0,0,1,0.0,0.0,0,0,0,0,1
Modula,1,0,0,0,1,0.0,0.0,0,0,0,0,1
Modula-1,1,0,0,0,1,0.0,0.0,0,0,0,0,1
Modula-2,1,0,0,0,0,0.0,0.0,0,0,0,1,0
Modula-3,1,0,0,0,1,0.0,0.0,0,0,0,0,1
Mojo,1,0,0,0,1,0.0,0.0,0,0,0,0,1
Moksha,1,0,0,0,1,0.0,0.0,0,0,0,0,1
Mond,1,0,0,0,1,0.0,0.0,0,0,0,0,1
Monicelli,1,0,0,0,1,0.0,0.0,0,0,0,0,1
Monkey,1,0,0,0,1,0.0,0.0,0,0,0,0,1
Monkey C,1,0,0,0,1,0.0,0.0,0,0,0,0,1
Monkey X,1,0,0,0,1,0.0,0.0,0,0,0,0,1
Monkey2,1,0,0,0,1,0.0,0.0,0,0,0,0,1
Monte,1,0,0,0,1,0.0,0.0,0,0,0,0,1
MOO,1,0,0,0,1,0.0,0.0,0,0,0,0,1
MoonBit,1,0,0,0,1,0.0,0.0,0,0,0,0,1
MoonScript,1,0,0,0,1,0.0,0.0,0,0,0,0,1
Morfa,1,0,0,0,1,0.0,0.0,0,0,0,0,1
Morte,1,0,0,0,1,0.0,0.0,0,0,0,0,1
Mortran,1,0,0,0,1,0.0,0.0,0,0,0,0,1
Moscow ML,1,0,0,0,1,0.0,0.0,0,0,0,0,1
Mosel,1,0,0,0,1,0.0,0.0,0,0,0,0,1
Motoko,1,0,0,0,0,0.0,0.0,0,0,0,1,0
Mouse,1,0,0,0,1,0.0,0.0,0,0,0,0,1
Move,1,0,0,0,1,0.0,0.0,0,0,0,0,1
Mozart,1,0,0,0,0,0.0,0.0,0,0,0,1,0
MQL4,1,0,0,0,1,0.0,0.0,0,0,0,0,1
MQL5,1,0,0,0,1,0.0,0.0,0,0,0,0,1
mruby,1,0,0,0,1,0.0,0.0,0,0,0,0,1
MSP430 Assembly,1,0,0,0,1,0.0,0.0,0,0,0,0,1
MSWLogo,1,0,0,0,1,0.0,0.0,0,0,0,0,1
MSX-BASIC,1,0,0,0,1,0.0,0.0,0,0,0,0,1
Mu,1,0,0,0,1,0.0,0.0,0,0,0,0,1
Muddle,1,0,0,0,1,0.0,0.0,0,0,0,0,1
MUF,1,0,0,0,1,0.0,0.0,0,0,0,0,1
muLISP,1,0,0,0,1,0.0,0.0,0,0,0,0,1
MultiLisp,1,0,0,0,1,0.0,0.0,0,0,0,0,1
MUMPS,1,0,0,0,1,0.0,0.0,0,0,0,0,1
Mun,1,0,0,0,1,0.0,0.0,0,0,0,0,1
Muon,1,0,0,0,1,0.0,0.0,0,0,0,0,1
MuPAD,1,0,0,0,1,0.0,0.0,0,0,0,0,1
Murex,1,0,0,0,1,0.0,0.0,0,0,0,0,1
Murphi,1,0,0,0,1,0.0,0.0,0,0,0,0,1
MUSE,1,0,0,0,1,0.0,0.0,0,0,0,0,1
MUSHcode,1,0,0,0,1,0.0,0.0,0,0,0,0,1
Music V,1,0,0,0,1,0.0,0.0,0,0,0,0,1
Mustache,1,0,0,0,1,0.0,0.0,0,0,0,0,1
MXML,1,0,0,0,1,0.0,0.0,0,0,0,0,1
MyHDL,1,0,0,0,1,0.0,0.0,0,0,0,0,1
Myrddin,1,0,0,0,1,0.0,0.0,0,0,0,0,1
Mythryl,1,0,0,0,1,0.0,0.0,0,0,0,0,1
N1QL,1,0,0,0,1,0.0,0.0,0,0,0,0,1
Nadeshiko,1,0,0,0,1,0.0,0.0,0,0,0,0,1
Napier,1,0,0,0,1,0.0,0.0,0,0,0,0,1
Napier88,1,0,0,0,1,0.0,0.0,0,0,0,0,1
NARS2000,1,0,0,0,1,0.0,0.0,0,0,0,0,1
Narya,1,0,0,0,1,0.0,0.0,0,0,0,0,1
Nasal,1,0,0,0,1,0.0,0.0,0,0,0,0,1
NASL,1,0,0,0,1,0.0,0.0,0,0,0,0,1
Nasm,1,0,0,0,1,0.0,0.0,0,0,0,0,1
NASTRAN,1,0,0,0,1,0.0,0.0,0,0,0,0,1
NAT,1,0,0,0,1,0.0,0.0,0,0,0,0,1
NATJ,1,0,0,0,1,0.0,0.0,0,0,0,0,1
NATURAL,1,0,0,0,1,0.0,0.0,0,0,0,0,1
Nawk,1,0,0,0,1,0.0,0.0,0,0,0,0,1
NCL,1,0,0,0,1,0.0,0.0,0,0,0,0,1
Neat,1,0,0,0,1,0.0,0.0,0,0,0,0,1
Neko,1,0,0,0,1,0.0,0.0,0,0,0,0,1
Nel,1,0,0,0,1,0.0,0.0,0,0,0,0,1
NELIAC,1,0,0,0,1,0.0,0.0,0,0,0,0,1
Nelua,1,0,0,0,1,0.0,0.0,0,0,0,0,1
Nemerle,1,0,0,0,1,0.0,0.0,0,0,0,0,1
nesC,1,0,0,0,1,0.0,0.0,0,0,0,0,1
Nesl,1,0,0,0,0,0.0,0.0,0,0,0,1,0
NetLogo,1,0,0,0,1,0.0,0.0,0,0,0,0,1
NetRexx,1,0,0,0,1,0.0,0.0,0,0,0,0,1
Neut,1,0,0,0,1,0.0,0.0,0,0,0,0,1
Never,1,0,0,0,1,0.0,0.0,0,0,0,0,1
newLISP,1,0,0,0,1,0.0,0.0,0,0,0,0,1
NEWP,1,0,0,0,0,0.0,0.0,0,0,0,1,0
Newspeak,1,0,0,0,1,0.0,0.0,0,0,0,0,1
Newsqueak,1,0,0,0,1,0.0,0.0,0,0,0,0,1
NewtonScript,1,0,0,0,1,0.0,0.0,0,0,0,0,1
Nextflow,1,0,0,0,1,0.0,0.0,0,0,0,0,1
Nial,1,0,0,0,1,0.0,0.0,0,0,0,0,1
Nice,1,0,0,0,1,0.0,0.0,0,0,0,0,1
Nickel,1,0,0,0,0,0.0,0.0,0,0,0,1,0
Nickle,1,0,0,0,1,0.0,0.0,0,0,0,0,1
NIL,1,0,0,0,1,0.0,0.0,0,0,0,0,1
Nile,1,0,0,0,1,0.0,0.0,0,0,0,0,1
Nim,1,0,0,0,1,0.0,0.0,0,0,0,0,1
Nimble,1,0,0,0,1,0.0,0.0,0,0,0,0,1
Nimrod,1,0,0,0,1,0.0,0.0,0,0,0,0,1
Nit,1,0,0,0,1,0.0,0.0,0,0,0,0,1
Nix,1,0,0,0,1,0.0,0.0,0,0,0,0,1
Nock,1,0,0,0,1,0.0,0.0,0,0,0,0,1
Noir,1,0,0,0,1,0.0,0.0,0,0,0,0,1
NOMAD,1,0,0,0,1,0.0,0.0,0,0,0,0,1
Noop,1,0,0,0,1,0.0,0.0,0,0,0,0,1
Not Quite C,1,0,0,0,1,0.0,0.0,0,0,0,0,1
Notation3,1,0,0,0,1,0.0,0.0,0,0,0,0,1
Noulith,1,0,0,0,1,0.0,0.0,0,0,0,0,1
Nova Assembly,1,0,0,0,1,0.0,0.0,0,0,0,0,1
Novah,1,0,1,1,0,0.0,100.0,0,0,1,0,0
Noweb,1,0,0,0,1,0.0,0.0,0,0,0,0,1
NPL,1,0,0,0,1,0.0,0.0,0,0,0,0,1
NQC,1,0,0,0,1,0.0,0.0,0,0,0,0,1
NQP,1,0,0,0,1,0.0,0.0,0,0,0,0,1
Nroff,1,0,0,0,1,0.0,0.0,0,0,0,0,1
NSBasic,1,0,0,0,1,0.0,0.0,0,0,0,0,1
NSIS,1,0,0,0,1,0.0,0.0,0,0,0,0,1
Nu,1,0,0,0,1,0.0,0.0,0,0,0,0,1
Nu-Prolog,1,0,0,0,1,0.0,0.0,0,0,0,0,1
Numbat,1,0,1,1,0,0.0,100.0,0,0,1,0,0
Nunjucks,1,0,0,0,0,0.0,0.0,0,0,0,1,0
Nuprl,1,0,0,0,1,0.0,0.0,0,0,0,0,1
Nushell,1,0,0,0,1,0.0,0.0,0,0,0,0,1
NuSMV,1,0,0,0,1,0.0,0.0,0,0,0,0,1
NWScript,1,0,0,0,1,0.0,0.0,0,0,0,0,1
NXC,1,0,0,0,1,0.0,0.0,0,0,0,0,1
Nymph,1,0,0,0,1,0.0,0.0,0,0,0,0,1
Nyquist,1,0,0,0,1,0.0,0.0,0,0,0,0,1
Oak,1,0,0,0,1,0.0,0.0,0,0,0,0,1
Oaklisp,1,0,0,0,1,0.0,0.0,0,0,0,0,1
Oberon,1,0,0,0,0,0.0,0.0,0,0,0,1,0
Oberon+,1,0,0,0,1,0.0,0.0,0,0,0,0,1
Oberon-0,1,0,0,0,1,0.0,0.0,0,0,0,0,1
Oberon-07,1,0,0,0,0,0.0,0.0,0,0,0,1,0
Oberon-1,1,0,0,0,1,0.0,0.0,0,0,0,0,1
Oberon-2,1,0,0,0,1,0.0,0.0,0,0,0,0,1
Oberon-A,1,0,0,0,1,0.0,0.0,0,0,0,0,1
Obix,1,0,0,0,1,0.0,0.0,0,0,0,0,1
OBJ,1,0,0,0,1,0.0,0.0,0,0,0,0,1
OBJ2,1,0,0,0,1,0.0,0.0,0,0,0,0,1
OBJ3,1,0,0,0,1,0.0,0.0,0,0,0,0,1
Objeck,1,0,0,0,0,0.0,0.0,0,0,0,1,0
Object Pascal,1,0,0,0,1,0.0,0.0,0,0,0,0,1
Object-Z,1,0,0,0,1,0.0,0.0,0,0,0,0,1
Objective-C,1,0,0,0,1,0.0,0.0,0,0,0,0,1
Objective-C++,1,0,0,0,1,0.0,0.0,0,0,0,0,1
Objective-J,1,0,0,0,1,0.0,0.0,0,0,0,0,1
ObjectLogo,1,0,0,0,1,0.0,0.0,0,0,0,0,1
Oblig,1,0,0,0,1,0.0,0.0,0,0,0,0,1
Obliq,1,0,0,0,1,0.0,0.0,0,0,0,0,1
Oblivion Script,1,0,0,0,1,0.0,0.0,0,0,0,0,1
Oblix,1,0,0,0,1,0.0,0.0,0,0,0,0,1
Oblog,1,0,0,0,0,0.0,0.0,0,0,0,1,0
Oblong,1,0,0,0,1,0.0,0.0,0,0,0,0,1
Obsidian,1,0,0,0,0,0.0,0.0,0,0,0,1,0
OCaml,1,0,0,0,1,0.0,0.0,0,0,0,0,1
Occam,1,0,0,0,1,0.0,0.0,0,0,0,0,1
occam-2,1,0,0,0,1,0.0,0.0,0,0,0,0,1
Occam-pi,1,0,0,0,1,0.0,0.0,0,0,0,0,1
OCL,1,0,0,0,1,0.0,0.0,0,0,0,0,1
Octave,1,0,0,0,1,0.0,0.0,0,0,0,0,1
Odin,1,0,0,0,1,0.0,0.0,0,0,0,0,1
Ohm,1,0,0,0,1,0.0,0.0,0,0,0,0,1
Oil,1,0,0,0,0,0.0,0.0,0,0,0,1,0
Omega,1,0,0,0,1,0.0,0.0,0,0,0,0,1
OMeta,1,0,0,0,1,0.0,0.0,0,0,0,0,1
Omgrofl,1,0,0,0,1,0.0,0.0,0,0,0,0,1
OmniMark,1,0,0,0,0,0.0,0.0,0,0,0,1,0
OMNITAB,1,0,0,0,1,0.0,0.0,0,0,0,0,1
Onyx,1,0,0,0,1,0.0,0.0,0,0,0,0,1
ooc,1,0,0,0,1,0.0,0.0,0,0,0,0,1
Ook!,1,0,0,0,1,0.0,0.0,0,0,0,0,1
ooRexx,1,0,0,0,1,0.0,0.0,0,0,0,0,1
Opa,1,0,0,0,1,0.0,0.0,0,0,0,0,1
Opal,1,0,0,0,1,0.0,0.0,0,0,0,0,1
Open Shading Language,1,0,0,0,1,0.0,0.0,0,0,0,0,1
OpenACC,1,0,0,0,1,0.0,0.0,0,0,0,0,1
OpenAxiom,1,0,0,0,1,0.0,0.0,0,0,0,0,1
OpenCL,1,0,0,0,1,0.0,0.0,0,0,0,0,1
OpenEdge ABL,1,0,0,0,1,0.0,0.0,0,0,0,0,1
OpenGL Shading Language,1,0,0,0,1,0.0,0.0,0,0,0,0,1
OpenLisp,1,0,0,0,1,0.0,0.0,0,0,0,0,1
OpenQASM,1,0,0,0,1,0.0,0.0,0,0,0,0,1
OpenSCAD,1,0,0,0,1,0.0,0.0,0,0,0,0,1
OpenScript,1,0,0,0,1,0.0,0.0,0,0,0,0,1
OpenVera,1,0,0,0,0,0.0,0.0,0,0,0,1,0
OPL,1,0,0,0,1,0.0,0.0,0,0,0,0,1
OPS5,1,0,0,0,0,0.0,0.0,0,0,0,1,0
OpShin,1,0,0,0,1,0.0,0.0,0,0,0,0,1
OptimJ,1,0,0,0,1,0.0,0.0,0,0,0,0,1
OQL,1,0,0,0,1,0.0,0.0,0,0,0,0,1
Orc,1,0,0,0,0,0.0,0.0,0,0,0,1,0
Orca,1,0,0,0,1,0.0,0.0,0,0,0,0,1
ORCA/C,1,0,0,0,1,0.0,0.0,0,0,0,0,1
ORCA/M,1,0,0,0,1,0.0,0.0,0,0,0,0,1
Oric BASIC,1,0,0,0,1,0.0,0.0,0,0,0,0,1
Oriel,1,0,0,0,1,0.0,0.0,0,0,0,0,1
Orwell,1,0,0,0,1,0.0,0.0,0,0,0,0,1
OVAL,1,0,0,0,1,0.0,0.0,0,0,0,0,1
Overtone,1,0,0,0,1,0.0,0.0,0,0,0,0,1
Owl Lisp,1,0,0,0,1,0.0,0.0,0,0,0,0,1
Ox,1,0,0,0,1,0.0,0.0,0,0,0,0,1
Oxygen Basic,1,0,0,0,1,0.0,0.0,0,0,0,0,1
Oxygene,1,0,0,0,1,0.0,0.0,0,0,0,0,1
Oxymoron,1,0,0,0,1,0.0,0.0,0,0,0,0,1
Oz,1,0,0,0,0,0.0,0.0,0,0,0,1,0
P,1,0,0,0,1,0.0,0.0,0,0,0,0,1
P#,1,0,0,0,1,0.0,0.0,0,0,0,0,1
P4,1,0,0,0,1,0.0,0.0,0,0,0,0,1
PA-RISC Assembly,1,0,0,0,1,0.0,0.0,0,0,0,0,1
Pact,1,0,0,0,1,0.0,0.0,0,0,0,0,1
PAL,1,0,0,0,1,0.0,0.0,0,0,0,0,1
Pallene,1,0,0,0,1,0.0,0.0,0,0,0,0,1
Papyrus,1,0,0,0,1,0.0,0.0,0,0,0,0,1
ParaSail,1,0,0,0,0,0.0,0.0,0,0,0,1,0
Parenscript,1,0,0,0,1,0.0,0.0,0,0,0,0,1
PARI/GP,1,0,0,0,1,0.0,0.0,0,0,0,0,1
Parlog,1,0,0,0,1,0.0,0.0,0,0,0,0,1
PartiQL,1,0,0,0,1,0.0,0.0,0,0,0,0,1
Pascal,1,0,0,0,1,0.0,0.0,0,0,0,0,1
Pascal-SC,1,0,0,0,1,0.0,0.0,0,0,0,0,1
PascalABC.NET,1,0,0,0,1,0.0,0.0,0,0,0,0,1
PascalScript,1,0,0,0,1,0.0,0.0,0,0,0,0,1
Passerine,1,0,0,0,1,0.0,0.0,0,0,0,0,1
Pawn,1,0,0,0,1,0.0,0.0,0,0,0,0,1
PBASIC,1,0,0,0,1,0.0,0.0,0,0,0,0,1
PCF,1,0,0,0,1,0.0,0.0,0,0,0,0,1
PCN,1,0,0,0,0,0.0,0.0,0,0,0,1,0
PDDL,1,0,0,0,1,0.0,0.0,0,0,0,0,1
PDP-10 Assembly,1,0,0,0,1,0.0,0.0,0,0,0,0,1
PDP-11 Assembly,1,0,0,0,1,0.0,0.0,0,0,0,0,1
PDP-12 Assembly,1,0,0,0,1,0.0,0.0,0,0,0,0,1
PDP-15 Assembly,1,0,0,0,1,0.0,0.0,0,0,0,0,1
PDP-4 Assembly,1,0,0,0,1,0.0,0.0,0,0,0,0,1
PDP-5 Assembly,1,0,0,0,1,0.0,0.0,0,0,0,0,1
PDP-6 Assembly,1,0,0,0,0,0.0,0.0,0,0,0,1,0
PDP-7 Assembly,1,0,0,0,1,0.0,0.0,0,0,0,0,1
PDP-8 Assembly,1,0,0,0,0,0.0,0.0,0,0,0,1,0
PDP-9 Assembly,1,0,0,0,1,0.0,0.0,0,0,0,0,1
PEARL,1,0,0,0,1,0.0,0.0,0,0,0,0,1
Pebble,1,0,0,0,1,0.0,0.0,0,0,0,0,1
Pegasus Autocode,1,0,0,0,1,0.0,0.0,0,0,0,0,1
Pen,1,0,0,0,1,0.0,0.0,0,0,0,0,1
Penrose,1,0,0,0,1,0.0,0.0,0,0,0,0,1
PeopleCode,1,0,0,0,1,0.0,0.0,0,0,0,0,1
PEP-10,1,0,0,0,1,0.0,0.0,0,0,0,0,1
Pep-7,1,0,0,0,1,0.0,0.0,0,0,0,0,1
Pep-8,1,0,0,0,1,0.0,0.0,0,0,0,0,1
Pep-9,1,0,0,0,1,0.0,0.0,0,0,0,0,1
Perl,1,0,0,0,1,0.0,0.0,0,0,0,0,1
PET BASIC,1,0,0,0,0,0.0,0.0,0,0,0,1,0
pForth,1,0,0,0,1,0.0,0.0,0,0,0,0,1
PGQL,1,0,0,0,1,0.0,0.0,0,0,0,0,1
pH,1,0,0,0,1,0.0,0.0,0,0,0,0,1
Pharo,1,0,0,0,1,0.0,0.0,0,0,0,0,1
Phel,1,0,0,0,1,0.0,0.0,0,0,0,0,1
Phix,1,0,0,0,1,0.0,0.0,0,0,0,0,1
PHP,1,0,0,0,1,0.0,0.0,0,0,0,0,1
Phrogram,1,0,0,0,0,0.0,0.0,0,0,0,1,0
Pic,1,0,0,0,1,0.0,0.0,0,0,0,0,1
PIC Assembly,1,0,0,0,1,0.0,0.0,0,0,0,0,1
Picat,1,0,0,0,1,0.0,0.0,0,0,0,0,1
PICAXE BASIC,1,0,0,0,1,0.0,0.0,0,0,0,0,1
PicBasic,1,0,0,0,1,0.0,0.0,0,0,0,0,1
Piccolo,1,0,0,0,1,0.0,0.0,0,0,0,0,1
Pick BASIC,1,0,0,0,1,0.0,0.0,0,0,0,0,1
Pico,1,0,0,0,1,0.0,0.0,0,0,0,0,1
PICO-8,1,0,0,0,1,0.0,0.0,0,0,0,0,1
PicoBlaze Assembly,1,0,0,0,1,0.0,0.0,0,0,0,0,1
PicoC,1,0,0,0,1,0.0,0.0,0,0,0,0,1
Picolisp,1,0,0,0,0,0.0,0.0,0,0,0,1,0
Picrin,1,1,0,1,0,100.0,100.0,0,1,0,0,0
Pict,1,0,0,0,0,0.0,0.0,0,0,0,1,0
Pie,1,0,0,0,1,0.0,0.0,0,0,0,0,1
Piet,1,0,0,0,1,0.0,0.0,0,0,0,0,1
Pig Latin,1,0,0,0,1,0.0,0.0,0,0,0,0,1
Pikchr,1,0,0,0,1,0.0,0.0,0,0,0,0,1
Pike,1,0,0,0,1,0.0,0.0,0,0,0,0,1
Pikelet,1,0,0,0,1,0.0,0.0,0,0,0,0,1
PIKT,1,0,0,0,1,0.0,0.0,0,0,0,0,1
PILOT,1,0,0,0,0,0.0,0.0,0,0,0,1,0
Pinafore,1,0,0,0,1,0.0,0.0,0,0,0,0,1
Pine Script,1,0,0,0,1,0.0,0.0,0,0,0,0,1
Pip,1,0,0,0,1,0.0,0.0,0,0,0,0,1
PIR,1,0,0,0,1,0.0,0.0,0,0,0,0,1
Pixie,1,0,0,0,1,0.0,0.0,0,0,0,0,1
Pixilang,1,0,0,0,1,0.0,0.0,0,0,0,0,1
Pizza,1,0,0,0,0,0.0,0.0,0,0,0,1,0
Pkl,1,0,0,0,1,0.0,0.0,0,0,0,0,1
PL-11,1,0,0,0,1,0.0,0.0,0,0,0,0,1
PL-X,1,0,0,0,1,0.0,0.0,0,0,0,0,1
PL/0,1,0,0,0,1,0.0,0.0,0,0,0,0,1
PL/6,1,0,0,0,1,0.0,0.0,0,0,0,0,1
PL/8,1,0,0,0,1,0.0,0.0,0,0,0,0,1
PL/A,1,0,0,0,1,0.0,0.0,0,0,0,0,1
PL/B,1,0,0,0,1,0.0,0.0,0,0,0,0,1
PL/C,1,0,0,0,1,0.0,0.0,0,0,0,0,1
PL/CS,1,0,0,0,1,0.0,0.0,0,0,0,0,1
PL/I,1,0,0,0,1,0.0,0.0,0,0,0,0,1
PL/J,1,0,0,0,1,0.0,0.0,0,0,0,0,1
PL/M,1,0,0,0,1,0.0,0.0,0,0,0,0,1
PL/M-386,1,0,0,0,1,0.0,0.0,0,0,0,0,1
PL/M-51,1,0,0,0,1,0.0,0.0,0,0,0,0,1
PL/M-80,1,0,0,0,1,0.0,0.0,0,0,0,0,1
PL/M-86,1,0,0,0,1,0.0,0.0,0,0,0,0,1
PL/P,1,0,0,0,1,0.0,0.0,0,0,0,0,1
PL/pgSQL,1,0,0,0,1,0.0,0.0,0,0,0,0,1
PL/S,1,0,0,0,1,0.0,0.0,0,0,0,0,1
PL/SQL,1,0,0,0,1,0.0,0.0,0,0,0,0,1
PL/T,1,0,0,0,1,0.0,0.0,0,0,0,0,1
PL/Z,1,0,0,0,1,0.0,0.0,0,0,0,0,1
PL360,1,0,0,0,1,0.0,0.0,0,0,0,0,1
PL516,1,0,0,0,1,0.0,0.0,0,0,0,0,1
Plaid,1,0,0,0,1,0.0,0.0,0,0,0,0,1
Plait,1,0,0,0,0,0.0,0.0,0,0,0,1,0
PLAN,1,0,0,0,1,0.0,0.0,0,0,0,0,1
PLANC,1,0,0,0,1,0.0,0.0,0,0,0,0,1
PLANIT,1,0,0,0,0,0.0,0.0,0,0,0,1,0
Plankalkül,1,0,0,0,1,0.0,0.0,0,0,0,0,1
Planner,1,0,0,0,0,0.0,0.0,0,0,0,1,0
PlantUML,1,0,0,0,1,0.0,0.0,0,0,0,0,1
Plasma,1,0,0,0,1,0.0,0.0,0,0,0,0,1
Plato,1,0,0,0,1,0.0,0.0,0,0,0,0,1
PlayBasic,1,0,0,0,1,0.0,0.0,0,0,0,0,1
PLEX,1,0,0,0,0,0.0,0.0,0,0,0,1,0
Plexil,1,0,0,0,0,0.0,0.0,0,0,0,1,0
Pliant,1,0,0,0,1,0.0,0.0,0,0,0,0,1
Plorth,1,0,0,0,1,0.0,0.0,0,0,0,0,1
Plover,1,0,0,0,1,0.0,0.0,0,0,0,0,1
PLUS,1,0,0,0,1,0.0,0.0,0,0,0,0,1
PlusCal,1,0,0,0,1,0.0,0.0,0,0,0,0,1
Plutus,1,0,0,0,1,0.0,0.0,0,0,0,0,1
PogoScript,1,0,0,0,1,0.0,0.0,0,0,0,0,1
Pointless,1,0,0,0,1,0.0,0.0,0,0,0,0,1
Polar,1,0,0,0,1,0.0,0.0,0,0,0,0,1
Pollen,1,0,0,0,1,0.0,0.0,0,0,0,0,1
POLYMATH,1,0,0,0,1,0.0,0.0,0,0,0,0,1
PolyML,1,0,0,0,1,0.0,0.0,0,0,0,0,1
Ponder,1,0,0,0,1,0.0,0.0,0,0,0,0,1
Pony,1,0,0,0,1,0.0,0.0,0,0,0,0,1
POOL,1,0,0,0,0,0.0,0.0,0,0,0,1,0
POP-1,1,0,0,0,1,0.0,0.0,0,0,0,0,1
Pop-11,1,0,0,0,0,0.0,0.0,0,0,0,1,0
POP-2,1,0,0,0,1,0.0,0.0,0,0,0,0,1
POPLER,1,0,0,0,0,0.0,0.0,0,0,0,1,0
Poplog,1,0,0,0,1,0.0,0.0,0,0,0,0,1
Portable Standard Lisp,1,0,0,0,1,0.0,0.0,0,0,0,0,1
Porth,1,0,0,0,1,0.0,0.0,0,0,0,0,1
PostScript,1,0,0,0,1,0.0,0.0,0,0,0,0,1
Potigol,1,0,1,1,0,0.0,100.0,0,0,1,0,0
Potion,1,0,0,0,1,0.0,0.0,0,0,0,0,1
POV-Ray SDL,1,0,0,0,1,0.0,0.0,0,0,0,0,1
Power Fx,1,0,0,0,1,0.0,0.0,0,0,0,0,1
PowerBASIC,1,0,0,0,1,0.0,0.0,0,0,0,0,1
PowerBuilder,1,0,0,0,1,0.0,0.0,0,0,0,0,1
Powerhouse,1,0,0,0,1,0.0,0.0,0,0,0,0,1
PowerLoom,1,0,0,0,1,0.0,0.0,0,0,0,0,1
PowerPC Assembly,1,0,0,0,1,0.0,0.0,0,0,0,0,1
Powershell,1,0,0,0,0,0.0,0.0,0,0,0,1,0
PPL,1,0,0,0,0,0.0,0.0,0,0,0,1,0
Praat,1,0,0,0,1,0.0,0.0,0,0,0,0,1
PRINT,1,0,0,0,1,0.0,0.0,0,0,0,0,1
PRISM,1,0,0,0,1,0.0,0.0,0,0,0,0,1
ProbLog,1,0,0,0,1,0.0,0.0,0,0,0,0,1
Processing,1,0,0,0,1,0.0,0.0,0,0,0,0,1
PROGOL,1,0,0,0,1,0.0,0.0,0,0,0,0,1
Prograph,1,0,0,0,1,0.0,0.0,0,0,0,0,1
Progress 4GL,1,0,0,0,1,0.0,0.0,0,0,0,0,1
PROIV,1,0,0,0,1,0.0,0.0,0,0,0,0,1
Prolog,1,0,0,0,1,0.0,0.0,0,0,0,0,1
Prolog II,1,0,0,0,1,0.0,0.0,0,0,0,0,1
Prolog III,1,0,0,0,0,0.0,0.0,0,0,0,1,0
PROMAL,1,0,0,0,1,0.0,0.0,0,0,0,0,1
Promela,1,0,0,0,1,0.0,0.0,0,0,0,0,1
PromQL,1,0,0,0,1,0.0,0.0,0,0,0,0,1
PROSE,1,0,0,0,1,0.0,0.0,0,0,0,0,1
PROTEL,1,0,0,0,1,0.0,0.0,0,0,0,0,1
Protocol Buffers,1,0,0,0,1,0.0,0.0,0,0,0,0,1
ProvideX,1,0,0,0,1,0.0,0.0,0,0,0,0,1
PRQL,1,0,0,0,1,0.0,0.0,0,0,0,0,1
PS-algol,1,0,0,0,0,0.0,0.0,0,0,0,1,0
PSL,1,0,0,0,1,0.0,0.0,0,0,0,0,1
PTX,1,0,0,0,1,0.0,0.0,0,0,0,0,1
Pug,1,0,1,1,0,0.0,100.0,0,0,1,0,0
Puppet,1,0,0,0,1,0.0,0.0,0,0,0,0,1
Pure,1,0,0,0,0,0.0,0.0,0,0,0,1,0
Pure Data,1,0,1,1,0,0.0,100.0,0,0,1,0,0
PureBasic,1,0,0,0,1,0.0,0.0,0,0,0,0,1
PureScript,1,0,1,1,0,0.0,100.0,0,0,1,0,0
PuzzleScript,1,0,0,0,0,0.0,0.0,0,0,0,1,0
PVS,1,0,0,0,1,0.0,0.0,0,0,0,0,1
Pyret,1,0,0,0,1,0.0,0.0,0,0,0,0,1
Pyrex,1,0,0,0,1,0.0,0.0,0,0,0,0,1
Pyro,1,0,0,0,1,0.0,0.0,0,0,0,0,1
Pyrope,1,0,0,0,1,0.0,0.0,0,0,0,0,1
PyRTL,1,0,0,0,1,0.0,0.0,0,0,0,0,1
Pyth,1,0,0,0,1,0.0,0.0,0,0,0,0,1
Python,1,0,0,0,1,0.0,0.0,0,0,0,0,1
Pyxell,1,0,0,0,1,0.0,0.0,0,0,0,0,1
Q,1,0,0,0,1,0.0,0.0,0,0,0,0,1
Q#,1,0,0,0,1,0.0,0.0,0,0,0,0,1
QA-4,1,0,0,0,1,0.0,0.0,0,0,0,0,1
Qalb,1,0,0,0,1,0.0,0.0,0,0,0,0,1
QB64,1,0,0,0,1,0.0,0.0,0,0,0,0,1
QBasic,1,0,0,0,1,0.0,0.0,0,0,0,0,1
QBE,1,0,0,0,1,0.0,0.0,0,0,0,0,1
QCL,1,0,0,0,1,0.0,0.0,0,0,0,0,1
QED,1,0,0,0,1,0.0,0.0,0,0,0,0,1
Qi,1,0,0,0,1,0.0,0.0,0,0,0,0,1
QML,1,0,0,0,0,0.0,0.0,0,0,0,1,0
Qore,1,0,0,0,1,0.0,0.0,0,0,0,0,1
QPL,1,0,0,0,1,0.0,0.0,0,0,0,0,1
Qu-Prolog,1,0,0,0,1,0.0,0.0,0,0,0,0,1
Quackery,1,0,0,0,1,0.0,0.0,0,0,0,0,1
QuakeC,1,0,0,0,1,0.0,0.0,0,0,0,0,1
Quartz,1,0,0,0,1,0.0,0.0,0,0,0,0,1
QUEL,1,0,0,0,1,0.0,0.0,0,0,0,0,1
Quest,1,0,0,0,0,0.0,0.0,0,0,0,1,0
QuickBASIC,1,0,0,0,1,0.0,0.0,0,0,0,0,1
QUIKTRAN,1,0,0,0,0,0.0,0.0,0,0,0,1,0
Quil,1,0,1,1,0,0.0,100.0,0,0,1,0,0
Quint,1,0,0,0,1,0.0,0.0,0,0,0,0,1
Quintus Prolog,1,0,0,0,0,0.0,0.0,0,0,0,1,0
Quipper,1,0,0,0,1,0.0,0.0,0,0,0,0,1
Quipu,1,0,0,0,1,0.0,0.0,0,0,0,0,1
Quirrel,1,0,0,0,1,0.0,0.0,0,0,0,0,1
Quorum,1,0,0,0,1,0.0,0.0,0,0,0,0,1
R,1,0,0,0,1,0.0,0.0,0,0,0,0,1
Racket,1,0,0,0,1,0.0,0.0,0,0,0,0,1
Ragel,1,0,0,0,1,0.0,0.0,0,0,0,0,1
Rail,1,0,0,0,1,0.0,0.0,0,0,0,0,1
RAISE,1,0,0,0,1,0.0,0.0,0,0,0,0,1
Raku,1,0,0,0,1,0.0,0.0,0,0,0,0,1
RAMIS,1,0,0,0,0,0.0,0.0,0,0,0,1,0
Rant,1,0,1,1,0,0.0,100.0,0,0,1,0,0
RAPID,1,0,1,1,0,0.0,100.0,0,0,1,0,0
RapidQ,1,0,0,0,1,0.0,0.0,0,0,0,0,1
Rapira,1,0,0,0,1,0.0,0.0,0,0,0,0,1
RAPTOR,1,0,0,0,1,0.0,0.0,0,0,0,0,1
Rascal,1,0,0,0,1,0.0,0.0,0,0,0,0,1
Rash,1,0,0,0,1,0.0,0.0,0,0,0,0,1
Ratfiv,1,0,0,0,1,0.0,0.0,0,0,0,0,1
Ratfor,1,0,0,0,1,0.0,0.0,0,0,0,0,1
RATS,1,0,0,0,1,0.0,0.0,0,0,0,0,1
Raven,1,0,0,0,1,0.0,0.0,0,0,0,0,1
Ravi,1,0,0,0,1,0.0,0.0,0,0,0,0,1
Razor,1,0,0,0,1,0.0,0.0,0,0,0,0,1
rc,1,0,0,0,1,0.0,0.0,0,0,0,0,1
Reach,1,0,0,0,0,0.0,0.0,0,0,0,1,0
ReactiveML,1,0,0,0,1,0.0,0.0,0,0,0,0,1
REALbasic,1,0,0,0,1,0.0,0.0,0,0,0,0,1
Reason,1,0,1,1,0,0.0,100.0,0,0,1,0,0
Rebeca,1,0,0,0,1,0.0,0.0,0,0,0,0,1
REBOL,1,0,0,0,1,0.0,0.0,0,0,0,0,1
Red,1,0,1,1,0,0.0,100.0,0,0,1,0,0
Red/System,1,0,1,1,0,0.0,100.0,0,0,1,0,0
Redcode,1,0,0,0,1,0.0,0.0,0,0,0,0,1
RedPRL,1,0,0,0,1,0.0,0.0,0,0,0,0,1
RedTT,1,0,0,0,1,0.0,0.0,0,0,0,0,1
Reduce,1,0,0,0,1,0.0,0.0,0,0,0,0,1
Refal,1,0,0,0,1,0.0,0.0,0,0,0,0,1
Reflex,1,0,1,1,0,0.0,100.0,0,0,1,0,0
Regent,1,0,0,0,1,0.0,0.0,0,0,0,0,1
Regina REXX,1,0,0,0,1,0.0,0.0,0,0,0,0,1
Rego,1,0,0,0,1,0.0,0.0,0,0,0,0,1
Reia,1,0,0,0,1,0.0,0.0,0,0,0,0,1
Rell,1,0,0,0,0,0.0,0.0,0,0,0,1,0
Remora,1,0,0,0,1,0.0,0.0,0,0,0,0,1
Ren'Py,1,0,0,0,1,0.0,0.0,0,0,0,0,1
RenderMan Shading Language,1,0,0,0,1,0.0,0.0,0,0,0,0,1
RenderScript,1,0,0,0,0,0.0,0.0,0,0,0,1,0
ReScript,1,0,0,0,1,0.0,0.0,0,0,0,0,1
Retina,1,0,0,0,1,0.0,0.0,0,0,0,0,1
Retro,1,0,0,0,1,0.0,0.0,0,0,0,0,1
Rexx,1,0,0,0,1,0.0,0.0,0,0,0,0,1
Rexygen,1,0,0,0,1,0.0,0.0,0,0,0,0,1
Rez,1,0,0,0,1,0.0,0.0,0,0,0,0,1
RGSS,1,0,0,0,1,0.0,0.0,0,0,0,0,1
Rhai,1,0,0,0,0,0.0,0.0,0,0,0,1,0
Rholang,1,0,1,1,0,0.0,100.0,0,0,1,0,0
Rhombus,1,0,1,1,0,0.0,100.0,0,0,1,0,0
Rhovas,1,0,0,0,1,0.0,0.0,0,0,0,0,1
Ride,1,0,0,0,1,0.0,0.0,0,0,0,0,1
Riff,1,0,0,0,1,0.0,0.0,0,0,0,0,1
Ring,1,0,0,0,1,0.0,0.0,0,0,0,0,1
RISC OS BASIC,1,0,0,0,1,0.0,0.0,0,0,0,0,1
RISC-V Assembly,1,0,1,1,0,0.0,100.0,0,0,1,0,0
Risor,1,0,0,0,1,0.0,0.0,0,0,0,0,1
RiveScript,1,0,0,0,0,0.0,0.0,0,0,0,1,0
Rlab,1,0,0,0,1,0.0,0.0,0,0,0,0,1
RLISP,1,0,0,0,1,0.0,0.0,0,0,0,0,1
Robot,1,0,0,0,1,0.0,0.0,0,0,0,0,1
RobotC,1,0,0,0,1,0.0,0.0,0,0,0,0,1
Robotic,1,0,0,0,0,0.0,0.0,0,0,0,1,0
Roc,1,0,0,0,1,0.0,0.0,0,0,0,0,1
Rockstar,1,0,0,0,1,0.0,0.0,0,0,0,0,1
Rocq,1,0,0,0,1,0.0,0.0,0,0,0,0,1
Roff,1,0,0,0,1,0.0,0.0,0,0,0,0,1
RON,1,0,1,1,0,0.0,100.0,0,0,1,0,0
ROSCOE,1,0,0,0,1,0.0,0.0,0,0,0,0,1
Rosette,1,0,0,0,1,0.0,0.0,0,0,0,0,1
Rosie,1,0,0,0,1,0.0,0.0,0,0,0,0,1
Roy,1,0,0,0,0,0.0,0.0,0,0,0,1,0
RPAL,1,0,0,0,1,0.0,0.0,0,0,0,0,1
RPG,1,0,0,0,1,0.0,0.0,0,0,0,0,1
RPG II,1,0,0,0,0,0.0,0.0,0,0,0,1,0
RPG III,1,0,0,0,1,0.0,0.0,0,0,0,0,1
RPG IV,1,0,0,0,1,0.0,0.0,0,0,0,0,1
RPGLE,1,0,0,0,1,0.0,0.0,0,0,0,0,1
RPL,1,0,0,0,1,0.0,0.0,0,0,0,0,1
RPL/2,1,0,0,0,1,0.0,0.0,0,0,0,0,1
RPython,1,0,0,0,1,0.0,0.0,0,0,0,0,1
RTL/2,1,0,0,0,1,0.0,0.0,0,0,0,0,1
Rubinius,1,0,1,1,0,0.0,100.0,0,0,1,0,0
Ruby,1,0,0,0,1,0.0,0.0,0,0,0,0,1
Run BASIC,1,0,0,0,1,0.0,0.0,0,0,0,0,1
Rune,1,0,1,1,0,0.0,100.0,0,0,1,0,0
RuneScript,1,0,0,0,1,0.0,0.0,0,0,0,0,1
RUNOFF,1,0,0,0,1,0.0,0.0,0,0,0,0,1
Russell,1,0,0,0,1,0.0,0.0,0,0,0,0,1
Rust,1,0,1,1,0,0.0,100.0,0,0,1,0,0
Rye,1,0,0,0,1,0.0,0.0,0,0,0,0,1
Rzk,1,0,0,0,1,0.0,0.0,0,0,0,0,1
S,1,0,0,0,0,0.0,0.0,0,0,0,1,0
S-algol,1,0,0,0,1,0.0,0.0,0,0,0,0,1
S-BASIC,1,0,0,0,1,0.0,0.0,0,0,0,0,1
S-lang,1,0,0,0,1,0.0,0.0,0,0,0,0,1
S-PLUS,1,0,0,0,1,0.0,0.0,0,0,0,0,1
S/360 Assembly,1,0,0,0,1,0.0,0.0,0,0,0,0,1
S/390 Assembly,1,0,0,0,0,0.0,0.0,0,0,0,1,0
S/SL,1,0,0,0,0,0.0,0.0,0,0,0,1,0
s7,1,0,0,0,1,0.0,0.0,0,0,0,0,1
SABR,1,0,0,0,1,0.0,0.0,0,0,0,0,1
SaC,1,0,0,0,1,0.0,0.0,0,0,0,0,1
SageMath,1,0,0,0,1,0.0,0.0,0,0,0,0,1
SAIL,1,0,0,0,1,0.0,0.0,0,0,0,0,1
SAL,1,0,0,0,1,0.0,0.0,0,0,0,0,1
Salmon,1,0,1,1,0,0.0,100.0,0,0,1,0,0
Salsa,1,0,0,0,0,0.0,0.0,0,0,0,1,0
SAM76,1,0,0,0,1,0.0,0.0,0,0,0,0,1
SAOL,1,0,0,0,1,0.0,0.0,0,0,0,0,1
SARL,1,0,0,0,1,0.0,0.0,0,0,0,0,1
SAS,1,0,0,0,0,0.0,0.0,0,0,0,1,0
SASL,1,0,0,0,0,0.0,0.0,0,0,0,1,0
Sass,1,0,0,0,1,0.0,0.0,0,0,0,0,1
Sather,1,0,0,0,1,0.0,0.0,0,0,0,0,1
SATySFi,1,0,0,0,1,0.0,0.0,0,0,0,0,1
Savi,1,0,0,0,0,0.0,0.0,0,0,0,1,0
Sawzall,1,0,0,0,1,0.0,0.0,0,0,0,0,1
SBASIC,1,0,0,0,1,0.0,0.0,0,0,0,0,1
SBCL,1,0,1,1,0,0.0,100.0,0,0,1,0,0
Scade,1,0,0,0,1,0.0,0.0,0,0,0,0,1
Scaffold,1,0,0,0,1,0.0,0.0,0,0,0,0,1
Scala,1,0,0,0,1,0.0,0.0,0,0,0,0,1
SCAMP,1,0,0,0,1,0.0,0.0,0,0,0,0,1
SCELBAL,1,0,0,0,1,0.0,0.0,0,0,0,0,1
SCELBI BASIC,1,0,0,0,1,0.0,0.0,0,0,0,0,1
Scenic,1,0,0,0,0,0.0,0.0,0,0,0,1,0
SCEPTRE,1,0,0,0,1,0.0,0.0,0,0,0,0,1
Schematron,1,0,0,0,0,0.0,0.0,0,0,0,1,0
Scheme,1,0,0,0,1,0.0,0.0,0,0,0,0,1
Scheme 48,1,0,0,0,1,0.0,0.0,0,0,0,0,1
Scheme-79,1,0,0,0,1,0.0,0.0,0,0,0,0,1
SCHOONSHIP,1,0,0,0,1,0.0,0.0,0,0,0,0,1
Scilab,1,0,0,0,0,0.0,0.0,0,0,0,1,0
Scilla,1,0,0,0,1,0.0,0.0,0,0,0,0,1
Scopes,1,0,0,0,1,0.0,0.0,0,0,0,0,1
Scrapscript,1,0,1,1,0,0.0,100.0,0,0,1,0,0
Scratch,1,0,0,0,1,0.0,0.0,0,0,0,0,1
SCRATCHPAD,1,0,0,0,1,0.0,0.0,0,0,0,0,1
Scribble,1,0,0,0,1,0.0,0.0,0,0,0,0,1
Scribe,1,0,0,0,1,0.0,0.0,0,0,0,0,1
SCRIPT,1,0,0,0,1,0.0,0.0,0,0,0,0,1
ScriptBasic,1,0,0,0,1,0.0,0.0,0,0,0,0,1
Scriptol,1,0,0,0,1,0.0,0.0,0,0,0,0,1
Scryer Prolog,1,0,0,0,1,0.0,0.0,0,0,0,0,1
sCrypt,1,0,0,0,1,0.0,0.0,0,0,0,0,1
Scrypto,1,0,0,0,1,0.0,0.0,0,0,0,0,1
Scsh,1,0,0,0,1,0.0,0.0,0,0,0,0,1
SDL,1,0,0,0,1,0.0,0.0,0,0,0,0,1
sed,1,0,0,0,1,0.0,0.0,0,0,0,0,1
Seed,1,0,0,0,1,0.0,0.0,0,0,0,0,1
Seed7,1,0,0,0,1,0.0,0.0,0,0,0,0,1
Self,1,0,0,0,1,0.0,0.0,0,0,0,0,1
SenseTalk,1,0,0,0,1,0.0,0.0,0,0,0,0,1
Seph,1,0,1,1,0,0.0,100.0,0,0,1,0,0
SequenceL,1,0,0,0,1,0.0,0.0,0,0,0,0,1
Sequential Function Chart,1,0,0,0,1,0.0,0.0,0,0,0,0,1
Sequoia,1,0,0,0,1,0.0,0.0,0,0,0,0,1
Seriously,1,1,0,1,0,100.0,100.0,0,1,0,0,0
Serpent,1,0,0,0,1,0.0,0.0,0,0,0,0,1
Setanta,1,0,0,0,0,0.0,0.0,0,0,0,1,0
SETL,1,0,0,0,1,0.0,0.0,0,0,0,0,1
SETLX,1,0,0,0,1,0.0,0.0,0,0,0,0,1
SETUN,1,0,0,0,1,0.0,0.0,0,0,0,0,1
SFTRAN,1,0,0,0,1,0.0,0.0,0,0,0,0,1
Shakespeare Programming Language,1,0,0,0,1,0.0,0.0,0,0,0,0,1
Shakti,1,0,0,0,1,0.0,0.0,0,0,0,0,1
Shen,1,0,0,0,1,0.0,0.0,0,0,0,0,1
Shiika,1,0,0,0,1,0.0,0.0,0,0,0,0,1
Short Code,1,0,0,0,0,0.0,0.0,0,0,0,1,0
Sibilant,1,0,0,0,1,0.0,0.0,0,0,0,0,1
SICStus Prolog,1,0,0,0,1,0.0,0.0,0,0,0,0,1
Sidef,1,0,0,0,1,0.0,0.0,0,0,0,0,1
Sieve,1,0,0,0,1,0.0,0.0,0,0,0,0,1
Signal,1,0,0,0,0,0.0,0.0,0,0,0,1,0
SIL,1,0,0,0,1,0.0,0.0,0,0,0,0,1
SILE,1,0,1,1,0,0.0,100.0,0,0,1,0,0
Silice,1,0,1,1,0,0.0,100.0,0,0,1,0,0
Silq,1,0,0,0,1,0.0,0.0,0,0,0,0,1
Silver,1,0,0,0,1,0.0,0.0,0,0,0,0,1
SIMAN,1,0,0,0,1,0.0,0.0,0,0,0,0,1
Simit,1,0,1,1,0,0.0,100.0,0,0,1,0,0
Simkin,1,0,0,0,1,0.0,0.0,0,0,0,0,1
SIMPL,1,0,0,0,1,0.0,0.0,0,0,0,0,1
SIMPL+,1,0,0,0,1,0.0,0.0,0,0,0,0,1
Simplicity,1,0,0,0,1,0.0,0.0,0,0,0,0,1
SIMPOL,1,0,0,0,1,0.0,0.0,0,0,0,0,1
SIMSCRIPT,1,0,0,0,1,0.0,0.0,0,0,0,0,1
SIMSCRIPT II.5,1,0,0,0,1,0.0,0.0,0,0,0,0,1
Simula,1,0,0,0,1,0.0,0.0,0,0,0,0,1
SIMULA 67,1,0,0,0,1,0.0,0.0,0,0,0,0,1
Simula I,1,0,0,0,1,0.0,0.0,0,0,0,0,1
Simulink,1,0,0,0,1,0.0,0.0,0,0,0,0,1
Sinclair BASIC,1,0,0,0,1,0.0,0.0,0,0,0,0,1
Singular,1,0,0,0,1,0.0,0.0,0,0,0,0,1
SIOD,1,0,0,0,1,0.0,0.0,0,0,0,0,1
SISAL,1,0,0,0,1,0.0,0.0,0,0,0,0,1
Sixten,1,0,0,0,1,0.0,0.0,0,0,0,0,1
Sketch,1,0,0,0,1,0.0,0.0,0,0,0,0,1
Skew,1,0,0,0,1,0.0,0.0,0,0,0,0,1
SKILL,1,0,0,0,1,0.0,0.0,0,0,0,0,1
Skip,1,0,1,1,0,0.0,100.0,0,0,1,0,0
Skript,1,0,0,0,1,0.0,0.0,0,0,0,0,1
Skull,1,0,0,0,1,0.0,0.0,0,0,0,0,1
SLAM,1,0,0,0,0,0.0,0.0,0,0,0,1,0
Slang,1,0,1,1,0,0.0,100.0,0,0,1,0,0
Slashes,1,0,0,0,1,0.0,0.0,0,0,0,0,1
Slate,1,0,0,0,1,0.0,0.0,0,0,0,0,1
SLEIGH,1,0,0,0,1,0.0,0.0,0,0,0,0,1
SLEUTH,1,0,0,0,1,0.0,0.0,0,0,0,0,1
Slice,1,0,0,0,1,0.0,0.0,0,0,0,0,1
Slim,1,0,0,0,0,0.0,0.0,0,0,0,1,0
Slint,1,0,1,1,0,0.0,100.0,0,0,1,0,0
SLIP,1,0,0,0,1,0.0,0.0,0,0,0,0,1
SMAL,1,0,0,0,1,0.0,0.0,0,0,0,0,1
Smali,1,0,0,0,1,0.0,0.0,0,0,0,0,1
Small Basic,1,0,0,0,1,0.0,0.0,0,0,0,0,1
Small-C,1,0,0,0,1,0.0,0.0,0,0,0,0,1
SmallBASIC,1,0,1,1,0,0.0,100.0,0,0,1,0,0
Smalltalk,1,0,0,0,1,0.0,0.0,0,0,0,0,1
Smalltalk-71,1,0,0,0,1,0.0,0.0,0,0,0,0,1
Smalltalk-72,1,0,0,0,1,0.0,0.0,0,0,0,0,1
Smalltalk-74,1,0,0,0,0,0.0,0.0,0,0,0,1,0
Smalltalk-76,1,0,0,0,0,0.0,0.0,0,0,0,1,0
Smalltalk-78,1,0,0,0,1,0.0,0.0,0,0,0,0,1
Smalltalk-80,1,0,0,0,1,0.0,0.0,0,0,0,0,1
Smalltalk-82,1,0,0,0,0,0.0,0.0,0,0,0,1,0
Smalltalk/X,1,0,0,0,1,0.0,0.0,0,0,0,0,1
SmartBASIC,1,0,0,0,1,0.0,0.0,0,0,0,0,1
SmartPy,1,0,0,0,1,0.0,0.0,0,0,0,0,1
Smarty,1,0,1,1,0,0.0,100.0,0,0,1,0,0
SMIL,1,0,0,0,1,0.0,0.0,0,0,0,0,1
SmileBASIC,1,0,0,0,1,0.0,0.0,0,0,0,0,1
Smithy,1,0,0,0,1,0.0,0.0,0,0,0,0,1
SML#,1,0,1,1,0,0.0,100.0,0,0,1,0,0
SML/NJ,1,0,0,0,1,0.0,0.0,0,0,0,0,1
SMP,1,0,0,0,1,0.0,0.0,0,0,0,0,1
SmPL,1,0,0,0,0,0.0,0.0,0,0,0,1,0
SMT-LIB,1,0,0,0,1,0.0,0.0,0,0,0,0,1
SMV,1,0,0,0,1,0.0,0.0,0,0,0,0,1
Snakemake,1,0,0,0,0,0.0,0.0,0,0,0,1,0
SNAP,1,0,0,0,0,0.0,0.0,0,0,0,1,0
Snap!,1,0,0,0,1,0.0,0.0,0,0,0,0,1
SNEK,1,0,0,0,0,0.0,0.0,0,0,0,1,0
SNOBOL,1,0,1,1,0,0.0,100.0,0,0,1,0,0
SNOBOL1,1,0,0,0,1,0.0,0.0,0,0,0,0,1
SNOBOL2,1,0,0,0,1,0.0,0.0,0,0,0,0,1
SNOBOL3,1,0,0,0,0,0.0,0.0,0,0,0,1,0
SNOBOL4,1,0,0,0,1,0.0,0.0,0,0,0,0,1
SNOBOL5,1,0,0,0,1,0.0,0.0,0,0,0,0,1
Snowball,1,0,0,0,0,0.0,0.0,0,0,0,1,0
SNUSP,1,0,0,0,1,0.0,0.0,0,0,0,0,1
SOAP,1,0,0,0,1,0.0,0.0,0,0,0,0,1
Soar,1,0,0,0,1,0.0,0.0,0,0,0,0,1
SOL,1,0,0,0,1,0.0,0.0,0,0,0,0,1
Solidity,1,0,0,0,1,0.0,0.0,0,0,0,0,1
SOM,1,0,0,0,1,0.0,0.0,0,0,0,0,1
Sonic Pi,1,0,1,1,0,0.0,100.0,0,0,1,0,0
Sophia,1,0,0,0,1,0.0,0.0,0,0,0,0,1
SOQL,1,0,0,0,1,0.0,0.0,0,0,0,0,1
Souffle,1,0,0,0,0,0.0,0.0,0,0,0,1,0
SOUL,1,0,0,0,0,0.0,0.0,0,0,0,1,0
SourcePawn,1,0,0,0,1,0.0,0.0,0,0,0,0,1
SPAD,1,0,0,0,1,0.0,0.0,0,0,0,0,1
Spade,1,0,0,0,0,0.0,0.0,0,0,0,1,0
SPARC Assembly,1,0,0,0,1,0.0,0.0,0,0,0,0,1
SparForte,1,0,0,0,1,0.0,0.0,0,0,0,0,1
SPARK,1,0,0,0,0,0.0,0.0,0,0,0,1,0
SPARQL,1,0,0,0,1,0.0,0.0,0,0,0,0,1
Sparrow,1,0,0,0,1,0.0,0.0,0,0,0,0,1
Speakeasy,1,0,0,0,0,0.0,0.0,0,0,0,1,0
Spec#,1,0,0,0,1,0.0,0.0,0,0,0,0,1
SpecC,1,0,0,0,1,0.0,0.0,0,0,0,0,1
Speedcode,1,0,0,0,1,0.0,0.0,0,0,0,0,1
Speedcoding,1,0,0,0,1,0.0,0.0,0,0,0,0,1
Speedie,1,0,0,0,1,0.0,0.0,0,0,0,0,1
SPICE,1,0,0,0,1,0.0,0.0,0,0,0,0,1
Spin,1,0,0,0,1,0.0,0.0,0,0,0,0,1
SpinalHDL,1,0,0,0,0,0.0,0.0,0,0,0,1,0
SPIR-V,1,0,0,0,1,0.0,0.0,0,0,0,0,1
Spiral,1,0,0,0,1,0.0,0.0,0,0,0,0,1
SPITBOL,1,0,1,1,0,0.0,100.0,0,0,1,0,0
SPL,1,0,0,0,1,0.0,0.0,0,0,0,0,1
Split-C,1,0,0,0,1,0.0,0.0,0,0,0,0,1
SPOOL,1,0,0,0,0,0.0,0.0,0,0,0,1,0
Spoon,1,0,0,0,1,0.0,0.0,0,0,0,0,1
Sporth,1,0,0,0,1,0.0,0.0,0,0,0,0,1
Spry,1,0,0,0,1,0.0,0.0,0,0,0,0,1
SPS,1,0,0,0,0,0.0,0.0,0,0,0,1,0
SPSS Syntax,1,0,0,0,1,0.0,0.0,0,0,0,0,1
SPWN,1,0,0,0,1,0.0,0.0,0,0,0,0,1
SQF,1,0,0,0,1,0.0,0.0,0,0,0,0,1
SQL,1,0,0,0,1,0.0,0.0,0,0,0,0,1
SQR,1,0,0,0,1,0.0,0.0,0,0,0,0,1
Squeak,1,0,0,0,1,0.0,0.0,0,0,0,0,1
Squiffy,1,0,1,1,0,0.0,100.0,0,0,1,0,0
Squiggle,1,0,0,0,1,0.0,0.0,0,0,0,0,1
Squirrel,1,0,0,0,1,0.0,0.0,0,0,0,0,1
SR,1,0,0,0,1,0.0,0.0,0,0,0,0,1
SSEM,1,0,0,0,0,0.0,0.0,0,0,0,1,0
Stalin,1,0,0,0,1,0.0,0.0,0,0,0,0,1
Stan,1,0,1,1,0,0.0,100.0,0,0,1,0,0
Standard BASIC,1,0,0,0,1,0.0,0.0,0,0,0,0,1
Standard Lisp,1,0,0,0,0,0.0,0.0,0,0,0,1,0
Standard ML,1,0,0,0,1,0.0,0.0,0,0,0,0,1
Standard Pascal,1,0,0,0,1,0.0,0.0,0,0,0,0,1
Stanza,1,0,0,0,0,0.0,0.0,0,0,0,1,0
Starlark,1,0,0,0,1,0.0,0.0,0,0,0,0,1
StarLogo,1,0,0,0,1,0.0,0.0,0,0,0,0,1
StarOffice Basic,1,0,0,0,1,0.0,0.0,0,0,0,0,1
Starry,1,0,0,0,1,0.0,0.0,0,0,0,0,1
Stata,1,0,0,0,1,0.0,0.0,0,0,0,0,1
Stax,1,0,0,0,1,0.0,0.0,0,0,0,0,1
STELLA,1,0,0,0,1,0.0,0.0,0,0,0,0,1
STklos,1,0,0,0,1,0.0,0.0,0,0,0,0,1
STOIC,1,0,0,0,1,0.0,0.0,0,0,0,0,1
STOS BASIC,1,0,0,0,1,0.0,0.0,0,0,0,0,1
Strand,1,0,0,0,1,0.0,0.0,0,0,0,0,1
Stratego,1,0,0,0,1,0.0,0.0,0,0,0,0,1
StreamIt,1,0,0,0,1,0.0,0.0,0,0,0,0,1
Streem,1,0,0,0,1,0.0,0.0,0,0,0,0,1
STRESS,1,0,0,0,1,0.0,0.0,0,0,0,0,1
STRIPS,1,0,0,0,0,0.0,0.0,0,0,0,1,0
Strongtalk,1,0,1,1,0,0.0,100.0,0,0,1,0,0
Stroscot,1,0,0,0,1,0.0,0.0,0,0,0,0,1
Structured Text,1,0,0,0,1,0.0,0.0,0,0,0,0,1
Stylus,1,0,0,0,1,0.0,0.0,0,0,0,0,1
SubC,1,0,0,0,1,0.0,0.0,0,0,0,0,1
Subleq,1,0,0,0,1,0.0,0.0,0,0,0,0,1
Sunder,1,0,0,0,1,0.0,0.0,0,0,0,0,1
Suneido,1,0,0,0,1,0.0,0.0,0,0,0,0,1
Superbase,1,0,0,0,1,0.0,0.0,0,0,0,0,1
SuperBASIC,1,0,0,0,0,0.0,0.0,0,0,0,1,0
SuperCard,1,0,0,0,1,0.0,0.0,0,0,0,0,1
SuperCollider,1,0,0,0,1,0.0,0.0,0,0,0,0,1
SuperPascal,1,0,0,0,1,0.0,0.0,0,0,0,0,1
SuperTalk,1,0,0,0,1,0.0,0.0,0,0,0,0,1
Svelte,1,0,0,0,1,0.0,0.0,0,0,0,0,1
Sway,1,0,0,0,1,0.0,0.0,0,0,0,0,1
Sweet.js,1,0,0,0,1,0.0,0.0,0,0,0,0,1
Sweet16,1,0,0,0,1,0.0,0.0,0,0,0,0,1
SWI-Prolog,1,0,0,0,0,0.0,0.0,0,0,0,1,0
Swift,1,0,0,0,1,0.0,0.0,0,0,0,0,1
SwiftScript,1,0,0,0,1,0.0,0.0,0,0,0,0,1
SYCL,1,0,0,0,1,0.0,0.0,0,0,0,0,1
SYMBAL,1,0,0,0,1,0.0,0.0,0,0,0,0,1
SYMPL,1,0,0,0,1,0.0,0.0,0,0,0,0,1
SystemC,1,0,0,0,1,0.0,0.0,0,0,0,0,1
SystemTap,1,0,0,0,1,0.0,0.0,0,0,0,0,1
SystemVerilog,1,0,0,0,1,0.0,0.0,0,0,0,0,1
Syx,1,0,0,0,1,0.0,0.0,0,0,0,0,1
T,1,0,0,0,1,0.0,0.0,0,0,0,0,1
T3X,1,0,0,0,1,0.0,0.0,0,0,0,0,1
T4,1,0,0,0,1,0.0,0.0,0,0,0,0,1
Tabloid,1,0,0,0,1,0.0,0.0,0,0,0,0,1
TACL,1,0,0,0,1,0.0,0.0,0,0,0,0,1
TACPOL,1,0,0,0,1,0.0,0.0,0,0,0,0,1
Tact,1,0,0,0,1,0.0,0.0,0,0,0,0,1
TADS,1,0,0,0,1,0.0,0.0,0,0,0,0,1
Taichi,1,0,1,1,0,0.0,100.0,0,0,1,0,0
Tailspin,1,0,0,0,1,0.0,0.0,0,0,0,0,1
TAL,1,0,0,0,1,0.0,0.0,0,0,0,0,1
Tamarin,1,0,0,0,1,0.0,0.0,0,0,0,0,1
Tamgu,1,0,0,0,1,0.0,0.0,0,0,0,0,1
Tampio,1,0,0,0,1,0.0,0.0,0,0,0,0,1
Tamsin,1,0,0,0,1,0.0,0.0,0,0,0,0,1
Tao,1,0,0,0,1,0.0,0.0,0,0,0,0,1
Tart,1,0,0,0,1,0.0,0.0,0,0,0,0,1
TASM,1,0,0,0,1,0.0,0.0,0,0,0,0,1
Tau Prolog,1,0,0,0,0,0.0,0.0,0,0,0,1,0
Taxi,1,0,0,0,1,0.0,0.0,0,0,0,0,1
TBL,1,0,0,0,1,0.0,0.0,0,0,0,0,1
Tcl,1,0,0,0,1,0.0,0.0,0,0,0,0,1
Tcsh,1,0,1,1,0,0.0,100.0,0,0,1,0,0
Tea,1,0,0,0,1,0.0,0.0,0,0,0,0,1
Teal,1,0,1,1,0,0.0,100.0,0,0,1,0,0
TECO,1,0,0,0,1,0.0,0.0,0,0,0,0,1
TELCOMP,1,0,0,0,0,0.0,0.0,0,0,0,1,0
Telescript,1,0,0,0,1,0.0,0.0,0,0,0,0,1
Tengo,1,0,0,0,1,0.0,0.0,0,0,0,0,1
Terra,1,0,0,0,1,0.0,0.0,0,0,0,0,1
TERSE,1,0,0,0,1,0.0,0.0,0,0,0,0,1
TeX,1,0,0,0,0,0.0,0.0,0,0,0,1,0
Teyjus,1,0,1,1,0,0.0,100.0,0,0,1,0,0
Theta,1,0,0,0,1,0.0,0.0,0,0,0,0,1
thinBasic,1,0,0,0,1,0.0,0.0,0,0,0,0,1
ThinkScript,1,0,0,0,1,0.0,0.0,0,0,0,0,1
Thorn,1,0,0,0,1,0.0,0.0,0,0,0,0,1
Thrift,1,0,0,0,1,0.0,0.0,0,0,0,0,1
Thue,1,0,0,0,1,0.0,0.0,0,0,0,0,1
TI Extended BASIC,1,0,0,0,1,0.0,0.0,0,0,0,0,1
TI-BASIC,1,0,0,0,1,0.0,0.0,0,0,0,0,1
TidalCycles,1,0,0,0,1,0.0,0.0,0,0,0,0,1
Tiger,1,0,0,0,1,0.0,0.0,0,0,0,0,1
Timber,1,0,0,0,1,0.0,0.0,0,0,0,0,1
TiML,1,0,0,0,1,0.0,0.0,0,0,0,0,1
Tiny BASIC,1,0,1,1,0,0.0,100.0,0,0,1,0,0
TinyC,1,0,0,0,0,0.0,0.0,0,0,0,1,0
TinyML,1,0,0,0,1,0.0,0.0,0,0,0,0,1
TinyScheme,1,0,0,0,1,0.0,0.0,0,0,0,0,1
TiScript,1,0,0,0,1,0.0,0.0,0,0,0,0,1
Titan,1,0,0,0,1,0.0,0.0,0,0,0,0,1
Titanium,1,0,0,0,1,0.0,0.0,0,0,0,0,1
TL,1,0,0,0,0,0.0,0.0,0,0,0,1,0
TLA+,1,0,0,0,1,0.0,0.0,0,0,0,0,1
TMG,1,0,0,0,0,0.0,0.0,0,0,0,1,0
TMS320 Assembly,1,0,0,0,0,0.0,0.0,0,0,0,1,0
Toit,1,0,0,0,1,0.0,0.0,0,0,0,0,1
Toka,1,0,0,0,1,0.0,0.0,0,0,0,0,1
Tokay,1,0,0,0,1,0.0,0.0,0,0,0,0,1
TOM,1,0,0,0,1,0.0,0.0,0,0,0,0,1
TOML,1,0,0,0,1,0.0,0.0,0,0,0,0,1
ToonTalk,1,0,0,0,0,0.0,0.0,0,0,0,1,0
TorqueScript,1,0,0,0,1,0.0,0.0,0,0,0,0,1
Toy,1,0,0,0,1,0.0,0.0,0,0,0,0,1
TPU,1,0,0,0,1,0.0,0.0,0,0,0,0,1
TRAC,1,0,0,0,1,0.0,0.0,0,0,0,0,1
Transact-SQL,1,0,0,0,1,0.0,0.0,0,0,0,0,1
Transcrypt,1,0,0,0,1,0.0,0.0,0,0,0,0,1
Transd,1,0,0,0,1,0.0,0.0,0,0,0,0,1
Trealla,1,0,0,0,1,0.0,0.0,0,0,0,0,1
TREE-META,1,0,0,0,0,0.0,0.0,0,0,0,1,0
TreeBASIC,1,0,0,0,0,0.0,0.0,0,0,0,1,0
Trefunge,1,0,0,0,1,0.0,0.0,0,0,0,0,1
Trith,1,0,0,0,1,0.0,0.0,0,0,0,0,1
Triton,1,0,0,0,1,0.0,0.0,0,0,0,0,1
Troff,1,0,0,0,0,0.0,0.0,0,0,0,1,0
TROLL,1,0,0,0,0,0.0,0.0,0,0,0,1,0
TRS-80 BASIC,1,0,0,0,1,0.0,0.0,0,0,0,0,1
True BASIC,1,0,0,0,1,0.0,0.0,0,0,0,0,1
TrumpScript,1,0,1,1,0,0.0,100.0,0,0,1,0,0
TSP,1,0,0,0,1,0.0,0.0,0,0,0,0,1
TTCN-2,1,0,0,0,1,0.0,0.0,0,0,0,0,1
TTCN-3,1,0,0,0,1,0.0,0.0,0,0,0,0,1
Turbo BASIC,1,0,0,0,1,0.0,0.0,0,0,0,0,1
Turbo BASIC XL,1,0,0,0,1,0.0,0.0,0,0,0,0,1
Turbo Pascal,1,0,0,0,1,0.0,0.0,0,0,0,0,1
Turbo Prolog,1,0,0,0,1,0.0,0.0,0,0,0,0,1
Turing,1,0,0,0,1,0.0,0.0,0,0,0,0,1
Turing Machine,1,0,0,0,1,0.0,0.0,0,0,0,0,1
Turtle,1,0,0,0,1,0.0,0.0,0,0,0,0,1
TUSCRIPT,1,0,0,0,1,0.0,0.0,0,0,0,0,1
TUTOR,1,0,0,0,1,0.0,0.0,0,0,0,0,1
Tutorial D,1,0,0,0,1,0.0,0.0,0,0,0,0,1
Twelf,1,0,0,0,1,0.0,0.0,0,0,0,0,1
Twig,1,0,0,0,1,0.0,0.0,0,0,0,0,1
TwinCAT,1,0,0,0,0,0.0,0.0,0,0,0,1,0
Twine,1,0,0,0,1,0.0,0.0,0,0,0,0,1
TX-0 Assembly,1,0,0,0,1,0.0,0.0,0,0,0,0,1
TX-2 Assembly,1,0,0,0,0,0.0,0.0,0,0,0,1,0
TXL,1,0,0,0,1,0.0,0.0,0,0,0,0,1
TXR,1,0,0,0,1,0.0,0.0,0,0,0,0,1
Tycoon,1,0,0,0,1,0.0,0.0,0,0,0,0,1
Typed Racket,1,0,0,0,1,0.0,0.0,0,0,0,0,1
TypeQL,1,0,0,0,1,0.0,0.0,0,0,0,0,1
TypeScript,1,0,0,0,1,0.0,0.0,0,0,0,0,1
TypeSpec,1,0,0,0,0,0.0,0.0,0,0,0,1,0
Typst,1,0,0,0,1,0.0,0.0,0,0,0,0,1
U-SQL,1,0,0,0,1,0.0,0.0,0,0,0,0,1
UBASIC,1,0,0,0,1,0.0,0.0,0,0,0,0,1
Ubercode,1,0,0,0,1,0.0,0.0,0,0,0,0,1
uC++,1,0,0,0,1,0.0,0.0,0,0,0,0,1
UCBLogo,1,0,0,0,1,0.0,0.0,0,0,0,0,1
UCI Lisp,1,0,0,0,1,0.0,0.0,0,0,0,0,1
UCSD Pascal,1,0,0,0,0,0.0,0.0,0,0,0,1,0
Uiua,1,0,0,0,1,0.0,0.0,0,0,0,0,1
uLisp,1,0,0,0,0,0.0,0.0,0,0,0,1,0
Umka,1,0,0,0,1,0.0,0.0,0,0,0,0,1
Umple,1,0,0,0,0,0.0,0.0,0,0,0,1,0
Unary,1,0,0,0,1,0.0,0.0,0,0,0,0,1
UNCOL,1,0,0,0,1,0.0,0.0,0,0,0,0,1
Underload,1,0,0,0,1,0.0,0.0,0,0,0,0,1
Unefunge,1,0,0,0,1,0.0,0.0,0,0,0,0,1
UniBasic,1,0,0,0,1,0.0,0.0,0,0,0,0,1
Unicon,1,0,0,0,1,0.0,0.0,0,0,0,0,1
Uniface,1,0,0,0,1,0.0,0.0,0,0,0,0,1
Unison,1,0,0,0,1,0.0,0.0,0,0,0,0,1
UNITY,1,0,0,0,1,0.0,0.0,0,0,0,0,1
Unlambda,1,0,0,0,1,0.0,0.0,0,0,0,0,1
UnrealScript,1,0,0,0,0,0.0,0.0,0,0,0,1,0
UPC,1,0,0,0,1,0.0,0.0,0,0,0,0,1
Uppaal,1,0,0,0,0,0.0,0.0,0,0,0,1,0
Ur,1,0,0,0,1,0.0,0.0,0,0,0,0,1
Urbi,1,0,0,0,1,0.0,0.0,0,0,0,0,1
Urn,1,0,0,0,1,0.0,0.0,0,0,0,0,1
Ursala,1,0,0,0,1,0.0,0.0,0,0,0,0,1
URScript,1,0,0,0,1,0.0,0.0,0,0,0,0,1
Urweb,1,0,0,0,1,0.0,0.0,0,0,0,0,1
UserTalk,1,0,1,1,0,0.0,100.0,0,0,1,0,0
Uxntal,1,0,0,0,1,0.0,0.0,0,0,0,0,1
V,1,0,0,0,1,0.0,0.0,0,0,0,0,1
Val,1,0,0,0,0,0.0,0.0,0,0,0,1,0
VAL-II,1,0,0,0,1,0.0,0.0,0,0,0,0,1
Vala,1,0,0,0,1,0.0,0.0,0,0,0,0,1
Vale,1,0,0,0,1,0.0,0.0,0,0,0,0,1
Vampire,1,0,0,0,1,0.0,0.0,0,0,0,0,1
Varnish Configuration Language,1,0,0,0,1,0.0,0.0,0,0,0,0,1
VASM,1,0,0,0,0,0.0,0.0,0,0,0,1,0
VAX Assembly,1,0,0,0,1,0.0,0.0,0,0,0,0,1
VAX BASIC,1,0,0,0,1,0.0,0.0,0,0,0,0,1
VBScript,1,0,0,0,1,0.0,0.0,0,0,0,0,1
VDM,1,0,0,0,1,0.0,0.0,0,0,0,0,1
VDM-SL,1,0,0,0,1,0.0,0.0,0,0,0,0,1
Vega,1,0,0,0,0,0.0,0.0,0,0,0,1,0
Velato,1,0,1,1,0,0.0,100.0,0,0,1,0,0
Velocity,1,0,0,0,0,0.0,0.0,0,0,0,1,0
Vensim,1,0,0,0,1,0.0,0.0,0,0,0,0,1
VeriFast,1,0,0,0,1,0.0,0.0,0,0,0,0,1
Verilog,1,0,0,0,1,0.0,0.0,0,0,0,0,1
Verilog-A,1,0,0,0,1,0.0,0.0,0,0,0,0,1
Verilog-AMS,1,0,0,0,1,0.0,0.0,0,0,0,0,1
Verona,1,0,0,0,1,0.0,0.0,0,0,0,0,1
Verse,1,0,0,0,1,0.0,0.0,0,0,0,0,1
Verus,1,0,0,0,1,0.0,0.0,0,0,0,0,1
Veryl,1,0,0,0,1,0.0,0.0,0,0,0,0,1
Vesta,1,0,0,0,1,0.0,0.0,0,0,0,0,1
VEX,1,0,0,0,1,0.0,0.0,0,0,0,0,1
VHDL,1,0,0,0,1,0.0,0.0,0,0,0,0,1
VHDL-AMS,1,0,0,0,1,0.0,0.0,0,0,0,0,1
VIC-20 BASIC,1,0,0,0,1,0.0,0.0,0,0,0,0,1
Vicare,1,0,0,0,1,0.0,0.0,0,0,0,0,1
Vici,1,0,0,0,1,0.0,0.0,0,0,0,0,1
Vigil,1,0,0,0,1,0.0,0.0,0,0,0,0,1
Vim script,1,0,0,0,1,0.0,0.0,0,0,0,0,1
Viper,1,0,0,0,1,0.0,0.0,0,0,0,0,1
Virgil,1,0,0,0,1,0.0,0.0,0,0,0,0,1
Virtual Pascal,1,0,0,0,1,0.0,0.0,0,0,0,0,1
Visual Basic,1,0,0,0,1,0.0,0.0,0,0,0,0,1
Visual Basic .NET,1,0,0,0,1,0.0,0.0,0,0,0,0,1
Visual Basic for Applications,1,0,0,0,1,0.0,0.0,0,0,0,0,1
Visual DialogScript,1,0,0,0,1,0.0,0.0,0,0,0,0,1
Visual FoxPro,1,0,0,0,1,0.0,0.0,0,0,0,0,1
Visual J#,1,0,0,0,1,0.0,0.0,0,0,0,0,1
Visual J++,1,0,0,0,1,0.0,0.0,0,0,0,0,1
Visual Objects,1,0,0,0,1,0.0,0.0,0,0,0,0,1
Visual Prolog,1,0,0,0,1,0.0,0.0,0,0,0,0,1
VLISP,1,0,0,0,1,0.0,0.0,0,0,0,0,1
Volt,1,0,0,0,1,0.0,0.0,0,0,0,0,1
Vortex,1,0,0,0,1,0.0,0.0,0,0,0,0,1
Vox,1,0,0,0,1,0.0,0.0,0,0,0,0,1
VRML,1,0,0,0,0,0.0,0.0,0,0,0,1,0
VTL-2,1,0,0,0,1,0.0,0.0,0,0,0,0,1
Vulcan.NET,1,0,0,0,1,0.0,0.0,0,0,0,0,1
Vult,1,0,0,0,1,0.0,0.0,0,0,0,0,1
vvvv,1,0,0,0,0,0.0,0.0,0,0,0,1,0
Vyper,1,0,0,0,1,0.0,0.0,0,0,0,0,1
Vyxal,1,0,0,0,1,0.0,0.0,0,0,0,0,1
Wa,1,0,0,0,1,0.0,0.0,0,0,0,0,1
Wang BASIC,1,0,0,0,0,0.0,0.0,0,0,0,1,0
Wart,1,0,0,0,1,0.0,0.0,0,0,0,0,1
Wasp,1,0,0,0,0,0.0,0.0,0,0,0,1,0
WATBOL,1,0,0,0,1,0.0,0.0,0,0,0,0,1
WATFIV,1,0,0,0,0,0.0,0.0,0,0,0,1,0
WATFOR,1,0,0,0,1,0.0,0.0,0,0,0,0,1
WDL,1,0,0,0,1,0.0,0.0,0,0,0,0,1
WEB,1,0,0,0,1,0.0,0.0,0,0,0,0,1
WebAssembly Text Format,1,0,0,0,1,0.0,0.0,0,0,0,0,1
WebDNA,1,0,0,0,1,0.0,0.0,0,0,0,0,1
WebDSL,1,0,0,0,1,0.0,0.0,0,0,0,0,1
WebIDL,1,0,0,0,1,0.0,0.0,0,0,0,0,1
WebL,1,0,0,0,1,0.0,0.0,0,0,0,0,1
WebPPL,1,0,0,0,1,0.0,0.0,0,0,0,0,1
Wenyan,1,0,0,0,1,0.0,0.0,0,0,0,0,1
WFL,1,0,0,0,1,0.0,0.0,0,0,0,0,1
WGSL,1,0,0,0,1,0.0,0.0,0,0,0,0,1
Whenever,1,0,0,0,1,0.0,0.0,0,0,0,0,1
Whiley,1,0,0,0,1,0.0,0.0,0,0,0,0,1
Whirl,1,0,0,0,1,0.0,0.0,0,0,0,0,1
Whirlwind,1,0,0,0,1,0.0,0.0,0,0,0,0,1
Whitespace,1,0,0,0,1,0.0,0.0,0,0,0,0,1
Why3,1,0,0,0,1,0.0,0.0,0,0,0,0,1
Wierd,1,0,0,0,1,0.0,0.0,0,0,0,0,1
WinBatch,1,0,0,0,1,0.0,0.0,0,0,0,0,1
Wing,1,0,0,0,1,0.0,0.0,0,0,0,0,1
Winxed,1,0,0,0,1,0.0,0.0,0,0,0,0,1
Wiring,1,0,0,0,1,0.0,0.0,0,0,0,0,1
Wisp,1,0,0,0,1,0.0,0.0,0,0,0,0,1
WLanguage,1,0,0,0,0,0.0,0.0,0,0,0,1,0
Wolfram Language,1,0,0,0,1,0.0,0.0,0,0,0,0,1
Wollok,1,0,0,0,1,0.0,0.0,0,0,0,0,1
Woma,1,0,0,0,1,0.0,0.0,0,0,0,0,1
Wonkey,1,0,0,0,1,0.0,0.0,0,0,0,0,1
WordBasic,1,0,0,0,1,0.0,0.0,0,0,0,0,1
Wortel,1,0,0,0,1,0.0,0.0,0,0,0,0,1
Wren,1,0,0,0,1,0.0,0.0,0,0,0,0,1
Wuffs,1,1,0,1,0,100.0,100.0,0,1,0,0,0
Wybe,1,0,1,1,0,0.0,100.0,0,0,1,0,0
Wyvern,1,1,0,1,0,100.0,100.0,0,1,0,0,0
X++,1,0,0,0,1,0.0,0.0,0,0,0,0,1
X10,1,0,0,0,1,0.0,0.0,0,0,0,0,1
X11-Basic,1,0,0,0,1,0.0,0.0,0,0,0,0,1
X86 Assembly,1,0,0,0,1,0.0,0.0,0,0,0,0,1
Xbase++,1,0,0,0,1,0.0,0.0,0,0,0,0,1
XBasic,1,0,0,0,1,0.0,0.0,0,0,0,0,1
XC,1,0,0,0,0,0.0,0.0,0,0,0,1,0
XCOM,1,0,0,0,1,0.0,0.0,0,0,0,0,1
XDuce,1,0,0,0,1,0.0,0.0,0,0,0,0,1
xHarbour,1,0,0,0,0,0.0,0.0,0,0,0,1,0
XL,1,0,0,0,1,0.0,0.0,0,0,0,0,1
XLISP,1,0,0,0,1,0.0,0.0,0,0,0,0,1
XLISP-STAT,1,0,0,0,1,0.0,0.0,0,0,0,0,1
XO-CHIP,1,0,0,0,1,0.0,0.0,0,0,0,0,1
XOD,1,0,0,0,0,0.0,0.0,0,0,0,1,0
Xojo,1,0,0,0,1,0.0,0.0,0,0,0,0,1
Xonsh,1,0,0,0,1,0.0,0.0,0,0,0,0,1
XOTcl,1,0,0,0,1,0.0,0.0,0,0,0,0,1
XPath,1,0,0,0,1,0.0,0.0,0,0,0,0,1
XPL,1,0,0,0,0,0.0,0.0,0,0,0,1,0
XPL+,1,0,0,0,1,0.0,0.0,0,0,0,0,1
XPL0,1,0,0,0,1,0.0,0.0,0,0,0,0,1
XPLOR,1,0,0,0,1,0.0,0.0,0,0,0,0,1
XProc,1,0,0,0,1,0.0,0.0,0,0,0,0,1
XQuery,1,0,0,0,1,0.0,0.0,0,0,0,0,1
XS,1,0,0,0,1,0.0,0.0,0,0,0,0,1
XSB,1,0,0,0,0,0.0,0.0,0,0,0,1,0
XSharp,1,0,0,0,1,0.0,0.0,0,0,0,0,1
XSLT,1,0,0,0,1,0.0,0.0,0,0,0,0,1
Xtend,1,0,0,0,1,0.0,0.0,0,0,0,0,1
Xtlang,2,0,0,0,2,0.0,0.0,0,0,0,0,2
Yabasic,1,0,0,0,0,0.0,0.0,0,0,0,1,0
Yacas,1,0,0,0,0,0.0,0.0,0,0,0,1,0
Yacc,1,0,0,0,1,0.0,0.0,0,0,0,0,1
YAML,1,0,0,0,0,0.0,0.0,0,0,0,1,0
YAP,1,0,0,0,0,0.0,0.0,0,0,0,1,0
YARA,1,0,0,0,0,0.0,0.0,0,0,0,1,0
Yarn,1,0,0,0,1,0.0,0.0,0,0,0,0,1
Yash,1,0,0,0,1,0.0,0.0,0,0,0,0,1
YASM,1,0,0,0,1,0.0,0.0,0,0,0,0,1
Yatima,1,0,0,0,1,0.0,0.0,0,0,0,0,1
YAWL,1,0,0,0,0,0.0,0.0,0,0,0,1,0
Yeti,1,0,0,0,1,0.0,0.0,0,0,0,0,1
Yoix,1,0,0,0,1,0.0,0.0,0,0,0,0,1
YOLOL,1,0,0,0,1,0.0,0.0,0,0,0,0,1
Yorick,1,0,0,0,1,0.0,0.0,0,0,0,0,1
Yuescript,1,0,0,0,1,0.0,0.0,0,0,0,0,1
Yul,1,0,0,0,1,0.0,0.0,0,0,0,0,1
Z notation,1,0,0,0,0,0.0,0.0,0,0,0,1,0
Z80 Assembly,1,0,0,0,1,0.0,0.0,0,0,0,0,1
Zax,1,0,1,1,0,0.0,100.0,0,0,1,0,0
ZBASIC,1,0,0,0,0,0.0,0.0,0,0,0,1,0
Zeek,1,0,0,0,1,0.0,0.0,0,0,0,0,1
Zelus,1,0,0,0,1,0.0,0.0,0,0,0,0,1
Zeno,1,0,0,0,1,0.0,0.0,0,0,0,0,1
ZenScript,1,0,0,0,1,0.0,0.0,0,0,0,0,1
Zephir,1,0,0,0,1,0.0,0.0,0,0,0,0,1
Zephyr,1,0,0,0,1,0.0,0.0,0,0,0,0,1
Zepto,1,0,0,0,1,0.0,0.0,0,0,0,0,1
Zeptoforth,1,0,1,1,0,0.0,100.0,0,0,1,0,0
ZetaLisp,1,0,0,0,1,0.0,0.0,0,0,0,0,1
Zig,1,0,0,0,1,0.0,0.0,0,0,0,0,1
ZIL,1,0,0,0,1,0.0,0.0,0,0,0,0,1
Zimbu,1,0,0,0,1,0.0,0.0,0,0,0,0,1
Zimpl,1,0,0,0,1,0.0,0.0,0,0,0,0,1
ZINC,1,0,0,0,1,0.0,0.0,0,0,0,0,1
Zing,1,0,0,0,1,0.0,0.0,0,0,0,0,1
Zkl,1,0,0,0,1,0.0,0.0,0,0,0,0,1
ZoKrates,1,0,0,0,1,0.0,0.0,0,0,0,0,1
Zombie,1,0,0,0,1,0.0,0.0,0,0,0,0,1
Zonnon,1,0,0,0,1,0.0,0.0,0,0,0,0,1
Zot,1,0,0,0,1,0.0,0.0,0,0,0,0,1
ZPL,1,0,0,0,1,0.0,0.0,0,0,0,0,1
ZScript,1,0,0,0,1,0.0,0.0,0,0,0,0,1
Zsh,1,0,0,0,1,0.0,0.0,0,0,0,0,1
ZX Spectrum BASIC,1,0,0,0,1,0.0,0.0,0,0,0,0,1
ZX-80 BASIC,1,0,0,0,1,0.0,0.0,0,0,0,0,1
ZX-81 BASIC,1,0,0,0,1,0.0,0.0,0,0,0,0,1
ZZT-OOP,1,0,0,0,1,0.0,0.0,0,0,0,0,1
Ć,1,0,0,0,1,0.0,0.0,0,0,0,0,1
