study,ext,label,display,pl_id,frame,share_pct,ci_lo_pct,ci_hi_pct,n_class,n_frame,method,note
fsf,.fsf,not-code:fsl-feat-design,"FSL FEAT design file (fMRI analysis config, Tcl `set fmri(...)` syntax)",,file,80.58,78.0,82.9,805,999,"judge (Sonnet 4.6, shown indicators), uniform by-file sample",
fsf,.fsf,not-code:git-annex-pointer,"git-annex / DataLad pointer (the design is annexed, not archived)",,file,11.91,10.0,14.1,119,999,"judge (Sonnet 4.6, shown indicators), uniform by-file sample",
fsf,.fsf,not-code:xml-fractal-save,XML fractal save file (XMLFractalSave / FractalV1),,file,3.7,2.7,5.1,37,999,"judge (Sonnet 4.6, shown indicators), uniform by-file sample",
fsf,.fsf,glsl,GLSL fragment shader,pl/glsl,file,0.1,0.0,0.6,1,999,"judge (Sonnet 4.6, shown indicators), uniform by-file sample",not claimed: .fsf is not a documented GLSL extension (Linguist GLSL lists .glsl/.frag/.fs/.fsh/… but not .fsf); project-local naming in github.com/aurumian/PortalRenderingOpenGL
fsf,.fsf,c++:glsl-header,C++ header embedding GLSL shader strings,pl/cpp,file,0.1,0.0,0.6,1,999,"judge (Sonnet 4.6, shown indicators), uniform by-file sample",
fsf,.fsf,other-language,other languages (an ML-family research DSL),,file,0.5,0.2,1.2,5,999,"judge (Sonnet 4.6, shown indicators), uniform by-file sample",origins: bitbucket.org/vmacbuche/f-safe.git
fsf,.fsf,not-code:other,"other non-code (IDE settings, ChangeLogs, DocFX HTML, JSON/XML data …)",,file,1.3,0.8,2.2,13,999,"judge (Sonnet 4.6, shown indicators), uniform by-file sample",top formats: GNU ChangeLog (1); FDT/automation script (1); FDT/FlashMagic script (1); FlowModel visual flow/function definitio (1)
fsf,.fsf,not-code:binary,binary,,file,1.8,1.1,2.8,18,999,"judge (Sonnet 4.6, shown indicators), uniform by-file sample",17 of 18 are non-text bytes not sent to the judge (indicator is_text=False)
fsf,.fsf,expressed-in:tcl,"expressed in Tcl (host notation, not the file's language)",pl/tcl,file,81.47,78.9,83.8,800,982,"judge (Sonnet 4.6, shown indicators), uniform by-file sample; denominator = judged files","FEAT designs are Tcl `set fmri(...)` statements sourced by FSL's Tcl GUI — a config/DSL over Tcl, not a Tcl program"
fsf,.fsf,not-code:fsl-feat-design,"FSL FEAT design file (fMRI analysis config, Tcl `set fmri(...)` syntax)",,repo,66.84,63.4,70.1,506,757,"judge (Sonnet 4.6, shown indicators), one file per repository — a census of all 757 repositories",
fsf,.fsf,not-code:git-annex-pointer,"git-annex / DataLad pointer (the design is annexed, not archived)",,repo,14.0,11.7,16.7,106,757,"judge (Sonnet 4.6, shown indicators), one file per repository — a census of all 757 repositories",
fsf,.fsf,not-code:git-lfs-pointer,Git LFS pointer,,repo,0.26,0.1,1.0,2,757,"judge (Sonnet 4.6, shown indicators), one file per repository — a census of all 757 repositories",
fsf,.fsf,not-code:xml-fractal-save,XML fractal save file (XMLFractalSave / FractalV1),,repo,0.66,0.3,1.5,5,757,"judge (Sonnet 4.6, shown indicators), one file per repository — a census of all 757 repositories",
fsf,.fsf,glsl,GLSL fragment shader,pl/glsl,repo,0.66,0.3,1.5,5,757,"judge (Sonnet 4.6, shown indicators), one file per repository — a census of all 757 repositories","not claimed: .fsf is not a documented GLSL extension (Linguist GLSL lists .glsl/.frag/.fs/.fsh/… but not .fsf); project-local naming in github.com/AdmiralSam/ARena, github.com/Whooshy/Ludum-Dare-42-The-Chamber, github.com/aurumian/PortalRenderingOpenGL, github.com/samueldong-us/SimplePong, github.com/tv/cg"
fsf,.fsf,c++:glsl-header,C++ header embedding GLSL shader strings,pl/cpp,repo,0.53,0.2,1.4,4,757,"judge (Sonnet 4.6, shown indicators), one file per repository — a census of all 757 repositories",
fsf,.fsf,other-language,other languages (an ML-family research DSL),,repo,0.4,0.1,1.2,3,757,"judge (Sonnet 4.6, shown indicators), one file per repository — a census of all 757 repositories","origins: bitbucket.org/vmacbuche/f-safe.git, github.com/gargaml/F-Safe, gitlab.inria.fr/skeletons/necro.git"
fsf,.fsf,not-code:other,"other non-code (IDE settings, ChangeLogs, DocFX HTML, JSON/XML data …)",,repo,9.78,7.9,12.1,74,757,"judge (Sonnet 4.6, shown indicators), one file per repository — a census of all 757 repositories",top formats: GNU ChangeLog (5); RoboHelp Project Markup Language (RHPML) (4); GNU Autoconf INSTALL instructions (3); Altera/Quartus or embedded IDE software  (3)
fsf,.fsf,not-code:binary,binary,,repo,6.87,5.3,8.9,52,757,"judge (Sonnet 4.6, shown indicators), one file per repository — a census of all 757 repositories",51 of 52 are non-text bytes not sent to the judge (indicator is_text=False)
fsf,.fsf,expressed-in:tcl,"expressed in Tcl (host notation, not the file's language)",pl/tcl,repo,71.67,68.2,74.9,506,706,"judge (Sonnet 4.6, shown indicators), one file per repository — a census of all 757 repositories; denominator = judged files","FEAT designs are Tcl `set fmri(...)` statements sourced by FSL's Tcl GUI — a config/DSL over Tcl, not a Tcl program"
