sha1_git,stratum,stratum_N,stratum_n,weight,order,name
f2dcfe77af91ba277f29971d47de5d243e2914f4,disagree,77,60,1.2833,1,special_symbols.m
bd36626611a8c98053f8c38bd231392b696158eb,disagree,77,60,1.2833,2,zu-fuss.m
f48c8919117774c898d236dc8a61632bc3da3e7d,disagree,77,60,1.2833,3,chainimages.m
659c4479c79716e99a9167d782cf8b74109b2d4d,agree,919,40,22.975,4,GEOSPRMetroAvailabilityFetcher.m
2d7c44c466792911b7d85eec5913917965475d23,agree,919,40,22.975,5,stk_options_set.m
4f03314fe6578a77c385ddb07ed170d6a0d7c116,disagree,77,60,1.2833,6,Transfer_08-09-20_SC_Prot_opt_dG2_C_a-1045_P1.m
625aad06c3115bed5484238b4726b36368f946b2,disagree,77,60,1.2833,7,"64S12-8,8,2-g9.m"
d8237cb4dbbcfc48a203f0035d9b68631e3ecadb,disagree,77,60,1.2833,8,"64S20-4,4,8-g13-path35.m"
461a890cf58094a804747f56e7288659685768b4,agree,919,40,22.975,9,GTKBin.m
c7f8219ab2c9c469bb736213778c66d8b75ca5e6,disagree,77,60,1.2833,10,anblowup.m
a1ae221c9341b106732dd98e1e2fd0c9534c9c50,disagree,77,60,1.2833,11,"128S124-8,8,8-g41-path194.m"
b688de3330c3656bea159db58a42ac0ef84687ac,agree,919,40,22.975,12,Compute_Derivatives.m
4f45185a0be32efd533f146529e2fcbc36a97fb7,disagree,77,60,1.2833,13,Tone.m
a9e039af425c8cac9a9087d0c0290a880e386b52,disagree,77,60,1.2833,14,symb01ValsRec.m
7e0992b8030593deb2497a0b7dcabb4d06ba8f32,disagree,77,60,1.2833,15,Transfer_08-09-20_NC_Prot_opt_da0_G_a-1040_P6.m
3e9d07c3b66c64281a7399d1152e14084fe74c62,agree,919,40,22.975,16,CREATE_BLOOM.m
44b416ccaddc23b687965dc8e43dbc9de9e2b794,agree,919,40,22.975,17,Utils.m
43ff83b70b86871bc54569ccd353989d2d91523c,disagree,77,60,1.2833,18,quad_plots_etan_std.m
6a9f899df8665c1253be9f8a2f7d02b10ca3df92,disagree,77,60,1.2833,19,post_term_analysis.m
b05373f67b00c1f6091ad9378f0bb27be7fcf64c,agree,919,40,22.975,20,odefun3.m
f0da3d99487d8bc9d85f3ab86bb10192f587d678,disagree,77,60,1.2833,21,eigenvalue.m
5465b7f4caa519a56aefc2eb481a841c1fde8111,disagree,77,60,1.2833,22,calciumVwidthBBBanalysis.m
146faacad4fb470a095fcb1a6429901e4ee816e9,agree,919,40,22.975,23,Hiuristic_staff.m
bf8f93db910a97a6abf18a635043849fb0df9947,disagree,77,60,1.2833,24,intersect.m
f11636116bda9cc71df9eedd0cb596120fc8cc73,disagree,77,60,1.2833,25,moxunit_fieldtrip_util_parse_walltime.m
1fa4cb2b6c7b76359583c0a3458b3180107e9418,agree,919,40,22.975,26,comparator.m
c6676eeab063d600534f4b7cd91c7a8500ddfa2f,disagree,77,60,1.2833,27,ml_053.00.m
f2bff377f27bf00af0830d3a2b5a1c11463f1b0f,disagree,77,60,1.2833,28,L9p3.m
4c3c618872051e8114d3aa3d37f68ed0f71268b2,disagree,77,60,1.2833,29,full_wavefield_exp_dataset_L3_S1_B.m
8152648f7580ccf6d5b4996ca023b1758b17489c,disagree,77,60,1.2833,30,main_QP_test.m
3951787602d80c1ccd30bbf4a568635ee1cd3a34,agree,919,40,22.975,31,mergeInnerOuter.m
e3e2f7f69a451688467e5ed3e01373bd0c1d7a92,disagree,77,60,1.2833,32,workspace.m
2b0a23329e4cc8db7ec5bfbecfb0e2a32cf92434,agree,919,40,22.975,33,OrderHelper.m
d0576414217cf3babadca996f6ad53e40e514b74,agree,919,40,22.975,34,TreeViewController.m
6865e1cfc864b7d1d463011967e055480505539d,disagree,77,60,1.2833,35,deciles2.m
8c09f9cf9acd12d619c8869ff784d7e940833e6d,agree,919,40,22.975,36,generate_forces_pro_ws_solver.m
aeee5e6874e115a8ede6c4fb53a9eb96500df9b6,agree,919,40,22.975,37,bbtest_constructors.m
6bb32ed06e76d8cb34ddfaf03c5f5decd0d4a8f6,disagree,77,60,1.2833,38,Dampeningeffect_2_a.m
dfc7a03b83b4b0c7ef5bb8cfea0f7aa730852a55,disagree,77,60,1.2833,39,radae_plots.m
6ca1a94ab387c8a86e7efb8aeaef674a50ddc2e1,disagree,77,60,1.2833,40,simplify_goal_switch.m
e4183b2f54a8191e17b45f22a3ee3bbc971f9a94,disagree,77,60,1.2833,41,h264_psnrs.m
1f3bba4d2cd6267437ec093b677e71e57c13ef3c,disagree,77,60,1.2833,42,ENEQNX2.m
5c03006fc1cd7271a0596ecf8d4a82dd42646223,disagree,77,60,1.2833,43,PhaseTransition.m
b7f369bcbf63d5a13f0663c42b0facb9bd36ddb4,disagree,77,60,1.2833,44,convert.m
20a3c558d3e9a078b936a5100e7ac40254be7d19,disagree,77,60,1.2833,45,plot_WBmod_strokeMINcoeff_TorqueAxis1UP.m
4b700d2e4564e793ec685f9bc5004a860d46020d,agree,919,40,22.975,46,SWEyeDropperTool.m
ddf374993dccb95f9c334ef305acbf0100cc6fd3,agree,919,40,22.975,47,ViewUtils.m
b462101dba6df91b186956e01337c58ec5962df7,disagree,77,60,1.2833,48,cosd.m
b536843878e0920b9f7df80c49974db3df7c7993,agree,919,40,22.975,49,PublishViewController.m
64a0686502d5564e8d2a8a395a44c6850e850302,agree,919,40,22.975,50,main.m
cc59ae3ecefd62763e7a58c5666a0356c9e32e7d,agree,919,40,22.975,51,main_12_复现Yan_在导函数上加噪声_good.m
2aa25faa042945a4cdca9b8365ef885c25aa51b4,disagree,77,60,1.2833,52,SimpleTensor.m
7ae6be75e72223cd3da7f00337b3c644047522e0,agree,919,40,22.975,53,NDX_A_drift_rigid_smallAndMedSphereHalves.m
3a23060424029c7fdca9ac3046fd9256fd081462,disagree,77,60,1.2833,54,process_corrstats.m
43f4824f3e9f855ee249f46979fa200272835498,agree,919,40,22.975,55,JNTableViewCell.m
8cb7dfb1eea9a9f12a9ed1bdfd3a83d63fdbff3d,agree,919,40,22.975,56,OverviewTableCell.m
bee1848c720717562768ff883cc8fb8e19862d44,agree,919,40,22.975,57,_Foundation_inlines.m
1ef02f7513ee9d06a762dd1218a729604fcdcc31,disagree,77,60,1.2833,58,gt_settrials.m
efb2b96a88d8a1934677db784d827914575a4ab3,agree,919,40,22.975,59,KFoldCVEvaluator.m
c05388647a7406f4f7863c65b09450512a9fba3b,disagree,77,60,1.2833,60,HardToSoft.m
34a269477989bb1bf759b123addbb9ed4673a82b,disagree,77,60,1.2833,61,op1_exp.m
ec8ffe3d83a1981b0d9eafdc787363e65fcce7f7,disagree,77,60,1.2833,62,wsj2335.cz.m
867c5ad52887ebbb4df4d4b2b468c3a3826839f8,agree,919,40,22.975,63,SNArticleCardView_iPhone.m
2d316a509bbd25658b400098a46334ada595da13,agree,919,40,22.975,64,fhr_open_octave.m
d7647ff036e8dbbea6171d64e7a005434b7d17d7,disagree,77,60,1.2833,65,main.m
1fbed53e67d822355b48be9ca58f9b0faad95336,disagree,77,60,1.2833,66,LEAVE.m
b5325442064133f1756bd0bf0404e264564123ba,agree,919,40,22.975,67,CustomAlertView.m
c48ccc2db3c7bf73114e50ac713c2271a2562825,agree,919,40,22.975,68,crack_discretized.m
a27485c1464c84bce2e5c84b87e6f7c429cd83e3,agree,919,40,22.975,69,CWStartScreenViewController.m
0264cbbda65e846c8a894b94c2348c2eaa6bbc51,agree,919,40,22.975,70,main.m
a2e7bc3a3c3354e3b6712f6c7df49f200c66429b,agree,919,40,22.975,71,CheckBrikHEAD.m
3076e2720d3afc62f9ba33038bb64b8c9c05919e,disagree,77,60,1.2833,72,1.2.3.5 P(x) (d x)^m (a+b x^n+c x^(2 n))^p.m
17b04002c07d0017e8843d0033a509bc548cb41b,disagree,77,60,1.2833,73,LA7SBCR.m
3926dbf754c4146dbff8ca4f99849a4c8b712f87,disagree,77,60,1.2833,74,lnd94104_033.m
9a9db3b48faf23363642c16a98b0bc9bd90d616b,disagree,77,60,1.2833,75,print_smv_phase_transition_noiseless.m
5723dbfe140995e73dcd86f2317fe03407d7e9a3,agree,919,40,22.975,76,updateTerminationCond.m
e04984e451f897a9d0e83680ca636992b01ef112,disagree,77,60,1.2833,77,read_hist_simulator.m
1f8ea151b421ce156941eb210c56e92ee80677f0,disagree,77,60,1.2833,78,FEB 25:2006.m
147a931e6530748749e16447a534757ee7b6f33a,agree,919,40,22.975,79,SettlementFootView.m
84681af1b5ccfc77e9581fc17a85f2179e74d18b,disagree,77,60,1.2833,80,segunda_parte.m
a19c1dcf0507236a50dd07910290e4d11a354044,agree,919,40,22.975,81,NSString+SBJSON.m
af3ebfb2ca0545e53567f449dac17d2d75020648,disagree,77,60,1.2833,82,main.m
4f8e626b926672f8caaa3d5f7ff26f2857d315cd,agree,919,40,22.975,83,UIFont+SGCategory.m
ba9dd44247854005b2cbe1d0287b3de65e883f02,disagree,77,60,1.2833,84,camera_button_col.m
0772cf7189f74896098349961a64bfd6351b2bcc,disagree,77,60,1.2833,85,MBasym_temp2order100part2283.m
501d6f85d78b3eacf794f7535a35f67ee00bbd7b,disagree,77,60,1.2833,86,PSOREJP1.m
d3e1f47e6cc6e916c2b8f36147ce737b97fe7b68,disagree,77,60,1.2833,87,__printNumInputDelays.m
553e92ae309765c415f20e932381242edc0e5b98,disagree,77,60,1.2833,88,imscan.m
20e40cbcbff67b5e11fd406e8eee2a774ee8481e,agree,919,40,22.975,89,UIDevice+serialNumber.m
f801588fbe7ccdb0cf4549c4097fe5bc8e135a24,disagree,77,60,1.2833,90,"64S14-4,8,8-g17-path7-notcomputed.m"
5c8647b706598c16a02873a34491bffb2c185432,agree,919,40,22.975,91,JVStyleView.m
b27871631821436481dd93b071e8083cb335f482,agree,919,40,22.975,92,triangulate_new_landmarks.m
c44e1206ccbd41d1fb0dd4036a8ab1f082b4800f,disagree,77,60,1.2833,93,IBDEI0C8.m
b9c557989fead75d5d42a4c5f4735d9e403edb51,disagree,77,60,1.2833,94,EngineeringOptimization.m
734462b63409f15a4f11132f7d0d63b70f1c27ee,disagree,77,60,1.2833,95,prepare_remainder.m
e867bf9ce4437887d2b3c0a4dd2f44dd101ce51c,agree,919,40,22.975,96,MezzKitTests+v2_12.m
55c97d4b757889e1f414b00e93988986391648a9,disagree,77,60,1.2833,97,ECX8151.m
60374c215848db5727cab42f54cae8e584439a63,disagree,77,60,1.2833,98,lnd92254_094.m
2c4945db1a5fa048a2c1ed5f1f8b3cce21601e8e,disagree,77,60,1.2833,99,MCARPACE.m
7b6a58cecb5cc92f5353b60a80578b123d7a566c,agree,919,40,22.975,100,MWKArticleTests.m
