swhid,sha1_git,name,path,origin,forge,branch,ts,in_uniform,in_diverse,u_rank,d_rank,repo_n,path_versions,t_rank
swh:1:cnt:0eecf6959317f87ffaf182e4333e6c61fa53d808,0eecf6959317f87ffaf182e4333e6c61fa53d808,GEOPOICategoryFilter.m,System/Library/PrivateFrameworks/GeoServices.framework/GEOPOICategoryFilter.m,https://github.com/CrackerCat/iPhone15-3_17.6.1_21G101_Restore,github.com,refs/heads/main,2025-06-08T03:31:21Z,0,0,,,429552,2,1
swh:1:cnt:b6cf0d8d6f1d9a821fbb8661d11a7df2f6d8a3db,b6cf0d8d6f1d9a821fbb8661d11a7df2f6d8a3db,TMTimeZone.m,System/Library/PrivateFrameworks/CoreTime.framework/TMTimeZone.m,https://github.com/CrackerCat/iPhone15-3_17.6.1_21G101_Restore,github.com,refs/heads/main,2025-06-08T03:31:21Z,0,0,,,429552,2,2
swh:1:cnt:9b0012105fa16fdef992778ec4ff90bbb8010b7e,9b0012105fa16fdef992778ec4ff90bbb8010b7e,PLExpandableView.m,System/Library/PrivateFrameworks/PhotoLibrary.framework/PLExpandableView.m,https://github.com/CrackerCat/iPhone15-3_17.6.1_21G101_Restore,github.com,refs/heads/main,2025-06-08T03:31:21Z,0,0,,,429552,2,3
swh:1:cnt:306eed2bc1819c30ddb4888a97981da2073145f3,306eed2bc1819c30ddb4888a97981da2073145f3,RouteStepsViewController.m,private/var/staged_system_apps/Maps.app/RouteStepsViewController.m,https://github.com/CrackerCat/iPhone15-3_17.6.1_21G101_Restore,github.com,refs/heads/main,2025-06-08T03:31:21Z,0,0,,,429552,2,4
swh:1:cnt:b48c35639f9f164b4b293e7f9a06e65bb0ecbf77,b48c35639f9f164b4b293e7f9a06e65bb0ecbf77,"64S31-16,16,8-g25-path18.m","SolvableDB/64/64S31-16,16,8-g25-path18.m",https://github.com/michaelmusty/SolvableDessins,github.com,refs/heads/clean,2018-10-26T06:16:56Z,0,0,,,256931,3,1
swh:1:cnt:e08902152514bd1a8cdf11815d84645ee40790e5,e08902152514bd1a8cdf11815d84645ee40790e5,"128S40-8,8,8-g41-path129.m","SolvableDB/128/128S40-8,8,8-g41-path129.m",https://github.com/michaelmusty/SolvableDessins,github.com,refs/heads/clean,2018-10-26T06:16:56Z,0,0,,,256931,1,2
swh:1:cnt:f20485301b10a6332eacc29c42da8461f253cd71,f20485301b10a6332eacc29c42da8461f253cd71,"128S124-8,8,8-g41-path421.m","SolvableDB/128/128S124-8,8,8-g41-path421.m",https://github.com/michaelmusty/SolvableDessins,github.com,refs/heads/clean,2018-10-26T06:16:56Z,0,0,,,256931,1,3
swh:1:cnt:ff07499fa6dedbe28ea1899b24b20236cb101c82,ff07499fa6dedbe28ea1899b24b20236cb101c82,"128S22-8,8,8-g41-path660.m","SolvableDB/128/128S22-8,8,8-g41-path660.m",https://github.com/michaelmusty/SolvableDessins,github.com,refs/heads/clean,2018-10-26T06:16:56Z,0,0,,,256931,1,4
swh:1:cnt:efad054fc2e7aa9caa3e55b25c2b191367cdcf65,efad054fc2e7aa9caa3e55b25c2b191367cdcf65,PAOpenStore.m,System/Library/Assistant/Plugins/PreferencesAssistant.assistantBundle/PAOpenStore.m,https://github.com/CrackerCat/iPhone17-1_18.2_22C152_Restore,github.com,refs/heads/main,2025-09-20T14:48:07Z,0,0,,,249201,1,1
swh:1:cnt:f5cd516bb40a297353b79b9007cd769abcd747b0,f5cd516bb40a297353b79b9007cd769abcd747b0,NSArray(ARAdditions).m,System/Library/PrivateFrameworks/ARKitCore.framework/NSArray(ARAdditions).m,https://github.com/CrackerCat/iPhone17-1_18.2_22C152_Restore,github.com,refs/heads/main,2025-09-20T14:48:07Z,0,0,,,249201,1,2
swh:1:cnt:1c585158ed2f738833547105daf88d52146e5a68,1c585158ed2f738833547105daf88d52146e5a68,NSString(PBFUtilities).m,System/Library/PrivateFrameworks/PosterBoard.framework/NSString(PBFUtilities).m,https://github.com/CrackerCat/iPhone17-1_18.2_22C152_Restore,github.com,refs/heads/main,2025-09-20T14:48:07Z,0,0,,,249201,1,3
swh:1:cnt:4a9792f4a182ffa50d5d0c581b80e0210d8b4e6f,4a9792f4a182ffa50d5d0c581b80e0210d8b4e6f,STUsageSummaryTableViewCellProvider.m,System/Library/PrivateFrameworks/ScreenTimeSettingsUI.framework/STUsageSummaryTableViewCellProvider.m,https://github.com/CrackerCat/iPhone17-1_18.2_22C152_Restore,github.com,refs/heads/main,2025-09-20T14:48:07Z,0,0,,,249201,1,4
swh:1:cnt:1ffda4c1a41972517cae16487e257e2d09339560,1ffda4c1a41972517cae16487e257e2d09339560,mf920923_028.m,WorkData/PDT/data/amw/train-1/mf920923_028.m,https://github.com/ufal/PDT-C,github.com,refs/heads/master,2018-03-20T02:07:37Z,0,0,,,186869,14,1
swh:1:cnt:20a518e0b6db88e06544399172f4d03d62c5e87f,20a518e0b6db88e06544399172f4d03d62c5e87f,wsj0627.cz.m,WorkData/PCEDT/data/wsj0627.cz.m,https://github.com/ufal/PDT-C,github.com,refs/heads/multiple-uniquetag,2024-07-24T08:37:08Z,0,0,,,186869,14,2
swh:1:cnt:1d13ec62ca430096642eeaca142c2b5b8df823a1,1d13ec62ca430096642eeaca142c2b5b8df823a1,ln94202_103.m,WorkData/PDT/data/tamw/train-4/ln94202_103.m,https://github.com/ufal/PDT-C,github.com,refs/tags/m1.02,2018-03-20T02:07:37Z,0,0,,,186869,12,3
swh:1:cnt:5a7131807e4478bcc3a30fdc6b73437b526efd09,5a7131807e4478bcc3a30fdc6b73437b526efd09,wsj0124.cz.m,WorkData/PCEDT/data/wsj0124.cz.m,https://github.com/ufal/PDT-C,github.com,refs/heads/faust-nft,2024-07-24T08:37:08Z,0,0,,,186869,16,4
swh:1:cnt:7cf6cd1c1684b31a2d20ae749ba62980d27ab044,7cf6cd1c1684b31a2d20ae749ba62980d27ab044,Greedy_0_H2_FNRandom_log.m,my_logs/jakob_large/4_2_4/rep_3931/Greedy_0_H2_FNRandom_log.m,https://github.com/rueckelt/TransmissionPlanningFramework,github.com,refs/heads/Jakob,2021-08-05T12:09:29Z,0,0,,,155345,1,1
swh:1:cnt:7fdd074d74b17d3ca515e5c7bbbd83bac9b07da4,7fdd074d74b17d3ca515e5c7bbbd83bac9b07da4,Greedy_0_H2_FNGT_log.m,my_logs/jakob_large/4_2_4/rep_6367/Greedy_0_H2_FNGT_log.m,https://github.com/rueckelt/TransmissionPlanningFramework,github.com,refs/heads/Jakob,2021-08-05T12:09:29Z,0,0,,,155345,1,2
swh:1:cnt:5c389c1f3b1a2b334c7ab5e25a0c0a436b4ab593,5c389c1f3b1a2b334c7ab5e25a0c0a436b4ab593,Random_log.m,my_logs/jakob/2_2_2/rep_162/Random_log.m,https://github.com/rueckelt/TransmissionPlanningFramework,github.com,refs/heads/Jakob,2021-08-05T12:09:29Z,0,0,,,155345,2,3
swh:1:cnt:2708b0b4980a79d93b44337d1d625e1f9752be91,2708b0b4980a79d93b44337d1d625e1f9752be91,Random_log.m,my_logs/jakob_large/4_2_4/rep_2865/Random_log.m,https://github.com/rueckelt/TransmissionPlanningFramework,github.com,refs/heads/Jakob,2021-08-05T12:09:29Z,0,0,,,155345,1,4
swh:1:cnt:db5fcf37975fbd17e09f294ee380deeaa3ab2373,db5fcf37975fbd17e09f294ee380deeaa3ab2373,S5RPRRR4_jacobigD_sym_varpar.m,mdl_5dof/S5RPRRR4/hd/S5RPRRR4_jacobigD_sym_varpar.m,https://github.com/SchapplM/robsynth-serroblib,github.com,refs/heads/master,2022-02-02T04:54:35Z,0,0,,,124473,4,1
swh:1:cnt:c5f2a656abb00be129ea7f1172bbe22d955f383d,c5f2a656abb00be129ea7f1172bbe22d955f383d,S5PRRRR2_jacobigD_sym_varpar.m,mdl_5dof/S5PRRRR2/hd/S5PRRRR2_jacobigD_sym_varpar.m,https://github.com/SchapplM/robsynth-serroblib,github.com,refs/heads/master,2022-02-02T04:54:35Z,0,0,,,124473,4,2
swh:1:cnt:4a1960336ae6f452595f196f749555ad49720968,4a1960336ae6f452595f196f749555ad49720968,S6RPRRPR12_jacobigD_sym_varpar.m,mdl_6dof/S6RPRRPR12/hd/S6RPRRPR12_jacobigD_sym_varpar.m,https://github.com/SchapplM/robsynth-serroblib,github.com,refs/heads/master,2022-02-02T04:54:35Z,0,0,,,124473,3,3
swh:1:cnt:b20f39fd54a1004b84fa2f3711b6dbf2e3b467c7,b20f39fd54a1004b84fa2f3711b6dbf2e3b467c7,S5RPRRR1_jacobia_rot_2_sym_varpar.m,mdl_5dof/S5RPRRR1/hd/S5RPRRR1_jacobia_rot_2_sym_varpar.m,https://github.com/SchapplM/robsynth-serroblib,github.com,refs/heads/master,2022-02-02T04:54:35Z,0,0,,,124473,2,4
swh:1:cnt:edae371510ccbfc94d05667c75fd41c72bcf5b06,edae371510ccbfc94d05667c75fd41c72bcf5b06,EvhListFamilyBillsAndPaysByFamilyIdCommand.m,ehrest-respios/src/main/ios/API-objects/EvhListFamilyBillsAndPaysByFamilyIdCommand.m,https://github.com/Mx1014/workSource,github.com,refs/heads/5.12.0-hpy-1225,2021-10-09T19:29:33Z,0,0,,,57641,36,1
swh:1:cnt:de638117bd96fc9c5c5337d8d1096b6939406c4f,de638117bd96fc9c5c5337d8d1096b6939406c4f,EvhTechparkEntryListForRentsRestResponse.m,ehrest-respios/src/main/ios/API-objects/EvhTechparkEntryListForRentsRestResponse.m,https://github.com/Mx1014/workSource,github.com,refs/heads/5.12.0-hpy-1225,2021-10-09T19:29:33Z,0,0,,,57641,36,2
swh:1:cnt:00ccfbb598bc9bcb808707485634c678752610ae,00ccfbb598bc9bcb808707485634c678752610ae,EvhGetAppVersion.m,ehrest-respios/src/main/ios/API-objects/EvhGetAppVersion.m,https://github.com/Mx1014/workSource,github.com,refs/heads/5.12.0-hpy-1225,2021-10-09T19:29:33Z,0,0,,,57641,36,3
swh:1:cnt:73905c353a118a31fe677e2aea056f5c5f359f7a,73905c353a118a31fe677e2aea056f5c5f359f7a,EvhListEnterpriseCommunityResponse.m,ehrest-respios/src/main/ios/API-objects/EvhListEnterpriseCommunityResponse.m,https://github.com/Mx1014/workSource,github.com,refs/heads/5.12.0-hpy-1225,2021-10-09T19:29:33Z,0,0,,,57641,36,4
swh:1:cnt:cb267df0ca4e088a7246d56a958b0be7e5d7026e,cb267df0ca4e088a7246d56a958b0be7e5d7026e,eliza.m,samples/eliza.m,https://github.com/Mercury-Language/mercury,github.com,refs/heads/version-0_5_1,2015-07-12T19:17:42Z,0,0,,,56656,23,1
swh:1:cnt:f6cae20a32c525b20bf29ccc7404aa4e7c2cd6d5,f6cae20a32c525b20bf29ccc7404aa4e7c2cd6d5,try_syntax_1.m,tests/hard_coded/try_syntax_1.m,https://github.com/Mercury-Language/mercury,github.com,refs/heads/version-10_04-branch,2015-07-12T19:17:42Z,0,0,,,56656,1,2
swh:1:cnt:e1440b14d62d83bbda26ffa03ec97c81187ac8df,e1440b14d62d83bbda26ffa03ec97c81187ac8df,lex.automata.m,extras/lex/lex.automata.m,https://github.com/Mercury-Language/mercury,github.com,refs/heads/version-22_01-branch,2023-02-20T08:13:44Z,0,0,,,56656,8,3
swh:1:cnt:c18ac7542f0f2e4c82dd611c4fa5e3350cfbbbf3,c18ac7542f0f2e4c82dd611c4fa5e3350cfbbbf3,var.m,extras/trailed_update/var.m,https://github.com/Mercury-Language/mercury,github.com,refs/heads/master,2024-01-29T22:33:52Z,0,0,,,56656,30,4
swh:1:cnt:0640532dda19ad91dad3ec5b966b1fa04f16877e,0640532dda19ad91dad3ec5b966b1fa04f16877e,creer_c_cancel.m,ifremer/matlab/graphics/applications/@cla_demo_onglet/private/creer_c_cancel.m,https://gitlab.ifremer.fr/fleet/acoustic/sonarscope.git,gitlab.ifremer.fr,refs/heads/master,2024-10-24T17:40:11Z,0,0,,,51236,1,1
swh:1:cnt:8c482c3e4d0d72ef582463c8d2e9c27fb5f88fc2,8c482c3e4d0d72ef582463c8d2e9c27fb5f88fc2,positionner.m,ifremer/matlab/graphics/components/@clc_titre/private/positionner.m,https://gitlab.ifremer.fr/fleet/acoustic/sonarscope.git,gitlab.ifremer.fr,refs/heads/master,2024-10-24T17:40:11Z,0,0,,,51236,2,2
swh:1:cnt:9a824f6e67da5e5c2ef1054bdd4cf30f306d7f94,9a824f6e67da5e5c2ef1054bdd4cf30f306d7f94,quantiles.m,ifremer/matlab/stats/quantiles.m,https://gitlab.ifremer.fr/fleet/acoustic/sonarscope.git,gitlab.ifremer.fr,refs/heads/master,2024-10-24T17:40:11Z,0,0,,,51236,7,3
swh:1:cnt:864264eec9c5a9f94be3feefe95ccdc70bab6714,864264eec9c5a9f94be3feefe95ccdc70bab6714,params_ResonS7k_Echograms.m,ifremer/matlab/images/@cl_image/params_ResonS7k_Echograms.m,https://gitlab.ifremer.fr/fleet/acoustic/sonarscope.git,gitlab.ifremer.fr,refs/heads/master,2024-10-24T17:40:11Z,0,0,,,51236,44,4
swh:1:cnt:2c9211430e4c9f5111bf7f25d81d795e78d7fa3b,2c9211430e4c9f5111bf7f25d81d795e78d7fa3b,contable2.m,toolbox/mbc/mbcdesign/@contable2/contable2.m,https://github.com/Gong-Meng1/Matlab-funciones,github.com,refs/heads/main,2024-08-05T07:04:49Z,0,0,,,43732,1,1
swh:1:cnt:717742ccc99d2ba4241b083bd795b099a75235c3,717742ccc99d2ba4241b083bd795b099a75235c3,waterwave.m,Ecuaciones Diferenciales/waterwave.m,https://github.com/Gong-Meng1/Matlab-funciones,github.com,refs/heads/main,2024-08-05T07:04:49Z,0,0,,,43732,1,2
swh:1:cnt:cf6eb12ee045c516d5d1fd7dae76209426f93505,cf6eb12ee045c516d5d1fd7dae76209426f93505,targetdevicetypechanged.m,toolbox/simulink/simulink/ja/targetdevicetypechanged.m,https://github.com/Gong-Meng1/Matlab-funciones,github.com,refs/heads/main,2024-08-05T07:04:49Z,0,0,,,43732,1,3
swh:1:cnt:13126d335a278326c861d3dfe0a24debd0af356b,13126d335a278326c861d3dfe0a24debd0af356b,roman.m,Toolboxes/numsys/roman.m,https://github.com/Gong-Meng1/Matlab-funciones,github.com,refs/heads/main,2024-08-05T07:04:49Z,0,0,,,43732,1,4
swh:1:cnt:72e80b7539cd6d0b45d54e99cd4d9d633170a8da,72e80b7539cd6d0b45d54e99cd4d9d633170a8da,GreedyOnlineOpp_m35000_log.m,my_logs/eval_4_4_3_c/4_3_3/rep_21/GreedyOnlineOpp_m35000_log.m,https://github.com/rueckelt/TransmissionPlanning,github.com,refs/heads/master,2024-07-08T03:22:29Z,0,0,,,41079,1,1
swh:1:cnt:22c61090683718f56df330c7d87ac732994afe1b,22c61090683718f56df330c7d87ac732994afe1b,log.m,logs/2_3_0/rep_98/log.m,https://github.com/rueckelt/TransmissionPlanning,github.com,refs/heads/master,2024-07-08T03:22:29Z,0,0,,,41079,1,2
swh:1:cnt:f8ab92cc2f3affd43b41f0795f11b1764739c1cf,f8ab92cc2f3affd43b41f0795f11b1764739c1cf,log.m,logs_save/0_1_4/rep_14/log.m,https://github.com/rueckelt/TransmissionPlanning,github.com,refs/heads/master,2024-07-08T03:22:29Z,0,0,,,41079,1,3
swh:1:cnt:67a1ceb3384648918b9df12734642efa39b19955,67a1ceb3384648918b9df12734642efa39b19955,log.m,logs/1_1_0/rep_22/log.m,https://github.com/rueckelt/TransmissionPlanning,github.com,refs/heads/master,2024-07-08T03:22:29Z,0,0,,,41079,1,4
swh:1:cnt:fb36e4ffe09f7236d2b1fa06327ecaaecea64898,fb36e4ffe09f7236d2b1fa06327ecaaecea64898,cvEventParser.m,toolbox/slcoverage/private/cvEventParser.m,https://github.com/xiaolaihuohuo/matlab,github.com,refs/heads/master,2025-06-22T17:35:01Z,0,0,,,39216,1,1
swh:1:cnt:d24f41e2691c9970bb286219c98201618818c548,d24f41e2691c9970bb286219c98201618818c548,LogicStringForVectorizedFlatNearest.m,toolbox/fixpoint/+FunctionApproximation/+internal/+vectorizedinterpolation/LogicStringForVectorizedFlatNearest.m,https://github.com/xiaolaihuohuo/matlab,github.com,refs/heads/master,2025-06-22T17:35:01Z,0,0,,,39216,1,2
swh:1:cnt:c0edd69cb39a0fc11c9eed39cf20d5b3ef50af6a,c0edd69cb39a0fc11c9eed39cf20d5b3ef50af6a,computeExponentialAveraging.m,toolbox/shared/dsp/scopes/+dsp/+scopes/@SpectralEstimator/computeExponentialAveraging.m,https://github.com/xiaolaihuohuo/matlab,github.com,refs/heads/master,2025-06-22T17:35:01Z,0,0,,,39216,1,3
swh:1:cnt:bf2bf6dbc38049826efc45583a2d50bd7f7427ec,bf2bf6dbc38049826efc45583a2d50bd7f7427ec,IsAssignment.m,toolbox/simulink/simulink/modeladvisor/+Advisor/+Utils/@Stateflow/IsAssignment.m,https://github.com/xiaolaihuohuo/matlab,github.com,refs/heads/master,2025-06-22T17:35:01Z,0,0,,,39216,1,4
swh:1:cnt:b44c2c1ad85e79eadf40c88e489ee228df026ee8,b44c2c1ad85e79eadf40c88e489ee228df026ee8,FHHouseSaleInputController.m,Bundles/ios_house_trend/FHHouseTrend/Classes/OwnerHouseSale/HouseSaleInput/Controller/FHHouseSaleInputController.m,https://github.com/BytedanceCBR/MyTest,github.com,refs/heads/feature/test_cbr,2023-02-25T19:00:22Z,0,0,,,35437,10,1
swh:1:cnt:b7a268a54eba909689ae3a36509db8699f41866a,b7a268a54eba909689ae3a36509db8699f41866a,FHNewHouseDetailRecommendSC.m,Bundles/ios_house_detail/FHHouseDetail/Classes/NewHouseDetail/Model/FHNewHouseDetailRecommendSC.m,https://github.com/BytedanceCBR/MyTest,github.com,refs/heads/feature/test_cbr,2023-02-25T19:00:22Z,0,0,,,35437,12,2
swh:1:cnt:9b87191322bc01a527196443394926023334a8bd,9b87191322bc01a527196443394926023334a8bd,FHMainOldTopView.m,Bundles/ios_house_list/FHHouseList/Classes/MainPage/View/Old/FHMainOldTopView.m,https://github.com/BytedanceCBR/MyTest,github.com,refs/heads/feature/test_cbr,2023-02-25T19:00:22Z,0,0,,,35437,17,3
swh:1:cnt:f125a8de36233180da751c0827aa215132213203,f125a8de36233180da751c0827aa215132213203,FHEnvContext.m,Bundles/ios_house_base/FHHouseBase/Classes/Client/FHEnvContext.m,https://github.com/BytedanceCBR/MyTest,github.com,refs/heads/feature/test_cbr,2023-02-25T19:00:22Z,0,0,,,35437,305,4
swh:1:cnt:da965c297b3bf234d2d2d4309439cf6144850838,da965c297b3bf234d2d2d4309439cf6144850838,spKv4Kv5Kv0.m,+ga53/@Multivector/private/spKv4Kv5Kv0.m,https://github.com/ga-explorer/GA-FuL-MATLAB-Toolbox,github.com,refs/heads/main,2025-07-31T21:09:54Z,0,0,,,34057,4,1
swh:1:cnt:9017fb6ea399091daa04f8a6ead15f3f15f1bc5c,9017fb6ea399091daa04f8a6ead15f3f15f1bc5c,spMvKv4Kv0.m,+ga14/@Multivector/private/spMvKv4Kv0.m,https://github.com/ga-explorer/GA-FuL-MATLAB-Toolbox,github.com,refs/heads/main,2025-07-31T21:09:54Z,0,0,,,34057,4,2
swh:1:cnt:8b1c59cf2563ec89cda0463543737e2aca130c0e,8b1c59cf2563ec89cda0463543737e2aca130c0e,fdpKv3Kv5Kv2.m,+ga221/@Multivector/private/fdpKv3Kv5Kv2.m,https://github.com/ga-explorer/GA-FuL-MATLAB-Toolbox,github.com,refs/heads/main,2025-07-31T21:09:54Z,0,0,,,34057,4,3
swh:1:cnt:cfabe4e8de4a71d795ee584e5b6ac4720516e908,cfabe4e8de4a71d795ee584e5b6ac4720516e908,acpMvKv5Mv.m,+ga014/@Multivector/private/acpMvKv5Mv.m,https://github.com/ga-explorer/GA-FuL-MATLAB-Toolbox,github.com,refs/heads/main,2025-07-31T21:09:54Z,0,0,,,34057,4,4
swh:1:cnt:4468b43fe319a8c8b08860276e5d4eedc012c0e9,4468b43fe319a8c8b08860276e5d4eedc012c0e9,timestamp_neuralynx.m,external/fieldtrip/fileio/private/timestamp_neuralynx.m,https://github.com/spm/spm,github.com,refs/pull/2/head,2023-05-23T18:22:33Z,0,0,,,33852,4,1
swh:1:cnt:1721b5d387647e604860ad6e7507074e6e54075e,1721b5d387647e604860ad6e7507074e6e54075e,spm_dcm_sessions.m,/spm_dcm_sessions.m,https://github.com/spm/spm,github.com,refs/pull/2/head,2023-05-23T18:22:33Z,0,0,,,33852,15,2
swh:1:cnt:1557c2799d5cbb807655b50d6abf5e6b1747a0de,1557c2799d5cbb807655b50d6abf5e6b1747a0de,spm_realign.m,/spm_realign.m,https://github.com/spm/spm,github.com,refs/pull/2/head,2023-05-23T18:22:33Z,0,0,,,33852,84,3
swh:1:cnt:e88bc94bce9ea5e72449f50ff9223b90a4df9951,e88bc94bce9ea5e72449f50ff9223b90a4df9951,DEM_demo_MMN_deviance.m,toolbox/DEM/DEM_demo_MMN_deviance.m,https://github.com/spm/spm,github.com,refs/pull/2/head,2023-05-23T18:22:33Z,0,0,,,33852,3,4
swh:1:cnt:15b70ca15888830493635f70689eec8e4bd40da9,15b70ca15888830493635f70689eec8e4bd40da9,-deleteCommentsBMBMBMUITextFieldfRcv.m,A2_transform/MagicImage/NewClass/-deleteCommentsBMBMBMUITextFieldfRcv.m,https://github.com/aludiba/automobileBeautyService,github.com,refs/heads/magicPicSew,2023-05-07T12:15:27Z,0,0,,,33744,1,1
swh:1:cnt:3b1a53b2d422f0195154b894599d17852b714bf9,3b1a53b2d422f0195154b894599d17852b714bf9,BMGPUImageAddBlendFilterN+Bm.m,A2_transform/MagicImage/BMGPUImageAddBlendFilterN+Bm.m,https://github.com/aludiba/automobileBeautyService,github.com,refs/heads/magicPicSew,2023-05-07T12:15:27Z,0,0,,,33744,1,2
swh:1:cnt:9b8264044b7c3d6e9e46b0ef4b4c036f73dc16f1,9b8264044b7c3d6e9e46b0ef4b4c036f73dc16f1,hbDGActivityIndicatorBallScaleRippleMultipleAnimationG.m,A2_transform/MagicImage/NewClass/hbDGActivityIndicatorBallScaleRippleMultipleAnimationG.m,https://github.com/aludiba/automobileBeautyService,github.com,refs/heads/magicPicSew,2023-05-07T12:15:27Z,0,0,,,33744,1,3
swh:1:cnt:11b6893e0704aa0231803235dd73da1255ecc9de,11b6893e0704aa0231803235dd73da1255ecc9de,BMDGActivityIndicatorTriangleSkewSpinAnimationt.m,A2_transform/MagicImage/NewClass/BMDGActivityIndicatorTriangleSkewSpinAnimationt.m,https://github.com/aludiba/automobileBeautyService,github.com,refs/heads/magicPicSew,2023-05-07T12:15:27Z,0,0,,,33744,1,4
swh:1:cnt:8527897f90ad44d2433cb97e69ede56d81a79f65,8527897f90ad44d2433cb97e69ede56d81a79f65,numIntersect.m,@deltafun/numIntersect.m,https://github.com/chebfun/chebfun,github.com,refs/pull/132/head,2022-08-21T15:36:04Z,0,0,,,29828,9,1
swh:1:cnt:f515cebbb7832cc1f2a2ed675811f44a2afc927a,f515cebbb7832cc1f2a2ed675811f44a2afc927a,test_sign.m,tests/chebfun/test_sign.m,https://github.com/chebfun/chebfun,github.com,refs/pull/26/head,2022-08-21T15:36:04Z,0,0,,,29828,23,2
swh:1:cnt:331203ec3dc96386c649d3771c9518946f1035e5,331203ec3dc96386c649d3771c9518946f1035e5,polyeigs.m,@chebop/polyeigs.m,https://github.com/chebfun/chebfun,github.com,refs/heads/feature-spin-fine-examples,2019-08-03T14:40:20Z,0,0,,,29828,6,3
swh:1:cnt:feef51274698e8e588421883703769768cfa7e92,feef51274698e8e588421883703769768cfa7e92,waterfall.m,@chebfun2/waterfall.m,https://github.com/chebfun/chebfun,github.com,refs/pull/1690/head,2022-08-21T15:36:04Z,0,0,,,29828,6,4
swh:1:cnt:a8d3bba12938656d5fedc25cfabce37fe4919a2e,a8d3bba12938656d5fedc25cfabce37fe4919a2e,vector_init_openfcn.m,ivireons/server_ivireon_test/cgi-bin/Bioperl/toolbox/rtw/targets/common/can/blocks/vector_init_openfcn.m,https://github.com/PioRob/Viral-Dark-Matter,github.com,refs/heads/vdm2.0,2024-06-25T07:48:13Z,0,0,,,29809,1,1
swh:1:cnt:825f049b4e47d3f7c32bcc5ad36ae409408cabbc,825f049b4e47d3f7c32bcc5ad36ae409408cabbc,cancel.m,ivireons/server_ivireon_test/cgi-bin/Bioperl/toolbox/signal/sigtools/@siggui/@parameterdlg/cancel.m,https://github.com/PioRob/Viral-Dark-Matter,github.com,refs/heads/vdm2.0,2024-06-25T07:48:13Z,0,0,,,29809,1,2
swh:1:cnt:f5ea24c46d6df56b1d467502a8d163b36499a6ab,f5ea24c46d6df56b1d467502a8d163b36499a6ab,firpmfrf.m,ivireons/server_ivireon_test/cgi-bin/Bioperl/toolbox/signal/signal/private/firpmfrf.m,https://github.com/PioRob/Viral-Dark-Matter,github.com,refs/heads/vdm2.0,2024-06-25T07:48:13Z,0,0,,,29809,1,3
swh:1:cnt:4c1d97d43b01f72233b375af6def6d5a890e3291,4c1d97d43b01f72233b375af6def6d5a890e3291,readcur.m,ivireons/server_ivireon_test/cgi-bin/Bioperl/toolbox/compiler/mcr/matlab/imagesci/private/readcur.m,https://github.com/PioRob/Viral-Dark-Matter,github.com,refs/heads/vdm2.0,2024-06-25T07:48:13Z,0,0,,,29809,1,4
swh:1:cnt:8f2fbb0ee5701fd51ae72bd141285d15b21f3f34,8f2fbb0ee5701fd51ae72bd141285d15b21f3f34,gen_sqw_common_config.m,_test/test_gen_sqw_workflow/gen_sqw_common_config.m,https://github.com/pace-neutrons/Horace,github.com,refs/pull/812/head,2022-07-20T19:45:09Z,0,0,,,29169,10,1
swh:1:cnt:99c46eb608fb274785f4169fc44ec6e92545e654,99c46eb608fb274785f4169fc44ec6e92545e654,get_defaults.m,herbert_core/classes/data_loaders/@rundata/get_defaults.m,https://github.com/pace-neutrons/Horace,github.com,refs/heads/main,2023-10-07T07:20:35Z,0,0,,,29169,4,2
swh:1:cnt:9baba362e49ea30bd2f006214bf837d5f5c7b27d,9baba362e49ea30bd2f006214bf837d5f5c7b27d,peaks_cwhh.m,utilities/classes/methods/@IX_dataset_1d/peaks_cwhh.m,https://github.com/pace-neutrons/Horace,github.com,refs/heads/main,2023-10-07T07:20:35Z,0,0,,,29169,1,3
swh:1:cnt:92432e28d5b23751d5389b5dc3c160436a91d27c,92432e28d5b23751d5389b5dc3c160436a91d27c,check_combo_arg_.m,horace_core/sqw/coord_transform/@ortho_proj/private/check_combo_arg_.m,https://github.com/pace-neutrons/Horace,github.com,refs/heads/892_alighn_and_proj,2023-05-19T20:17:18Z,0,0,,,29169,13,4
swh:1:cnt:70116f555f95c16576bfb99292ced4cc86653f48,70116f555f95c16576bfb99292ced4cc86653f48,VMarqueeViewController.m,victorious/victorious/UI/Marquee/VMarqueeViewController.m,https://github.com/michaelkm03/Fastlane,github.com,refs/heads/master,2019-07-07T08:41:17Z,0,0,,,28210,11,1
swh:1:cnt:475e5fb44de9fd1180b7a655ddaaf348a7b9369d,475e5fb44de9fd1180b7a655ddaaf348a7b9369d,VMessageViewController.m,victorious/victorious/UI/VMessageViewController.m,https://github.com/michaelkm03/Fastlane,github.com,refs/heads/master,2019-07-07T08:41:17Z,0,0,,,28210,91,2
swh:1:cnt:16ed5d5811450dfc0e29be0dcdd70ad23eaa0d74,16ed5d5811450dfc0e29be0dcdd70ad23eaa0d74,VPublishViewController.m,victorious/victorious/UI/Workspace/View Controllers/Publish/VPublishViewController.m,https://github.com/michaelkm03/Fastlane,github.com,refs/heads/master,2019-07-07T08:41:17Z,0,0,,,28210,67,3
swh:1:cnt:17b491a3a0e33ea9ca73c260d69804976d81c56a,17b491a3a0e33ea9ca73c260d69804976d81c56a,VStreamPollCell.m,victorious/victorious/UI/StreamsView/VStreamPollCell.m,https://github.com/michaelkm03/Fastlane,github.com,refs/heads/master,2019-07-07T08:41:17Z,0,0,,,28210,55,4
swh:1:cnt:e00da132f1c5262a168be7a27488286d272fb722,e00da132f1c5262a168be7a27488286d272fb722,iMessage.m,System/Library/Messages/PlugIns/iMessage.imservice/iMessage.m,https://github.com/SuperChaoM/Apple_TVOS_18.2.1_22K160,github.com,refs/heads/main,2025-09-21T07:35:50Z,0,0,,,27383,1,1
swh:1:cnt:f6217b5cc18729e8759556204f7ac81278d8ea83,f6217b5cc18729e8759556204f7ac81278d8ea83,WiFiNetworkDenyListManager.m,usr/sbin/wifid/WiFiNetworkDenyListManager.m,https://github.com/SuperChaoM/Apple_TVOS_18.2.1_22K160,github.com,refs/heads/main,2025-09-21T07:35:50Z,0,0,,,27383,3,2
swh:1:cnt:4c9b60b4442f645a6f7c13253e37f8aae9ecab27,4c9b60b4442f645a6f7c13253e37f8aae9ecab27,GroupFaceTimeNotificationProvider.m,System/Library/PrivateFrameworks/TelephonyUtilities.framework/GroupFaceTimeNotificationProvider.m,https://github.com/SuperChaoM/Apple_TVOS_18.2.1_22K160,github.com,refs/heads/main,2025-09-21T07:35:50Z,0,0,,,27383,1,3
swh:1:cnt:a09cc47794d49a22ecfb6f041947eeb733a2e304,a09cc47794d49a22ecfb6f041947eeb733a2e304,GTMTLReplayRasterMapQuery.m,Applications/MTLReplayer.app/Frameworks/MTLReplayController.framework/GTMTLReplayRasterMapQuery.m,https://github.com/SuperChaoM/Apple_TVOS_18.2.1_22K160,github.com,refs/heads/main,2025-09-21T07:35:50Z,0,0,,,27383,1,4
swh:1:cnt:ab57783faf59f0487438f9f07b4cacfae293aae8,ab57783faf59f0487438f9f07b4cacfae293aae8,IBINI0D8.m,Packages/Integrated Billing/Routines/IBINI0D8.m,https://github.com/ChristopherEdwards/FOIA-RPMS,github.com,refs/heads/master,2015-07-31T12:11:09Z,0,0,,,26512,1,1
swh:1:cnt:b9809448da16e99cbf795bea3fc5da157787caed,b9809448da16e99cbf795bea3fc5da157787caed,AG7P2A.m,Packages/IHS Patient Registration/Routines/AG7P2A.m,https://github.com/ChristopherEdwards/FOIA-RPMS,github.com,refs/heads/master,2015-07-31T12:11:09Z,0,0,,,26512,1,2
swh:1:cnt:45df19efd1ba347cc51a9b6a55598ade19439cc7,45df19efd1ba347cc51a9b6a55598ade19439cc7,DGRPTX12.m,Packages/Registration/Routines/DGRPTX12.m,https://github.com/ChristopherEdwards/FOIA-RPMS,github.com,refs/heads/master,2015-07-31T12:11:09Z,0,0,,,26512,1,3
swh:1:cnt:0e8cc0b96645311b75dfe55bea7ffd80f2412440,0e8cc0b96645311b75dfe55bea7ffd80f2412440,BIREPF4.m,Packages/Immunization Tracking/Routines/BIREPF4.m,https://github.com/ChristopherEdwards/FOIA-RPMS,github.com,refs/heads/master,2015-07-31T12:11:09Z,0,0,,,26512,2,4
swh:1:cnt:86bb3699d51c6fe447c2ae39a364bab2d0211e7a,86bb3699d51c6fe447c2ae39a364bab2d0211e7a,"64S24-8,4,8-g17-path89.m","TwoDB/64/64S24-8,4,8-g17-path89.m",https://github.com/michaelmusty/2GroupDessinsNonGalois,github.com,refs/heads/master,2020-05-19T01:26:42Z,0,0,,,26396,1,1
swh:1:cnt:d739fe6031928bfa5f9e22a4ff928f1fc32606fa,d739fe6031928bfa5f9e22a4ff928f1fc32606fa,"64S20-4,8,4-g13-path202.m","TwoDB/64/64S20-4,8,4-g13-path202.m",https://github.com/michaelmusty/2GroupDessinsNonGalois,github.com,refs/heads/master,2020-05-19T01:26:42Z,0,0,,,26396,1,2
swh:1:cnt:b7e945c76224a443c86f7638aa48b0a08e6c4954,b7e945c76224a443c86f7638aa48b0a08e6c4954,"32S5-4,8,8-g9-path18.m","TwoDB/32/32S5-4,8,8-g9-path18.m",https://github.com/michaelmusty/2GroupDessinsNonGalois,github.com,refs/heads/master,2020-05-19T01:26:42Z,0,0,,,26396,2,3
swh:1:cnt:1bc52b878489631dc26009bba3b7c4000a690334,1bc52b878489631dc26009bba3b7c4000a690334,"256S82-16,4,16-g81-1950459404.m","TwoDB/256/256S82-16,4,16-g81-1950459404.m",https://github.com/michaelmusty/2GroupDessinsNonGalois,github.com,refs/heads/master,2020-05-19T01:26:42Z,0,0,,,26396,1,4
swh:1:cnt:ef1708cadae7363dea117303f3e1274d7e58b165,ef1708cadae7363dea117303f3e1274d7e58b165,IBARXEU1.m,Packages/Integrated Billing/Routines/IBARXEU1.m,https://github.com/jshtz4/VistA-FOIA,github.com,refs/heads/foia_122612_readme,2025-09-15T09:04:26Z,0,0,,,25879,2,1
swh:1:cnt:70227e45e1794c9e815b3c4b8dc4753811d98b95,70227e45e1794c9e815b3c4b8dc4753811d98b95,PSSJORDF.m,Packages/Pharmacy Data Management/Routines/PSSJORDF.m,https://github.com/jshtz4/VistA-FOIA,github.com,refs/heads/world_vista,2025-09-15T09:04:26Z,0,0,,,25879,3,2
swh:1:cnt:38138f0904b120465e8085da1deada5001ff9484,38138f0904b120465e8085da1deada5001ff9484,PSOXZA6.m,Packages/Outpatient Pharmacy/Routines/PSOXZA6.m,https://github.com/jshtz4/VistA-FOIA,github.com,refs/heads/foia_122612_readme,2025-09-15T09:04:26Z,0,0,,,25879,5,3
swh:1:cnt:5d67c038adf3885bcbc9ac279a67bf5255c40f6a,5d67c038adf3885bcbc9ac279a67bf5255c40f6a,PXRMSTA2.m,Packages/Clinical Reminders/Routines/PXRMSTA2.m,https://github.com/jshtz4/VistA-FOIA,github.com,refs/heads/world_vista,2025-09-15T09:04:26Z,0,0,,,25879,1,4
swh:1:cnt:dec26e8d44219ab7b59f61a7198e8d797ee94489,dec26e8d44219ab7b59f61a7198e8d797ee94489,vraag_11_versie_8_SOL.m,exam/Created/exam_171010_1132/assignments/week1/deelopdracht_1/vraag_11/vraag_11_versie_8_SOL.m,https://github.com/yoflippo/MatlabExamGeneratorChecker,github.com,refs/heads/main,2022-12-31T01:55:13Z,0,0,,,25779,1,1
swh:1:cnt:c5c1ec250b3e6f567db47b15afa5ba278f30f341,c5c1ec250b3e6f567db47b15afa5ba278f30f341,vraag_15_versie_2.m,clean_source/gen_mc/generated_questions/week2/deelopdracht_3/vraag_15/vraag_15_versie_2.m,https://github.com/yoflippo/MatlabExamGeneratorChecker,github.com,refs/heads/main,2022-12-31T01:55:13Z,0,0,,,25779,2,2
swh:1:cnt:a17d8b33ac37b54919df5047a3e88c3b4b11ddcc,a17d8b33ac37b54919df5047a3e88c3b4b11ddcc,th_04_length_size_FALSE.m,clean_source/theses/source_theses/week3/deelopdracht_stellingen_wk3/stelling_5/th_04_length_size_FALSE.m,https://github.com/yoflippo/MatlabExamGeneratorChecker,github.com,refs/heads/main,2022-12-31T01:55:13Z,0,0,,,25779,1,3
swh:1:cnt:14ff803385504d0544cd68cdc5025f7b8ea7d2ec,14ff803385504d0544cd68cdc5025f7b8ea7d2ec,vraag_4_versie_12.m,clean_source/assignments/week1/deelopdracht_3/vraag_4/vraag_4_versie_12.m,https://github.com/yoflippo/MatlabExamGeneratorChecker,github.com,refs/heads/main,2022-12-31T01:55:13Z,0,0,,,25779,2,4
