ext,n_claimants,n_primary,n_secondary,n_unknown,primary_claimants,secondary_claimants,unknown_claimants
.1,2,1,1,0,Roff Manpage,roff,
.1in,2,0,2,0,,roff; Roff Manpage,
.1m,2,0,2,0,,roff; Roff Manpage,
.1p,4,0,4,0,,groff; nroff; roff; Roff Manpage,
.1x,2,0,2,0,,roff; Roff Manpage,
.2,2,0,2,0,,roff; Roff Manpage,
.2da,1,1,0,0,2-Dimensional Array,,
.3,2,0,2,0,,roff; Roff Manpage,
.3in,2,0,2,0,,roff; Roff Manpage,
.3m,2,0,2,0,,roff; Roff Manpage,
.3p,2,0,2,0,,roff; Roff Manpage,
.3pm,4,0,4,0,,groff; nroff; roff; Roff Manpage,
.3qt,2,0,2,0,,roff; Roff Manpage,
.3x,2,0,2,0,,roff; Roff Manpage,
.4,2,0,2,0,,roff; Roff Manpage,
.4dform,1,0,1,0,,JSON,
.4dm,1,1,0,0,4D,,
.4dproject,1,0,1,0,,JSON,
.4gl,1,1,0,0,Genero 4gl,,
.4th,1,0,1,0,,forth,
.5,2,0,2,0,,roff; Roff Manpage,
.6,2,0,2,0,,roff; Roff Manpage,
.6pl,2,1,1,0,raku,Raku (programming language),
.6pm,2,0,2,0,,raku; Raku (programming language),
.7,2,0,2,0,,roff; Roff Manpage,
.8,2,0,2,0,,roff; Roff Manpage,
.8xp,1,1,0,0,TI Program,,
.9,2,0,2,0,,roff; Roff Manpage,
._coffee,1,0,1,0,,coffeescript,
._exrc,2,0,2,0,,vim; vim-script,
._gvimrc,2,0,2,0,,vim; vim-script,
._js,1,0,1,0,,javascript,
._ls,1,0,1,0,,livescript,
._vimrc,2,0,2,0,,vim; vim-script,
.a51,1,0,1,0,,Assembly,
.abap,1,1,0,0,abap,,
.abnf,1,1,0,0,abnf,,
.action,1,0,1,0,,ROS Interface,
.ada,2,0,2,0,,ada; Ada (programming language),
.adb,2,2,0,0,ada; Ada (programming language),,
.adml,1,0,1,0,,xml,
.admx,1,0,1,0,,xml,
.ado,2,0,2,0,,DO; stata,
.adoc,1,0,1,0,,asciidoc,
.adp,1,0,1,0,,tcl,
.ads,2,0,2,0,,ada; Ada (programming language),
.aes,1,1,0,0,sophia,,
.afm,1,1,0,0,adobe-font-metrics,,
.agc,1,1,0,0,apollo-guidance-computer,,
.agda,2,2,0,0,agda; Agda (programming language),,
.aheui,1,1,0,0,aheui,,
.ahk,1,1,0,0,autohotkey,,
.ahkl,1,0,1,0,,autohotkey,
.aidl,1,1,0,0,AIDL,,
.aj,1,1,0,0,aspectj,,
.ak,1,1,0,0,Aiken,,
.al,2,1,1,0,al,perl,
.alg,2,2,0,0,algol; Portugol,,
.als,1,1,0,0,Alloy,,
.ampl,1,1,0,0,ampl,,
.angelscript,1,0,1,0,,angelscript,
.anim,1,1,0,0,unity3d-asset,,
.ant,1,0,1,0,,xml,
.apacheconf,1,1,0,0,apacheconf,,
.apex,1,0,1,0,,apex,
.apib,1,1,0,0,api-blueprint,,
.apl,2,2,0,0,apl; APL (programming language),,
.aplc,2,0,2,0,,apl; APL (programming language),
.aplf,2,0,2,0,,apl; APL (programming language),
.apli,2,0,2,0,,apl; APL (programming language),
.apln,2,0,2,0,,apl; APL (programming language),
.aplo,2,0,2,0,,apl; APL (programming language),
.app,1,0,1,0,,erlang,
.applescript,1,1,0,0,applescript,,
.arc,1,1,0,0,arc,,
.arexx,2,0,2,0,,arexx; rexx,
.arpa,1,0,1,0,,DNS Zone,
.arr,1,1,0,0,pyret,,
.art,1,1,0,0,arturo,,
.arw,1,1,0,0,arrow,,
.as,2,2,0,0,actionscript; angelscript,,
.asax,1,1,0,0,asp.net,,
.asc,3,3,0,0,ags-script; asciidoc; Public Key,,
.asciidoc,1,1,0,0,asciidoc,,
.ascx,1,0,1,0,,asp.net,
.asd,1,0,1,0,,common-lisp,
.asddls,1,1,0,0,ABAP CDS,,
.ash,2,1,1,0,KoLmafia ASH,ags-script,
.ashx,1,0,1,0,,asp.net,
.asl,1,1,0,0,ASL,,
.asm,4,4,0,0,Assembly; Motorola 68K Assembly; nasm; tasm,,
.asmx,1,0,1,0,,asp.net,
.asn,1,1,0,0,ASN.1,,
.asn1,1,1,0,0,ASN.1,,
.asp,1,1,0,0,Classic ASP,,
.aspx,1,1,0,0,asp.net,,
.asset,1,0,1,0,,unity3d-asset,
.astro,1,1,0,0,astro,,
.asy,2,2,0,0,asymptote; LTspice Symbol,,
.at,2,2,0,0,ambienttalk; AT,,
.au3,1,1,0,0,autoit,,
.aug,1,1,0,0,augeas,,
.auk,1,0,1,0,,awk,
.autodelegate,1,0,1,0,,myghty,
.autohandler,3,0,3,0,,m4; Monkey C; Win32 Message File,
.aux,2,0,2,0,,latex; tex,
.avdl,1,1,0,0,Avro IDL,,
.avsc,1,0,1,0,,JSON,
.aw,1,0,1,0,,php,
.awk,3,3,0,0,awk; mawk; nawk,,
.axaml,1,0,1,0,,xml,
.axd,1,0,1,0,,asp.net,
.axi,1,0,1,0,,netlinx,
.axml,1,0,1,0,,xml,
.axs,1,1,0,0,netlinx,,
.b,4,2,2,0,brainfuck; limbo,beef; hyphy,
.bal,1,1,0,0,ballerina,,
.bas,9,6,3,0,B4X; basic; qbasic; quickbasic; vba; Visual Basic 6.0,freebasic; Visual Basic .NET; visual-basic,
.bash,6,0,6,0,,bash; Gentoo Eclass; gentoo-ebuild; openrc-runscript; sh; Shell,
.bashrc,6,0,6,0,,bash; Gentoo Eclass; gentoo-ebuild; openrc-runscript; sh; Shell,
.bat,3,3,0,0,batch; Batchfile; winbatch,,
.bats,1,0,1,0,,Shell,
.bb,3,2,1,0,bitbake; blitzbasic,clojure,
.bbappend,1,0,1,0,,bitbake,
.bbclass,1,0,1,0,,bitbake,
.bbx,1,0,1,0,,tex,
.bc,1,1,0,0,bc,,
.bdf,1,1,0,0,glyph-bitmap-distribution-format,,
.bdy,1,0,1,0,,PLSQL,
.be,1,1,0,0,berry,,
.befunge,1,1,0,0,befunge,,
.bf,4,3,1,0,beef; brainfuck; hyphy,befunge,
.bi,2,1,1,0,freebasic,quickbasic,
.bib,1,1,0,0,bibtex,,
.bibtex,1,0,1,0,,bibtex,
.bicep,1,1,0,0,Bicep,,
.bicepparam,1,0,1,0,,Bicep,
.bison,1,1,0,0,bison,,
.blade,1,1,0,0,blade,,
.bmx,1,1,0,0,blitzmax,,
.bnf,1,1,0,0,bnf,,
.boa,1,1,0,0,boa,,
.bones,1,0,1,0,,javascript,
.boo,2,2,0,0,boo; Boo (programming language),,
.boot,1,0,1,0,,clojure,
.bpl,1,1,0,0,boogie,,
.bqn,1,1,0,0,bqn,,
.brd,2,1,1,0,KiCad Legacy Layout,eagle,
.bro,2,0,2,0,,bro; zeek,
.brs,1,1,0,0,Brightscript,,
.bru,1,1,0,0,Bru,,
.bs,3,3,0,0,Bikeshed; Bluespec BH; BrighterScript,,
.bsl,1,1,0,0,1c-enterprise,,
.bst,2,2,0,0,BibTeX Style; BuildStream,,
.bsv,1,1,0,0,bluespec,,
.buck,6,0,6,0,,bazel; py; Python; Python (programming language); sage; starlark,
.build,6,0,6,0,,bazel; py; Python; Python (programming language); sage; starlark,
.builder,1,0,1,0,,ruby,
.builds,1,0,1,0,,xml,
.bzl,6,1,5,0,starlark,bazel; py; Python; Python (programming language); sage,
.c,4,2,2,0,C; C (programming language),C++; cpp,
.c++,2,0,2,0,,C++; cpp,
.c++-objdump,1,0,1,0,,Cpp-ObjDump,
.c++objdump,1,0,1,0,,Cpp-ObjDump,
.c-objdump,1,1,0,0,C-ObjDump,,
.c3,1,1,0,0,c3,,
.cabal,1,1,0,0,Cabal Config,,
.caddyfile,1,1,0,0,Caddyfile,,
.cairo,2,2,0,0,cairo; Cairo Zero,,
.cake,2,0,2,0,,C#; coffeescript,
.capnp,1,1,0,0,Cap'n Proto,,
.carbon,1,1,0,0,carbon,,
.cats,1,0,1,0,,C,
.cbl,1,0,1,0,,cobol,
.cbx,1,0,1,0,,tex,
.cc,2,0,2,0,,C++; cpp,
.ccp,1,0,1,0,,cobol,
.ccproj,1,0,1,0,,xml,
.ccxml,1,0,1,0,,xml,
.cdc,1,1,0,0,Cadence,,
.cdf,4,0,4,0,,mathematica; NB; wolfram; Wolfram Language,
.cds,1,1,0,0,CAP CDS,,
.ceylon,1,1,0,0,ceylon,,
.cfc,1,1,0,0,ColdFusion CFC,,
.cfg,2,1,1,0,HAProxy,ini,
.cfm,1,1,0,0,coldfusion,,
.cfml,1,0,1,0,,coldfusion,
.cgi,3,0,3,0,,perl; Python; Shell,
.cginc,1,0,1,0,,hlsl,
.ch,2,1,1,0,charity,xbase,
.chai,1,1,0,0,chaiscript,,
.chem,1,0,1,0,,pic,
.chpl,1,1,0,0,chapel,,
.chs,1,1,0,0,C2hs Haskell,,
.cil,1,1,0,0,cil,,
.circom,1,1,0,0,Circom,,
.cirru,1,1,0,0,cirru,,
.cj,1,1,0,0,Cangjie,,
.cjs,1,0,1,0,,javascript,
.cjsx,1,0,1,0,,coffeescript,
.ck,1,1,0,0,chuck,,
.cl,6,4,2,0,common-lisp; cool; lisp; opencl,Proguard; qmake,
.cl2,1,0,1,0,,clojure,
.clar,1,1,0,0,clarity,,
.clay,1,1,0,0,clay,,
.click,1,1,0,0,click,,
.clixml,1,0,1,0,,xml,
.clj,1,1,0,0,clojure,,
.cljc,1,0,1,0,,clojure,
.cljs,2,1,1,0,clojurescript,clojure,
.cljscm,1,0,1,0,,clojure,
.cljx,1,0,1,0,,clojure,
.clp,1,1,0,0,clips,,
.cls,6,2,4,0,apex; objectscript,OpenEdge ABL; tex; vba; Visual Basic 6.0,
.clue,1,1,0,0,Clue,,
.clw,1,1,0,0,clarion,,
.cmake,1,1,0,0,cmake,,
.cmd,3,0,3,0,,batch; Batchfile; winbatch,
.cml,1,1,0,0,comal,,
.cmp,1,0,1,0,,gerber-image,
.cnc,1,0,1,0,,g-code,
.cnf,1,0,1,0,,ini,
.cob,1,1,0,0,cobol,,
.cobol,1,0,1,0,,cobol,
.cocci,1,1,0,0,smpl,,
.coffee,1,1,0,0,coffeescript,,
.com,1,1,0,0,digital-command-language,,
.comal,1,0,1,0,,comal,
.command,1,0,1,0,,Shell,
.conll,1,0,1,0,,conll-u,
.conllu,1,1,0,0,conll-u,,
.cook,1,1,0,0,Cooklang,,
.coq,1,0,1,0,,Rocq Prover,
.cp,4,2,2,0,component-pascal; cp,C++; cpp,
.cpp,2,2,0,0,C++; cpp,,
.cpp-objdump,1,1,0,0,Cpp-ObjDump,,
.cppm,1,0,1,0,,C++,
.cppobjdump,1,1,0,0,Cpp-ObjDump,,
.cproject,1,0,1,0,,xml,
.cps,2,0,2,0,,component-pascal; cp,
.cpy,1,0,1,0,,cobol,
.cql,1,1,0,0,cql,,
.cr,2,2,0,0,crystal; Crystal (programming language),,
.crc32,1,1,0,0,Checksums,,
.creole,1,1,0,0,creole,,
.crmsh,1,1,0,0,crmsh,,
.croc,1,1,0,0,croc,,
.cry,2,2,0,0,Cry; cryptol,,
.cs,4,3,1,0,C Sharp (programming language); C#; csharp,smalltalk,
.csc,1,0,1,0,,GSC,
.cscfg,1,0,1,0,,xml,
.csd,1,1,0,0,Csound Document,,
.csdef,1,0,1,0,,xml,
.csh,1,0,1,0,,tcsh,
.cshtml,1,1,0,0,HTML+Razor,,
.csl,2,1,1,0,Kusto,xml,
.cson,1,1,0,0,cson,,
.csproj,1,0,1,0,,xml,
.css,2,2,0,0,css; Css script,,
.csv,1,1,0,0,CSV,,
.csx,1,0,1,0,,C#,
.ct,1,0,1,0,,xml,
.ctl,1,0,1,0,,Visual Basic 6.0,
.ctp,1,0,1,0,,php,
.cts,1,0,1,0,,typescript,
.cu,1,1,0,0,cuda,,
.cue,2,2,0,0,CUE; Cue Sheet,,
.cuh,1,0,1,0,,cuda,
.curry,1,1,0,0,curry,,
.cw,1,1,0,0,redcode,,
.cwl,1,1,0,0,common-workflow-language,,
.cxx,2,0,2,0,,C++; cpp,
.cxx-objdump,1,0,1,0,,Cpp-ObjDump,
.cy,1,1,0,0,cycript,,
.cylc,1,1,0,0,Cylc,,
.cyp,1,1,0,0,cypher,,
.cypher,1,0,1,0,,cypher,
.d,4,3,1,0,d; D (programming language); dtrace,Makefile,
.d-objdump,1,1,0,0,D-ObjDump,,
.d2,1,1,0,0,d2,,
.dae,1,1,0,0,collada,,
.darcspatch,1,1,0,0,Darcs Patch,,
.dart,1,1,0,0,dart,,
.das,1,1,0,0,Daslang,,
.dats,1,1,0,0,ats,,
.dax,1,1,0,0,dax,,
.db2,1,0,1,0,,sqlpl,
.dcl,1,0,1,0,,clean,
.ddl,2,0,2,0,,PLSQL; sql,
.decls,1,0,1,0,,blitzbasic,
.def,4,4,0,0,linux-kernel-module; modula-2; NMODL; Singularity,,
.depproj,1,0,1,0,,xml,
.desktop,1,1,0,0,desktop,,
.dfm,1,0,1,0,,pascal,
.dfy,1,1,0,0,dafny,,
.dg,1,1,0,0,DG,,
.dhall,1,1,0,0,dhall,,
.dhandler,3,0,3,0,,m4; Monkey C; Win32 Message File,
.di,2,0,2,0,,d; D (programming language),
.diff,1,1,0,0,diff,,
.dircolors,1,1,0,0,dircolors,,
.dita,1,0,1,0,,xml,
.ditamap,1,0,1,0,,xml,
.ditaval,1,0,1,0,,xml,
.djs,1,1,0,0,dogescript,,
.dlm,1,0,1,0,,idl,
.dm,1,1,0,0,dm,,
.do,2,2,0,0,DO; stata,,
.docker,2,0,2,0,,docker; dockerfile,
.dockerfile,2,2,0,0,docker; dockerfile,,
.dof,1,0,1,0,,ini,
.doh,1,0,1,0,,stata,
.dot,2,1,1,0,Graphviz (DOT),dot,
.dotsettings,1,0,1,0,,xml,
.dpatch,1,1,0,0,Darcs Patch,,
.dpr,2,0,2,0,,delphi; pascal,
.druby,1,1,0,0,mirah,,
.dsc,2,2,0,0,Debian Package Control File; DenizenScript,,
.dsl,1,0,1,0,,ASL,
.dsp,2,2,0,0,faust; Microsoft Developer Studio Project,,
.dsr,1,0,1,0,,Visual Basic 6.0,
.dtd,1,1,0,0,dtd,,
.dts,2,2,0,0,devicetree; dts,,
.dtsi,2,0,2,0,,devicetree; dts,
.dtx,1,0,1,0,,tex,
.duby,2,0,2,0,,mirah; ruby,
.duel,1,1,0,0,duel,,
.dwl,1,1,0,0,dataweave,,
.dyalog,2,0,2,0,,apl; APL (programming language),
.dyl,1,0,1,0,,dylan,
.dylan,1,1,0,0,dylan,,
.dzn,1,1,0,0,MiniZinc Data,,
.e,3,3,0,0,e; Eiffel; euphoria,,
.eb,1,1,0,0,easybuild,,
.ebnf,1,1,0,0,ebnf,,
.ebuild,6,1,5,0,gentoo-ebuild,bash; Gentoo Eclass; openrc-runscript; sh; Shell,
.ec,1,1,0,0,ec,,
.ecl,3,3,0,0,ecl; ECLiPSe; prolog,,
.eclass,6,1,5,0,Gentoo Eclass,bash; gentoo-ebuild; openrc-runscript; sh; Shell,
.eclxml,1,0,1,0,,ecl,
.ecr,1,1,0,0,HTML+ECR,,
.ect,1,0,1,0,,ejs,
.edc,1,1,0,0,edje-data-collection,,
.edge,1,1,0,0,Edge,,
.edgeql,1,1,0,0,edgeql,,
.editorconfig,3,1,2,0,EditorConfig,HAProxy; ini,
.edn,1,1,0,0,edn,,
.edp,1,1,0,0,freefem,,
.eex,4,0,4,0,,elixir; Elixir (programming language); euphoria; HTML+EEX,
.eg,1,1,0,0,earl-grey,,
.eh,1,0,1,0,,ec,
.ejs,1,1,0,0,ejs,,
.el,1,1,0,0,emacs-lisp,,
.eliom,1,0,1,0,,ocaml,
.eliomi,1,0,1,0,,ocaml,
.elm,1,1,0,0,Elm,,
.elpi,1,1,0,0,elpi,,
.elv,1,1,0,0,elvish,,
.em,1,1,0,0,emberscript,,
.emacs,1,0,1,0,,emacs-lisp,
.emberscript,1,0,1,0,,emberscript,
.eml,2,2,0,0,E-mail; EML,,
.env,1,1,0,0,Dotenv,,
.epj,1,1,0,0,Ecere Projects,,
.eps,1,0,1,0,,postscript,
.epsi,1,0,1,0,,postscript,
.eq,1,1,0,0,EQ,,
.erb,1,1,0,0,HTML+ERB,,
.erl,2,2,0,0,erlang; Erlang (programming language),,
.es,3,0,3,0,,erlang; Erlang (programming language); javascript,
.es6,1,0,1,0,,javascript,
.escript,2,0,2,0,,erlang; Erlang (programming language),
.esdl,1,0,1,0,,edgeql,
.ex,4,4,0,0,elixir; Elixir (programming language); euphoria; HTML+EEX,,
.exec,1,1,0,0,Execline,,
.exheres-0,6,0,6,0,,bash; Gentoo Eclass; gentoo-ebuild; openrc-runscript; sh; Shell,
.exlib,6,0,6,0,,bash; Gentoo Eclass; gentoo-ebuild; openrc-runscript; sh; Shell,
.exrc,2,0,2,0,,vim; vim-script,
.exs,4,0,4,0,,elixir; Elixir (programming language); euphoria; HTML+EEX,
.eye,1,0,1,0,,ruby,
.ezt,1,1,0,0,easytrieve,,
.f,3,2,1,0,filebench-wml; fortran,forth,
.f03,2,2,0,0,fortran; Fortran Free Form,,
.f08,1,0,1,0,,Fortran Free Form,
.f77,1,0,1,0,,fortran,
.f90,2,1,1,0,Fortran Free Form,fortran,
.f95,1,0,1,0,,Fortran Free Form,
.factor,2,2,0,0,factor; Factor (programming language),,
.fan,1,1,0,0,fantom,,
.fancypack,1,0,1,0,,fancy,
.fbs,1,1,0,0,flatbuffers,,
.fc,1,1,0,0,Func,,
.fcgi,6,0,6,0,,lua; perl; php; Python; ruby; Shell,
.fea,1,1,0,0,opentype-feature-file,,
.feature,1,1,0,0,gherkin,,
.fhtml,1,0,1,0,,Velocity Template Language,
.filters,1,0,1,0,,xml,
.fir,1,1,0,0,firrtl,,
.fish,1,1,0,0,fish,,
.flex,1,1,0,0,jflex,,
.flf,1,1,0,0,figlet-font,,
.flix,1,1,0,0,flix,,
.flo,1,1,0,0,floscript,,
.flux,1,0,1,0,,flux,
.flx,1,1,0,0,felix,,
.flxh,1,0,1,0,,felix,
.fnc,1,0,1,0,,PLSQL,
.fnl,1,1,0,0,fennel,,
.for,3,1,2,0,Formatted,forth; fortran,
.forth,1,0,1,0,,forth,
.fp,1,0,1,0,,glsl,
.fpp,1,0,1,0,,fortran,
.fr,3,1,2,0,frege,forth; Text,
.frag,2,0,2,0,,glsl; javascript,
.frg,1,0,1,0,,glsl,
.frm,3,0,3,0,,ini; vba; Visual Basic 6.0,
.frt,3,3,0,0,filterscript; forth; Forth (programming language),,
.fs,5,2,3,0,f-sharp; filterscript,forth; Forth (programming language); glsl,
.fsh,1,0,1,0,,glsl,
.fshader,1,0,1,0,,glsl,
.fsi,1,0,1,0,,f-sharp,
.fsproj,1,0,1,0,,xml,
.fst,2,2,0,0,f; fstar,,
.fsti,2,0,2,0,,f; fstar,
.fsx,1,0,1,0,,f-sharp,
.fth,1,1,0,0,forth,,
.ftl,2,2,0,0,Fluent; freemarker,,
.ftlh,1,0,1,0,,freemarker,
.fun,2,0,2,0,,SML; standard-ml,
.func,1,0,1,0,,Func,
.fut,1,1,0,0,futhark,,
.fx,2,1,1,0,flux,hlsl,
.fxh,1,0,1,0,,hlsl,
.fxml,1,0,1,0,,xml,
.fy,1,1,0,0,fancy,,
.g,2,2,0,0,g-code; gap,,
.g4,1,1,0,0,antlr,,
.gaml,1,1,0,0,gaml,,
.gap,1,0,1,0,,gap,
.gawk,1,0,1,0,,awk,
.gbl,1,0,1,0,,gerber-image,
.gbo,1,0,1,0,,gerber-image,
.gbp,1,0,1,0,,gerber-image,
.gbr,1,1,0,0,gerber-image,,
.gbs,1,0,1,0,,gerber-image,
.gco,1,0,1,0,,g-code,
.gcode,1,1,0,0,g-code,,
.gd,2,1,1,0,gdscript,gap,
.gdb,1,1,0,0,gdb,,
.gdbinit,1,0,1,0,,gdb,
.gdnlib,1,1,0,0,Godot Resource,,
.gdns,1,0,1,0,,Godot Resource,
.gdshader,1,1,0,0,GDShader,,
.gdshaderinc,1,0,1,0,,GDShader,
.ged,1,1,0,0,GEDCOM,,
.gemfile,2,0,2,0,,mirah; ruby,
.gemspec,2,0,2,0,,mirah; ruby,
.geo,1,0,1,0,,glsl,
.geojson,1,0,1,0,,JSON,
.geom,1,0,1,0,,glsl,
.gf,1,1,0,0,grammatical-framework,,
.gi,1,0,1,0,,gap,
.gitconfig,1,1,0,0,git-config,,
.gitignore,1,1,0,0,Ignore List,,
.gjs,1,1,0,0,Glimmer JS,,
.gko,1,0,1,0,,gerber-image,
.glade,1,0,1,0,,xml,
.gleam,1,1,0,0,gleam,,
.glf,1,1,0,0,glyph,,
.glsl,1,1,0,0,glsl,,
.glslf,1,0,1,0,,glsl,
.glslv,1,0,1,0,,glsl,
.gltf,1,0,1,0,,JSON,
.glyphs,1,0,1,0,,OpenStep Property List,
.gmi,1,1,0,0,gemini,,
.gml,4,2,2,0,game-maker-language; graph-modeling-language,gerber-image; xml,
.gms,1,1,0,0,gams,,
.gmx,1,0,1,0,,xml,
.gn,1,1,0,0,GN,,
.gni,1,0,1,0,,GN,
.gnu,1,0,1,0,,gnuplot,
.gnumakefile,2,0,2,0,,make; Makefile,
.gnuplot,1,0,1,0,,gnuplot,
.go,2,2,0,0,go; Go (programming language),,
.god,1,0,1,0,,ruby,
.gohtml,1,1,0,0,Go Template,,
.golo,2,2,0,0,golo; Golo (programming language),,
.gotmpl,1,0,1,0,,Go Template,
.gp,1,1,0,0,gnuplot,,
.gpb,1,0,1,0,,gerber-image,
.gpt,1,0,1,0,,gerber-image,
.gpx,1,0,1,0,,xml,
.gql,1,0,1,0,,GraphQL,
.grace,1,1,0,0,grace,,
.gradle,2,1,1,0,gradle,groovy,
.graphql,1,1,0,0,GraphQL,,
.graphqls,1,0,1,0,,GraphQL,
.groovy,2,2,0,0,gradle; groovy,,
.grt,1,0,1,0,,groovy,
.grxml,1,0,1,0,,xml,
.gs,6,4,2,0,genie; gosu; Gosu (programming language); groovy-server-pages,glsl; javascript,
.gsc,1,1,0,0,GSC,,
.gsh,1,0,1,0,,GSC,
.gshader,1,0,1,0,,glsl,
.gsp,4,1,3,0,groovy-server-pages,genie; gosu; Gosu (programming language),
.gsql,1,1,0,0,gsql,,
.gst,2,0,2,0,,gosu; xml,
.gsx,4,0,4,0,,genie; gosu; Gosu (programming language); groovy-server-pages,
.gtl,1,0,1,0,,gerber-image,
.gto,1,0,1,0,,gerber-image,
.gtp,1,0,1,0,,gerber-image,
.gtpl,1,0,1,0,,groovy,
.gts,2,1,1,0,Glimmer TS,gerber-image,
.gv,2,2,0,0,dot; Graphviz (DOT),,
.gvimrc,2,0,2,0,,vim; vim-script,
.gvy,1,0,1,0,,groovy,
.gyp,1,0,1,0,,Python,
.gypi,1,0,1,0,,Python,
.h,5,0,5,0,,C; C (programming language); C++; cpp; objective-c,
.h++,2,0,2,0,,C++; cpp,
.ha,1,1,0,0,hare,,
.hack,1,1,0,0,hack,,
.haml,1,1,0,0,haml,,
.handlebars,1,1,0,0,handlebars,,
.har,1,0,1,0,,JSON,
.hats,1,0,1,0,,ats,
.hb,1,1,0,0,harbour,,
.hbs,1,0,1,0,,handlebars,
.hc,1,1,0,0,holyc,,
.hcl,2,1,1,0,hcl,TF,
.heex,1,0,1,0,,HTML+EEX,
.hh,4,0,4,0,,C++; cpp; hack; Objective-C++,
.hhi,1,0,1,0,,hack,
.hic,1,0,1,0,,clojure,
.hip,1,1,0,0,HIP,,
.hlean,1,0,1,0,,lean,
.hlsl,1,1,0,0,hlsl,,
.hlsli,1,0,1,0,,hlsl,
.hocon,1,1,0,0,hocon,,
.hoon,1,1,0,0,hoon,,
.hpp,2,0,2,0,,C++; cpp,
.hqf,1,0,1,0,,SQF,
.hql,1,0,1,0,,hiveql,
.hrl,2,0,2,0,,erlang; Erlang (programming language),
.hs,2,2,0,0,haskell; HS,,
.hs-boot,1,0,1,0,,haskell,
.hsc,1,0,1,0,,haskell,
.hta,1,0,1,0,,html,
.htaccess,2,2,0,0,apache; apacheconf,,
.htm,2,0,2,0,,Ecmarkup; html,
.html,2,2,0,0,Ecmarkup; html,,
.http,1,1,0,0,http,,
.hurl,1,1,0,0,hurl,,
.hx,1,1,0,0,haxe,,
.hxml,1,1,0,0,hxml,,
.hxsl,1,0,1,0,,haxe,
.hxx,2,0,2,0,,C++; cpp,
.hy,1,1,0,0,hy,,
.hzp,1,0,1,0,,xml,
.i,7,1,6,0,SWIG,Assembly; cool; Motorola 68K Assembly; opencl; Proguard; qmake,
.i3,1,1,0,0,Modula-3,,
.i7x,1,0,1,0,,Inform 7,
.ical,1,0,1,0,,iCalendar,
.ice,2,1,1,0,slice,JSON,
.iced,1,0,1,0,,coffeescript,
.icl,1,1,0,0,clean,,
.icn,1,1,0,0,unicon,,
.icon,1,1,0,0,icon,,
.ics,1,1,0,0,iCalendar,,
.id_dsa,3,0,3,0,,ags-script; asciidoc; Public Key,
.id_ecdsa,3,0,3,0,,ags-script; asciidoc; Public Key,
.id_ecdsa_sk,3,0,3,0,,ags-script; asciidoc; Public Key,
.id_ed25519,3,0,3,0,,ags-script; asciidoc; Public Key,
.id_rsa,3,0,3,0,,ags-script; asciidoc; Public Key,
.idc,2,0,2,0,,C; C (programming language),
.idl,1,1,0,0,omg-idl,,
.idr,1,1,0,0,idris,,
.ig,1,0,1,0,,Modula-3,
.ihlp,1,0,1,0,,stata,
.ijm,1,1,0,0,ImageJ Macro,,
.ijs,2,2,0,0,j; J (programming language),,
.ik,1,1,0,0,ioke,,
.ily,1,0,1,0,,lilypond,
.imba,1,1,0,0,imba,,
.iml,1,0,1,0,,xml,
.inc,13,0,13,0,,Assembly; bitbake; C++; hack; html; Motorola 68K Assembly; NASL; pascal; pawn; php; pov-ray-sdl; sourcepawn; sql,
.inf,2,0,2,0,,HAProxy; ini,
.ini,2,2,0,0,HAProxy; ini,,
.ink,1,1,0,0,ink,,
.inl,1,0,1,0,,C++,
.ino,2,1,1,0,arduino,C++,
.ins,1,0,1,0,,tex,
.intr,1,0,1,0,,dylan,
.io,2,2,0,0,io; Io (programming language),,
.iol,1,0,1,0,,jolie,
.ipf,1,1,0,0,igor-pro,,
.ipp,1,0,1,0,,C++,
.ipynb,1,1,0,0,jupyter-notebook,,
.irclog,1,1,0,0,irc-log,,
.isl,1,0,1,0,,inno-setup,
.ispc,1,1,0,0,ISPC,,
.iss,1,1,0,0,inno-setup,,
.iuml,1,0,1,0,,plantuml,
.ivy,1,0,1,0,,xml,
.ixx,1,0,1,0,,C++,
.j,2,2,0,0,jasmin; objective-j,,
.j2,1,0,1,0,,jinja,
.jac,1,1,0,0,Jac,,
.jade,2,1,1,0,pug,jade,
.jai,1,1,0,0,jai,,
.jake,1,0,1,0,,javascript,
.janet,1,1,0,0,janet,,
.jav,1,0,1,0,,java,
.java,2,2,0,0,java; Java (programming language),,
.javascript,1,0,1,0,,javascript,
.jbst,1,0,1,0,,duel,
.jbuilder,1,0,1,0,,ruby,
.jcl,1,1,0,0,jcl,,
.jdn,1,0,1,0,,janet,
.jelly,1,0,1,0,,xml,
.jflex,1,0,1,0,,jflex,
.jinja,1,1,0,0,jinja,,
.jinja2,1,0,1,0,,jinja,
.jison,1,1,0,0,jison,,
.jisonlex,1,1,0,0,jison-lex,,
.jl,2,2,0,0,julia; Julia (programming language),,
.jp,1,1,0,0,jmespath,,
.jq,2,2,0,0,jq; jsoniq,,
.js,1,1,0,0,javascript,,
.jsb,1,0,1,0,,javascript,
.jscad,1,0,1,0,,javascript,
.jsfl,1,0,1,0,,javascript,
.jsgf,1,1,0,0,jsgf,,
.jsh,1,0,1,0,,java,
.jslib,1,0,1,0,,javascript,
.jslt,1,1,0,0,jslt,,
.jsm,1,0,1,0,,javascript,
.json,3,3,0,0,JSON; OASv2-json; OASv3-json,,
.json5,1,1,0,0,json5,,
.jsonc,1,1,0,0,JSON with Comments,,
.jsonl,3,0,3,0,,JSON; OASv2-json; OASv3-json,
.jsonld,1,1,0,0,JSONLD,,
.jsonnet,1,1,0,0,Jsonnet,,
.jsp,1,1,0,0,java-server-pages,,
.jspre,1,0,1,0,,javascript,
.jsproj,1,0,1,0,,xml,
.jss,1,0,1,0,,javascript,
.jst,1,0,1,0,,ejs,
.jsx,2,1,1,0,jsx,javascript,
.jte,1,1,0,0,Java Template Engine,,
.just,1,1,0,0,just,,
.juttle,1,1,0,0,juttle,,
.jy,6,0,6,0,,bazel; py; Python; Python (programming language); sage; starlark,
.k,3,3,0,0,k; kcl; KFramework,,
.kak,1,1,0,0,KakouneScript,,
.kal,1,1,0,0,kal,,
.kdl,1,1,0,0,kdl,,
.kicad_mod,1,0,1,0,,KiCad Layout,
.kicad_pcb,1,1,0,0,KiCad Layout,,
.kicad_sch,1,1,0,0,KiCad Schematic,,
.kicad_sym,1,0,1,0,,KiCad Schematic,
.kicad_wks,1,0,1,0,,KiCad Layout,
.kid,2,2,0,0,genshi; kid,,
.kif,2,0,2,0,,newlisp; nl,
.kit,1,1,0,0,kit,,
.kk,1,1,0,0,koka,,
.kki,1,0,1,0,,koka,
.kml,1,0,1,0,,xml,
.kn,1,1,0,0,kuin,,
.kojo,1,0,1,0,,scala,
.kql,1,1,0,0,Kusto,,
.krl,1,1,0,0,krl,,
.ks,2,2,0,0,KerboScript; Kickstart,,
.ksh,6,0,6,0,,bash; Gentoo Eclass; gentoo-ebuild; openrc-runscript; sh; Shell,
.kshrc,6,0,6,0,,bash; Gentoo Eclass; gentoo-ebuild; openrc-runscript; sh; Shell,
.ksy,1,1,0,0,Kaitai Struct,,
.kt,1,1,0,0,kotlin,,
.ktm,1,0,1,0,,kotlin,
.kts,1,0,1,0,,kotlin,
.kusto,1,0,1,0,,Kusto,
.kv,1,1,0,0,kvlang,,
.l,4,2,2,0,lex; picolisp,common-lisp; roff,
.lagda,1,1,0,0,literate-agda,,
.langium,1,1,0,0,Langium,,
.lark,1,1,0,0,Lark,,
.las,1,0,1,0,,lasso,
.lasso,1,1,0,0,lasso,,
.lasso8,1,0,1,0,,lasso,
.lasso9,1,0,1,0,,lasso,
.latte,1,1,0,0,latte,,
.launch,1,0,1,0,,xml,
.lbx,1,0,1,0,,tex,
.ld,1,1,0,0,linker-script,,
.lds,1,0,1,0,,linker-script,
.lean,2,2,0,0,lean; Lean 4,,
.leex,4,0,4,0,,elixir; Elixir (programming language); euphoria; HTML+EEX,
.leo,1,1,0,0,Leo,,
.less,1,1,0,0,less,,
.lex,1,0,1,0,,lex,
.lfe,1,1,0,0,lfe,,
.lgt,1,1,0,0,logtalk,,
.lhs,1,1,0,0,literate-haskell,,
.libsonnet,1,0,1,0,,Jsonnet,
.lid,1,0,1,0,,dylan,
.lidr,1,0,1,0,,idris,
.ligo,1,1,0,0,LigoLANG,,
.linq,1,0,1,0,,C#,
.liq,1,1,0,0,Liquidsoap,,
.liquid,1,1,0,0,liquid,,
.lisp,3,1,2,0,common-lisp,lisp; newlisp,
.litcoffee,1,1,0,0,literate-coffeescript,,
.livemd,1,0,1,0,,markdown,
.lkml,1,1,0,0,lookml,,
.ll,1,1,0,0,LLVM,,
.lmi,1,0,1,0,,Python,
.load,1,0,1,0,,fish,
.logtalk,1,0,1,0,,logtalk,
.lol,1,1,0,0,lolcode,,
.lookml,1,0,1,0,,lookml,
.lp,3,3,0,0,Answer Set Programming; Lambdapi; Linear Programming,,
.lpr,1,0,1,0,,pascal,
.ls,2,2,0,0,livescript; loomscript,,
.lsl,1,1,0,0,lsl,,
.lslp,1,0,1,0,,lsl,
.lsp,3,2,1,0,newlisp; nl,common-lisp,
.ltx,1,0,1,0,,tex,
.lua,1,1,0,0,lua,,
.luau,1,1,0,0,luau,,
.lvclass,1,0,1,0,,labview,
.lvlib,1,0,1,0,,labview,
.lvproj,1,1,0,0,labview,,
.ly,1,1,0,0,lilypond,,
.m,11,7,4,0,m4; matlab; mercury; Monkey C; objective-c; octave; Win32 Message File,limbo; M; muf; Wolfram Language,
.m2,1,1,0,0,Macaulay2,,
.m3,1,0,1,0,,Modula-3,
.m3u,1,1,0,0,M3U,,
.m3u8,1,0,1,0,,M3U,
.m4,2,2,0,0,m4; m4sugar,,
.ma,4,0,4,0,,mathematica; NB; wolfram; Wolfram Language,
.mac,3,2,1,0,macsyma; maxima,easytrieve,
.mak,2,2,0,0,make; Makefile,,
.make,1,0,1,0,,Makefile,
.makefile,2,0,2,0,,make; Makefile,
.mako,1,1,0,0,mako,,
.man,4,4,0,0,groff; nroff; roff; Roff Manpage,,
.mao,1,1,0,0,mako,,
.markdown,2,0,2,0,,gcc-machine-description; markdown,
.marko,1,1,0,0,marko,,
.mask,2,2,0,0,Mask; unity3d-asset,,
.mat,1,0,1,0,,unity3d-asset,
.mata,1,0,1,0,,stata,
.matah,1,0,1,0,,stata,
.mathematica,1,1,0,0,Wolfram Language,,
.matlab,1,1,0,0,matlab,,
.mawk,1,0,1,0,,awk,
.max,2,0,2,0,,macsyma; maxima,
.maxhelp,1,0,1,0,,max,
.maxpat,1,1,0,0,max,,
.maxproj,1,0,1,0,,max,
.mbox,1,0,1,0,,E-mail,
.mbt,1,1,0,0,MoonBit,,
.mc,3,2,1,0,Monkey C; Win32 Message File,m4,
.mcfunction,1,1,0,0,mcfunction,,
.mch,1,1,0,0,B (Formal Method),,
.mcmeta,1,0,1,0,,JSON,
.mcr,1,0,1,0,,maxscript,
.md,2,2,0,0,gcc-machine-description; markdown,,
.md2,1,0,1,0,,Checksums,
.md4,1,0,1,0,,Checksums,
.md5,1,0,1,0,,Checksums,
.mdoc,2,0,2,0,,roff; Roff Manpage,
.mdown,1,0,1,0,,markdown,
.mdpolicy,1,0,1,0,,xml,
.mdwn,1,0,1,0,,markdown,
.mdx,1,1,0,0,mdx,,
.me,1,0,1,0,,roff,
.mediawiki,1,1,0,0,Wikitext,,
.mermaid,1,0,1,0,,mermaid,
.meta,1,0,1,0,,unity3d-asset,
.metal,1,1,0,0,metal,,
.metta,1,1,0,0,MeTTa,,
.mg,1,0,1,0,,Modula-3,
.mhtml,3,0,3,0,,m4; Monkey C; Win32 Message File,
.mi,5,0,5,0,,JetBrains MPS; m4; maple; Monkey C; Win32 Message File,
.minid,1,1,0,0,minid,,
.mint,1,1,0,0,mint,,
.mips,1,1,0,0,mips,,
.mir,1,0,1,0,,YAML,
.mirah,1,0,1,0,,mirah,
.mjml,1,0,1,0,,xml,
.mjs,1,0,1,0,,javascript,
.mk,2,0,2,0,,make; Makefile,
.mkd,1,0,1,0,,markdown,
.mkdn,1,0,1,0,,markdown,
.mkdown,1,0,1,0,,markdown,
.mkfile,1,0,1,0,,Makefile,
.mkii,1,0,1,0,,tex,
.mkiv,1,0,1,0,,tex,
.mkvi,1,0,1,0,,tex,
.ml,2,2,0,0,ocaml; standard-ml,,
.ml4,1,0,1,0,,ocaml,
.mli,1,0,1,0,,ocaml,
.mligo,1,1,0,0,CameLIGO,,
.mlir,1,1,0,0,mlir,,
.mll,1,0,1,0,,ocaml,
.mly,1,0,1,0,,ocaml,
.mm,4,1,3,0,Objective-C++,JetBrains MPS; maple; xml,
.mmd,1,1,0,0,mermaid,,
.mmk,1,0,1,0,,module-management-system,
.mms,1,1,0,0,module-management-system,,
.mo,2,2,0,0,modelica; Motoko,,
.mod,5,3,2,0,linux-kernel-module; modula-2; NMODL,ampl; xml,
.mojo,2,1,1,0,mojo,xml,
.monkey,1,1,0,0,monkey,,
.monkey2,1,0,1,0,,monkey,
.moo,3,3,0,0,mercury; moo; Moocode,,
.moon,1,1,0,0,MoonScript,,
.move,1,1,0,0,move,,
.mpl,2,2,0,0,JetBrains MPS; maple,,
.mps,2,2,0,0,JetBrains MPS; Mathematical Programming System,,
.mq4,3,3,0,0,mql; MQL4; MQL5,,
.mq5,3,1,2,0,MQL5,mql; MQL4,
.mqh,3,0,3,0,,mql; MQL4; MQL5,
.mrc,1,1,0,0,mIRC Script,,
.ms,3,2,1,0,maxscript; Unix Assembly,roff,
.msc,1,1,0,0,mscgen,,
.msd,1,0,1,0,,JetBrains MPS,
.msg,2,2,0,0,OMNeT++ MSG; ROS Interface,,
.mspec,1,0,1,0,,ruby,
.mss,1,1,0,0,cartocss,,
.mt,2,1,1,0,monte,Wolfram Language,
.mtl,1,1,0,0,wavefront-material,,
.mtml,1,1,0,0,mtml,,
.mts,1,0,1,0,,typescript,
.mu,1,1,0,0,mupad,,
.mud,1,0,1,0,,zil,
.muf,1,1,0,0,muf,,
.mumps,1,1,0,0,M,,
.muse,1,1,0,0,Muse,,
.mustache,1,1,0,0,mustache,,
.mxml,2,1,1,0,mxml,xml,
.mxt,1,0,1,0,,max,
.mysql,1,0,1,0,,sql,
.myt,1,1,0,0,myghty,,
.mzn,1,1,0,0,minizinc,,
.n,3,2,1,0,ezhil; nemerle,roff,
.nanorc,1,1,0,0,nanorc,,
.nas,2,1,1,0,nasal,Assembly,
.nasl,1,1,0,0,NASL,,
.nasm,2,0,2,0,,Assembly; nasm,
.natvis,1,0,1,0,,xml,
.nawk,1,0,1,0,,awk,
.nb,5,4,1,0,mathematica; NB; wolfram; Wolfram Language,Text,
.nbp,4,0,4,0,,mathematica; NB; wolfram; Wolfram Language,
.nc,1,1,0,0,nesc,,
.ncl,5,2,3,0,ncl; Nickel,gerber-image; Text; xml,
.ndjson,3,0,3,0,,JSON; OASv2-json; OASv3-json,
.ndproj,1,0,1,0,,xml,
.ne,1,1,0,0,nearley,,
.nearley,1,0,1,0,,nearley,
.ned,1,1,0,0,OMNeT++ NED,,
.neon,1,1,0,0,NEON,,
.nf,1,1,0,0,nextflow,,
.nginx,1,1,0,0,Nginx,,
.nginxconf,1,0,1,0,,Nginx,
.ni,1,1,0,0,Inform 7,,
.nim,3,3,0,0,nim; Nim (programming language); nimrod,,
.nimble,1,0,1,0,,nim,
.nimrod,3,0,3,0,,nim; Nim (programming language); nimrod,
.nims,1,0,1,0,,nim,
.ninja,1,1,0,0,ninja,,
.nit,1,1,0,0,nit,,
.nix,2,2,0,0,nix; nixos,,
.njk,1,1,0,0,Nunjucks,,
.njs,1,0,1,0,,javascript,
.nl,2,2,0,0,newlisp; nl,,
.nlogo,1,1,0,0,netlogo,,
.no,1,0,1,0,,Text,
.nomad,1,0,1,0,,hcl,
.nproj,1,0,1,0,,xml,
.nqp,2,0,2,0,,raku; Raku (programming language),
.nr,2,1,1,0,Noir,roff,
.ns2,1,1,0,0,newspeak,,
.nse,1,0,1,0,,lua,
.nsh,1,0,1,0,,nsis,
.nsi,1,1,0,0,nsis,,
.nss,1,1,0,0,nwscript,,
.nt,1,1,0,0,nestedtext,,
.nu,2,2,0,0,nu; nushell,,
.numpy,1,1,0,0,numpy,,
.numpyw,1,0,1,0,,numpy,
.numsc,1,0,1,0,,numpy,
.nuspec,1,0,1,0,,xml,
.nut,1,1,0,0,squirrel,,
.ny,1,0,1,0,,common-lisp,
.ob2,1,1,0,0,oberon,,
.obj,1,1,0,0,wavefront-object,,
.objdump,1,1,0,0,objdump,,
.odd,1,0,1,0,,xml,
.odin,2,2,0,0,Object Data Instance Notation; odin,,
.ol,1,1,0,0,jolie,,
.omgrofl,1,1,0,0,omgrofl,,
.ooc,1,1,0,0,ooc,,
.opa,1,1,0,0,opa,,
.opal,1,1,0,0,opal,,
.opencl,1,0,1,0,,opencl,
.orc,1,1,0,0,csound,,
.org,1,1,0,0,Org,,
.os,1,0,1,0,,1c-enterprise,
.osm,1,0,1,0,,xml,
.outjob,1,1,0,0,Altium Designer,,
.overpassql,1,1,0,0,OverpassQL,,
.owl,1,1,0,0,Web Ontology Language,,
.ox,1,1,0,0,ox,,
.oxh,1,0,1,0,,ox,
.oxo,1,0,1,0,,ox,
.oxygene,1,1,0,0,oxygene,,
.oz,1,1,0,0,oz,,
.p,5,4,1,0,apex; objectscript; OpenEdge ABL; pawn,gnuplot,
.p4,1,1,0,0,p4,,
.p6,2,0,2,0,,raku; Raku (programming language),
.p6l,2,0,2,0,,raku; Raku (programming language),
.p6m,2,0,2,0,,raku; Raku (programming language),
.p8,1,0,1,0,,lua,
.pac,1,0,1,0,,javascript,
.pack,4,0,4,0,,cool; opencl; Proguard; qmake,
.pact,1,1,0,0,pact,,
.pan,1,1,0,0,pan,,
.parrot,1,1,0,0,Parrot,,
.pas,2,2,0,0,delphi; pascal,,
.pascal,1,0,1,0,,pascal,
.pasm,1,1,0,0,parrot-assembly,,
.pat,1,0,1,0,,max,
.patch,1,0,1,0,,diff,
.pb,1,1,0,0,purebasic,,
.pbi,1,0,1,0,,purebasic,
.pbt,2,1,1,0,powerbuilder,Protocol Buffer Text Format,
.pbtxt,1,0,1,0,,Protocol Buffer Text Format,
.pc,1,1,0,0,pkgconfig,,
.pcbdoc,1,0,1,0,,Altium Designer,
.pck,1,0,1,0,,PLSQL,
.pcmk,1,0,1,0,,crmsh,
.pcss,1,1,0,0,postcss,,
.pd,1,1,0,0,Pure Data,,
.pd_lua,1,0,1,0,,lua,
.pddl,1,1,0,0,PDDL,,
.pde,1,1,0,0,processing,,
.peg,1,1,0,0,peg,,
.peggy,1,0,1,0,,PEG.js,
.pegjs,1,1,0,0,PEG.js,,
.pem,3,0,3,0,,ags-script; asciidoc; Public Key,
.pep,1,1,0,0,pep8,,
.per,1,1,0,0,Genero per,,
.perl,1,0,1,0,,perl,
.pfa,1,0,1,0,,postscript,
.pgsql,1,1,0,0,plpgsql,,
.ph,5,0,5,0,,cool; opencl; perl; Proguard; qmake,
.php,2,2,0,0,hack; php,,
.php3,1,0,1,0,,php,
.php4,1,0,1,0,,php,
.php5,1,0,1,0,,php,
.phps,1,0,1,0,,php,
.phpt,1,0,1,0,,php,
.phtml,1,1,0,0,HTML+PHP,,
.pic,1,1,0,0,pic,,
.pidl,1,0,1,0,,omg-idl,
.pig,2,2,0,0,pig; PigLatin,,
.pike,1,1,0,0,pike,,
.pipfile,1,0,1,0,,toml,
.pir,1,1,0,0,parrot-internal-representation,,
.pkb,1,0,1,0,,PLSQL,
.pkgbuild,6,0,6,0,,bash; Gentoo Eclass; gentoo-ebuild; openrc-runscript; sh; Shell,
.pkgproj,1,0,1,0,,xml,
.pkl,2,2,0,0,Pickle; pkl,,
.pks,1,0,1,0,,PLSQL,
.pl,5,4,1,0,perl; prolog; raku; Raku (programming language),ECLiPSe,
.pl6,2,0,2,0,,raku; Raku (programming language),
.plantuml,1,0,1,0,,plantuml,
.plb,1,0,1,0,,PLSQL,
.plist,2,2,0,0,OpenStep Property List; XML Property List,,
.plot,1,1,0,0,gnuplot,,
.pls,1,1,0,0,PLSQL,,
.plsql,1,0,1,0,,PLSQL,
.plt,2,0,2,0,,gnuplot; prolog,
.pluginspec,2,0,2,0,,ruby; xml,
.plx,1,0,1,0,,perl,
.pm,5,0,5,0,,perl; promela; raku; Raku (programming language); x-pixmap,
.pm6,2,0,2,0,,raku; Raku (programming language),
.pml,2,2,0,0,promela; x-pixmap,,
.pmod,1,0,1,0,,pike,
.po,2,1,1,0,Gettext Catalog,po,
.pod,2,2,0,0,pod; Pod 6,,
.pod6,1,0,1,0,,Pod 6,
.podsl,1,0,1,0,,common-lisp,
.podspec,1,0,1,0,,ruby,
.pogo,1,1,0,0,pogoscript,,
.polar,1,1,0,0,Polar,,
.pony,2,2,0,0,pony; Pony (programming language),,
.por,1,1,0,0,Portugol,,
.portugol,2,0,2,0,,algol; Portugol,
.postcss,1,0,1,0,,postcss,
.pot,2,2,0,0,Gettext Catalog; po,,
.pov,4,4,0,0,bitbake; NASL; pov-ray-sdl; sourcepawn,,
.pp,2,1,1,0,puppet,pascal,
.pprx,1,0,1,0,,rexx,
.pr,2,0,2,0,,promela; x-pixmap,
.praat,2,2,0,0,papyrus; Praat,,
.prawn,1,0,1,0,,ruby,
.prc,2,0,2,0,,PLSQL; sql,
.prefab,1,0,1,0,,unity3d-asset,
.prefs,1,0,1,0,,ini,
.prg,3,3,0,0,clipper; foxpro; xbase,,
.pri,1,0,1,0,,qmake,
.prisma,1,1,0,0,Prisma,,
.prjpcb,1,0,1,0,,Altium Designer,
.prm,2,0,2,0,,promela; x-pixmap,
.pro,8,5,3,0,cool; idl; opencl; Proguard; qmake,ECLiPSe; ini; prolog,
.proc,2,0,2,0,,papyrus; Praat,
.procfile,1,1,0,0,procfile,,
.proj,1,0,1,0,,xml,
.prolog,2,0,2,0,,ECLiPSe; prolog,
.prom,2,0,2,0,,promela; x-pixmap,
.promela,2,0,2,0,,promela; x-pixmap,
.promql,1,1,0,0,promql,,
.properties,2,1,1,0,java-properties,ini,
.props,1,0,1,0,,xml,
.proto,2,2,0,0,protobuf; Protocol Buffer,,
.prql,1,1,0,0,prql,,
.prw,1,0,1,0,,xbase,
.ps,1,1,0,0,postscript,,
.ps1,1,1,0,0,powershell,,
.ps1xml,1,0,1,0,,xml,
.psc,2,1,1,0,papyrus,Praat,
.psc1,1,0,1,0,,xml,
.psd1,1,0,1,0,,powershell,
.psgi,1,0,1,0,,perl,
.psi,1,1,0,0,parasail,,
.psl,1,0,1,0,,parasail,
.psm1,1,0,1,0,,powershell,
.pt,1,0,1,0,,xml,
.ptls,1,1,0,0,pointless,,
.ptx,1,1,0,0,ptx,,
.pub,1,0,1,0,,Public Key,
.pubxml,1,0,1,0,,xml,
.pug,2,2,0,0,jade; pug,,
.puml,1,1,0,0,plantuml,,
.purs,1,1,0,0,purescript,,
.pwn,1,1,0,0,pawn,,
.pxd,2,0,2,0,,cython; pyrex,
.pxi,2,0,2,0,,cython; pyrex,
.py,6,6,0,0,bazel; py; Python; Python (programming language); sage; starlark,,
.py3,1,0,1,0,,Python,
.py3tb,1,0,1,0,,Python traceback,
.pyde,1,0,1,0,,Python,
.pyi,6,0,6,0,,bazel; py; Python; Python (programming language); sage; starlark,
.pyp,1,0,1,0,,Python,
.pyt,1,0,1,0,,Python,
.pytb,1,1,0,0,Python traceback,,
.pyw,6,0,6,0,,bazel; py; Python; Python (programming language); sage; starlark,
.pyx,2,2,0,0,cython; pyrex,,
.q,2,2,0,0,hiveql; q,,
.qasm,1,1,0,0,OpenQASM,,
.qbs,1,0,1,0,,QML,
.qc,1,1,0,0,quakec,,
.qhelp,1,0,1,0,,xml,
.ql,1,1,0,0,codeql,,
.qll,1,0,1,0,,codeql,
.qmd,1,1,0,0,rmarkdown,,
.qml,1,1,0,0,QML,,
.qs,2,2,0,0,q-sharp; Qt Script,,
.r,5,3,2,0,r; rebol; Rez,R (programming language); s,
.r2,1,0,1,0,,rebol,
.r3,1,0,1,0,,rebol,
.rabl,1,0,1,0,,ruby,
.rake,2,0,2,0,,mirah; ruby,
.rakefile,2,0,2,0,,mirah; ruby,
.raku,2,0,2,0,,raku; Raku (programming language),
.rakudoc,2,0,2,0,,raku; Raku (programming language),
.rakumod,2,0,2,0,,raku; Raku (programming language),
.rakutest,2,0,2,0,,raku; Raku (programming language),
.raml,1,1,0,0,RAML,,
.rascript,1,1,0,0,RAScript,,
.raw,1,1,0,0,Raw token data,,
.razor,1,0,1,0,,HTML+Razor,
.rb,2,2,0,0,mirah; ruby,,
.rbbas,1,1,0,0,realbasic,,
.rbfrm,1,0,1,0,,realbasic,
.rbi,1,0,1,0,,ruby,
.rbmnu,1,0,1,0,,realbasic,
.rbres,1,0,1,0,,realbasic,
.rbs,1,1,0,0,rbs,,
.rbtbar,1,0,1,0,,realbasic,
.rbuild,1,0,1,0,,ruby,
.rbuistate,1,0,1,0,,realbasic,
.rbw,2,0,2,0,,mirah; ruby,
.rbx,2,0,2,0,,mirah; ruby,
.rbxs,1,0,1,0,,lua,
.rchit,1,0,1,0,,glsl,
.rd,1,0,1,0,,r,
.rdf,1,0,1,0,,xml,
.rdoc,1,1,0,0,rdoc,,
.re,2,1,1,0,reason,C++,
.react,1,0,1,0,,jsx,
.reb,1,1,0,0,rebol,,
.rebol,1,0,1,0,,rebol,
.red,2,2,0,0,Red; Red (programming language),,
.reds,2,0,2,0,,Red; Red (programming language),
.reek,1,0,1,0,,YAML,
.reg,1,1,0,0,windows-registry-entries,,
.regex,1,0,1,0,,Regular Expression,
.regexp,1,1,0,0,Regular Expression,,
.rego,1,1,0,0,Open Policy Agent,,
.rei,1,0,1,0,,reason,
.religo,1,1,0,0,ReasonLIGO,,
.renviron,3,0,3,0,,r; R (programming language); s,
.res,2,1,1,0,rescript,xml,
.resi,1,0,1,0,,rescript,
.resource,1,0,1,0,,robotframework,
.rest,2,0,2,0,,rest; restructuredtext,
.resx,1,0,1,0,,xml,
.rex,2,0,2,0,,arexx; rexx,
.rexx,2,2,0,0,arexx; rexx,,
.rg,1,1,0,0,rouge,,
.rhistory,3,0,3,0,,r; R (programming language); s,
.rhtml,2,2,0,0,HTML+ERB; rhtml,,
.ring,1,1,0,0,ring,,
.riot,1,1,0,0,Riot,,
.rita,1,1,0,0,rita,,
.rkt,1,1,0,0,racket,,
.rktd,1,0,1,0,,racket,
.rktl,1,0,1,0,,racket,
.rl,1,1,0,0,ragel,,
.rmd,1,0,1,0,,rmarkdown,
.rmiss,1,0,1,0,,glsl,
.rnh,1,1,0,0,runoff,,
.rno,2,0,2,0,,roff; runoff,
.rnw,1,1,0,0,sweave,,
.robot,1,1,0,0,robotframework,,
.roc,1,1,0,0,roc,,
.rockspec,1,0,1,0,,lua,
.roff,1,1,0,0,roff,,
.ron,1,1,0,0,ron,,
.ronn,1,0,1,0,,markdown,
.rpgle,1,1,0,0,RPGLE,,
.rprofile,3,0,3,0,,r; R (programming language); s,
.rpy,2,1,1,0,Ren'Py,Python,
.rq,1,1,0,0,sparql,,
.rql,1,1,0,0,rql,,
.rs,4,3,1,0,renderscript; Rs; rust,xml,
.rsc,2,2,0,0,rascal; RouterOS Script,,
.rsh,1,0,1,0,,renderscript,
.rsl,1,1,0,0,rsl,,
.rss,1,0,1,0,,xml,
.rst,2,2,0,0,rest; restructuredtext,,
.rsx,1,0,1,0,,r,
.rtf,1,1,0,0,Rich Text Format,,
.ru,1,0,1,0,,ruby,
.ruby,1,0,1,0,,ruby,
.run,1,1,0,0,ampl,,
.rviz,1,0,1,0,,YAML,
.rvt,1,0,1,0,,tcl,
.rx,2,0,2,0,,arexx; rexx,
.s,8,6,2,0,ASM; gas; r; R (programming language); s; Unix Assembly,Assembly; Motorola 68K Assembly,
.sage,6,1,5,0,sage,bazel; py; Python; Python (programming language); starlark,
.sagews,1,0,1,0,,sage,
.sail,1,1,0,0,Sail,,
.sarif,1,0,1,0,,JSON,
.sarl,1,1,0,0,sarl,,
.sas,1,1,0,0,sas,,
.sass,1,1,0,0,sass,,
.sats,1,0,1,0,,ats,
.savi,1,1,0,0,savi,,
.sbatch,1,0,1,0,,Shell,
.sbt,1,0,1,0,,scala,
.sc,8,1,7,0,supercollider,bazel; py; Python; Python (programming language); sage; scala; starlark,
.scad,1,1,0,0,openscad,,
.scala,2,2,0,0,scala; Scala (programming language),,
.scaml,1,1,0,0,scaml,,
.scd,2,0,2,0,,markdown; supercollider,
.sce,1,0,1,0,,scilab,
.scenic,1,1,0,0,scenic,,
.sch,4,1,3,0,eagle,KiCad Schematic; scheme; xml,
.schdoc,1,0,1,0,,Altium Designer,
.sci,1,1,0,0,scilab,,
.scm,3,3,0,0,scheme; scm; Tree-sitter Query,,
.sco,1,1,0,0,Csound Score,,
.sconscript,6,0,6,0,,bazel; py; Python; Python (programming language); sage; starlark,
.sconstruct,6,0,6,0,,bazel; py; Python; Python (programming language); sage; starlark,
.scpt,1,0,1,0,,applescript,
.scrbl,1,0,1,0,,racket,
.scss,1,1,0,0,scss,,
.scxml,1,0,1,0,,xml,
.sdc,1,0,1,0,,tcl,
.sed,1,1,0,0,sed,,
.self,1,1,0,0,self,,
.service,1,0,1,0,,desktop,
.sexp,1,0,1,0,,common-lisp,
.sfd,1,1,0,0,spline-font-database,,
.sfproj,1,0,1,0,,xml,
.sfv,1,1,0,0,Simple File Verification,,
.sh,6,6,0,0,bash; Gentoo Eclass; gentoo-ebuild; openrc-runscript; sh; Shell,,
.sh-session,1,1,0,0,ShellSession,,
.sha1,1,0,1,0,,Checksums,
.sha2,1,0,1,0,,Checksums,
.sha224,1,0,1,0,,Checksums,
.sha256,1,0,1,0,,Checksums,
.sha256sum,1,0,1,0,,Checksums,
.sha3,1,0,1,0,,Checksums,
.sha384,1,0,1,0,,Checksums,
.sha512,1,0,1,0,,Checksums,
.shader,2,1,1,0,shaderlab,glsl,
.shen,1,1,0,0,shen,,
.shex,1,1,0,0,shex,,
.shproj,1,0,1,0,,xml,
.sieve,1,1,0,0,sieve,,
.sig,2,0,2,0,,SML; standard-ml,
.singularity,1,0,1,0,,Singularity,
.siv,1,1,0,0,sieve,,
.sj,1,0,1,0,,objective-j,
.sjs,1,0,1,0,,javascript,
.sl,1,1,0,0,slash,,
.sla,1,1,0,0,slash,,
.slang,1,1,0,0,slang,,
.sld,1,0,1,0,,scheme,
.slim,1,1,0,0,slim,,
.slint,1,1,0,0,Slint,,
.sln,1,1,0,0,Microsoft Visual Studio Solution,,
.slnx,1,0,1,0,,xml,
.sls,3,2,1,0,Salt; saltstack,scheme,
.slurm,1,0,1,0,,Shell,
.sma,1,0,1,0,,pawn,
.smali,1,1,0,0,smali,,
.smithy,1,1,0,0,smithy,,
.smk,1,1,0,0,snakemake,,
.sml,2,2,0,0,SML; standard-ml,,
.smt,1,0,1,0,,smt,
.smt2,1,1,0,0,smt,,
.snakefile,1,0,1,0,,snakemake,
.snap,1,1,0,0,Jest Snapshot,,
.snbt,1,1,0,0,snbt,,
.snip,1,1,0,0,Vim Snippet,,
.snippet,1,0,1,0,,Vim Snippet,
.snippets,1,0,1,0,,Vim Snippet,
.snobol,1,1,0,0,snobol,,
.sol,2,2,0,0,gerber-image; solidity,,
.soy,1,1,0,0,closure-templates,,
.sp,1,1,0,0,sourcepawn,,
.sparql,1,1,0,0,sparql,,
.spc,1,0,1,0,,PLSQL,
.spec,4,2,2,0,RPM Spec; spec,Python; ruby,
.spice,1,1,0,0,spice,,
.spin,1,1,0,0,Propeller Spin,,
.sps,1,0,1,0,,scheme,
.spt,2,0,2,0,,cheetah; Go Template,
.sqf,1,1,0,0,SQF,,
.sql,5,4,1,0,PLSQL; sql; sqlpl; TSQL,plpgsql,
.sqlrpgle,1,0,1,0,,RPGLE,
.sra,1,0,1,0,,powerbuilder,
.srdf,1,0,1,0,,xml,
.srt,2,2,0,0,srecode-template; subrip-text,,
.sru,1,0,1,0,,powerbuilder,
.srv,1,0,1,0,,ROS Interface,
.srw,1,0,1,0,,powerbuilder,
.ss,3,0,3,0,,scheme; scm; Tree-sitter Query,
.ssjs,1,0,1,0,,javascript,
.sss,1,1,0,0,sugarss,,
.st,3,3,0,0,smalltalk; squeak; StringTemplate,,
.stan,1,1,0,0,stan,,
.star,2,1,1,0,star,starlark,
.sthlp,1,0,1,0,,stata,
.stl,1,1,0,0,stl,,
.ston,1,1,0,0,ston,,
.story,1,0,1,0,,gherkin,
.storyboard,1,0,1,0,,xml,
.sttheme,1,0,1,0,,XML Property List,
.sty,1,0,1,0,,tex,
.styl,1,1,0,0,stylus,,
.sublime-menu,1,0,1,0,,JSON with Comments,
.surql,1,1,0,0,SurrealQL,,
.sv,1,1,0,0,systemverilog,,
.svelte,1,1,0,0,svelte,,
.svg,1,1,0,0,svg,,
.svh,1,0,1,0,,systemverilog,
.svx,2,2,0,0,mdsvex; Survex data,,
.sw,2,1,1,0,Sway,xml,
.swg,1,1,0,0,SWIG,,
.swift,2,2,0,0,swift; Swift (programming language),,
.swig,1,0,1,0,,SWIG,
.syntax,1,0,1,0,,YAML,
.t,5,2,3,0,terra; turing,perl; raku; Raku (programming language),
.tab,1,0,1,0,,sql,
.tac,6,0,6,0,,bazel; py; Python; Python (programming language); sage; starlark,
.tact,2,1,1,0,Tact,JSON,
.tag,1,0,1,0,,java-server-pages,
.tal,2,2,0,0,tal; Uxntal,,
.talon,1,1,0,0,Talon,,
.tap,1,1,0,0,tap,,
.targets,1,0,1,0,,xml,
.tasm,2,0,2,0,,Motorola 68K Assembly; tasm,
.tcc,1,0,1,0,,C++,
.tcl,1,1,0,0,tcl,,
.tcsh,1,1,0,0,tcsh,,
.te,1,1,0,0,SELinux Policy,,
.tea,2,2,0,0,tea; Tea (programming language),,
.teal,1,1,0,0,teal,,
.templ,1,1,0,0,templ,,
.tesc,1,0,1,0,,glsl,
.tese,1,0,1,0,,glsl,
.tex,2,2,0,0,latex; tex,,
.texi,1,0,1,0,,Texinfo,
.texinfo,1,1,0,0,Texinfo,,
.textgrid,1,1,0,0,TextGrid,,
.textile,1,1,0,0,textile,,
.textproto,1,1,0,0,Protocol Buffer Text Format,,
.tf,2,2,0,0,hcl; TF,,
.tfstate,1,0,1,0,,JSON,
.tftpl,1,1,0,0,Terraform Template,,
.tfvars,1,0,1,0,,hcl,
.thor,1,0,1,0,,ruby,
.thrift,1,1,0,0,thrift,,
.thy,1,1,0,0,isabelle,,
.ti,1,1,0,0,Ti!,,
.tl,2,2,0,0,teal; type-language,,
.tla,1,1,0,0,tla,,
.tlv,1,1,0,0,TL-Verilog,,
.tm,1,0,1,0,,tcl,
.tmac,1,0,1,0,,roff,
.tmcommand,1,0,1,0,,XML Property List,
.tmdl,1,1,0,0,TMDL,,
.tml,1,0,1,0,,xml,
.tmlanguage,1,0,1,0,,XML Property List,
.tmpl,2,2,0,0,cheetah; Go Template,,
.tmsnippet,1,0,1,0,,XML Property List,
.tmtheme,1,0,1,0,,XML Property List,
.tmux,1,0,1,0,,Shell,
.toc,3,1,2,0,world-of-warcraft-addon-data,latex; tex,
.todotxt,1,1,0,0,todotxt,,
.tofu,1,0,1,0,,hcl,
.toit,1,1,0,0,toit,,
.toml,1,1,0,0,toml,,
.tool,1,0,1,0,,Shell,
.topojson,1,0,1,0,,JSON,
.tpb,1,0,1,0,,PLSQL,
.tpl,2,1,1,0,smarty,Go Template,
.tpp,2,0,2,0,,C++; cpp,
.tps,1,0,1,0,,PLSQL,
.tres,1,0,1,0,,Godot Resource,
.trg,1,0,1,0,,PLSQL,
.trigger,2,0,2,0,,apex; Shell,
.ts,3,2,1,0,ts; typescript,xml,
.tscn,1,0,1,0,,Godot Resource,
.tsp,2,2,0,0,TSPLIB data; TypeSpec,,
.tst,2,0,2,0,,gap; scilab,
.tsv,1,1,0,0,TSV,,
.tsx,2,1,1,0,TSX,xml,
.ttl,1,1,0,0,turtle,,
.tu,1,0,1,0,,turing,
.twig,1,1,0,0,twig,,
.txi,1,0,1,0,,Texinfo,
.txl,1,1,0,0,txl,,
.txt,3,3,0,0,Adblock Filter List; Text; Vim Help File,,
.txx,1,0,1,0,,C++,
.typ,2,1,1,0,typst,xml,
.typoscript,1,1,0,0,typoscript,,
.u,1,1,0,0,urbiscript,,
.uc,1,1,0,0,unrealscript,,
.udf,1,0,1,0,,sql,
.udo,1,0,1,0,,csound,
.ui,1,0,1,0,,xml,
.unity,1,0,1,0,,unity3d-asset,
.uno,1,1,0,0,uno,,
.upc,1,1,0,0,unified-parallel-c,,
.uplc,1,1,0,0,Untyped Plutus Core,,
.ur,1,1,0,0,urweb,,
.urdf,1,0,1,0,,xml,
.url,1,0,1,0,,ini,
.urs,1,0,1,0,,urweb,
.usd,1,1,0,0,usd,,
.usda,1,0,1,0,,usd,
.ux,1,0,1,0,,xml,
.v,5,5,0,0,coq; Rocq Prover; v; V (programming language); verilog,,
.vagrantfile,2,0,2,0,,mirah; ruby,
.vala,2,2,0,0,vala; Vala (programming language),,
.vapi,2,0,2,0,,vala; Vala (programming language),
.vark,4,0,4,0,,genie; gosu; Gosu (programming language); groovy-server-pages,
.vb,7,7,0,0,B4X; freebasic; quickbasic; vba; Visual Basic .NET; Visual Basic 6.0; visual-basic,,
.vba,2,0,2,0,,vba; vim-script,
.vbhtml,1,0,1,0,,Visual Basic .NET,
.vbproj,1,0,1,0,,xml,
.vbs,1,1,0,0,vbscript,,
.vcf,2,1,1,0,vCard,TSV,
.vcl,1,1,0,0,vcl,,
.vcxproj,1,0,1,0,,xml,
.vdf,1,1,0,0,Valve Data Format,,
.veo,1,0,1,0,,verilog,
.vert,1,1,0,0,glsl,,
.vh,1,0,1,0,,systemverilog,
.vhd,1,0,1,0,,vhdl,
.vhdl,1,1,0,0,vhdl,,
.vhf,1,0,1,0,,vhdl,
.vhi,1,0,1,0,,vhdl,
.vho,1,0,1,0,,vhdl,
.vhost,2,0,2,0,,apacheconf; Nginx,
.vhs,1,0,1,0,,vhdl,
.vht,1,0,1,0,,vhdl,
.vhw,1,0,1,0,,vhdl,
.vim,2,2,0,0,vim; vim-script,,
.vimrc,2,0,2,0,,vim; vim-script,
.viw,1,0,1,0,,sql,
.vm,1,1,0,0,Velocity Template Language,,
.vmb,1,0,1,0,,vim-script,
.volt,1,1,0,0,volt,,
.vp,1,1,0,0,verifpal,,
.vrx,1,0,1,0,,glsl,
.vs,1,0,1,0,,glsl,
.vsh,1,0,1,0,,glsl,
.vshader,1,0,1,0,,glsl,
.vsixmanifest,1,0,1,0,,xml,
.vssettings,1,0,1,0,,xml,
.vstemplate,1,0,1,0,,xml,
.vtl,1,1,0,0,Velocity Template Language,,
.vto,1,1,0,0,Vento,,
.vtt,1,1,0,0,WebVTT,,
.vue,1,1,0,0,Vue,,
.vw,1,0,1,0,,PLSQL,
.vxml,1,0,1,0,,xml,
.vy,1,1,0,0,Vyper,,
.w,2,1,1,0,cweb,OpenEdge ABL,
.wast,2,1,1,0,WebAssembly,wast,
.wat,2,2,0,0,wast; WebAssembly,,
.watchr,1,0,1,0,,ruby,
.wdl,1,1,0,0,wdl,,
.webapp,1,0,1,0,,JSON,
.webidl,1,1,0,0,WebIDL,,
.webmanifest,1,0,1,0,,JSON,
.weechatlog,2,2,0,0,irc; irc-log,,
.wgsl,1,1,0,0,wgsl,,
.whiley,1,1,0,0,whiley,,
.wiki,1,0,1,0,,Wikitext,
.wikitext,1,0,1,0,,Wikitext,
.wisp,1,1,0,0,wisp,,
.wit,1,1,0,0,WebAssembly Interface Type,,
.wixproj,1,0,1,0,,xml,
.wl,1,0,1,0,,Wolfram Language,
.wlk,1,1,0,0,Wollok,,
.wls,1,0,1,0,,Wolfram Language,
.wlt,1,0,1,0,,Wolfram Language,
.wlua,1,0,1,0,,lua,
.workbook,1,0,1,0,,markdown,
.workflow,2,0,2,0,,hcl; xml,
.workspace,6,0,6,0,,bazel; py; Python; Python (programming language); sage; starlark,
.wren,1,1,0,0,wren,,
.ws,1,1,0,0,Witcher Script,,
.wsdl,1,0,1,0,,xml,
.wsf,1,0,1,0,,xml,
.wsgi,1,0,1,0,,Python,
.wxi,1,0,1,0,,xml,
.wxl,1,0,1,0,,xml,
.wxs,1,0,1,0,,xml,
.x,4,3,1,0,DirectX 3D File; logos; RPC,linker-script,
.x10,1,1,0,0,x10,,
.x3d,1,0,1,0,,xml,
.x68,1,0,1,0,,Motorola 68K Assembly,
.xacro,1,0,1,0,,xml,
.xaml,1,0,1,0,,xml,
.xbm,1,1,0,0,x-bitmap,,
.xc,1,1,0,0,xc,,
.xdc,1,0,1,0,,tcl,
.xht,1,0,1,0,,html,
.xhtml,2,0,2,0,,Ecmarkup; html,
.xi,1,0,1,0,,logos,
.xib,1,0,1,0,,xml,
.xlf,1,0,1,0,,xml,
.xliff,1,0,1,0,,xml,
.xm,1,1,0,0,logos,,
.xmi,2,0,2,0,,logos; xml,
.xml,1,1,0,0,xml,,
.xmp,1,0,1,0,,xml,
.xojo_code,1,1,0,0,xojo,,
.xojo_menu,1,0,1,0,,xojo,
.xojo_report,1,0,1,0,,xojo,
.xojo_script,1,0,1,0,,xojo,
.xojo_toolbar,1,0,1,0,,xojo,
.xojo_window,1,0,1,0,,xojo,
.xpl,2,1,1,0,xproc,xslt,
.xpm,1,1,0,0,x-pixmap,,
.xpp,1,1,0,0,X++,,
.xproc,1,0,1,0,,xproc,
.xproj,1,0,1,0,,xml,
.xpy,1,0,1,0,,Python,
.xq,2,0,2,0,,xql; xquery,
.xql,2,0,2,0,,xql; xquery,
.xqm,2,0,2,0,,xql; xquery,
.xquery,2,1,1,0,xquery,xql,
.xqy,2,2,0,0,xql; xquery,,
.xrl,1,0,1,0,,erlang,
.xs,1,1,0,0,xs,,
.xsd,1,0,1,0,,xml,
.xsh,1,1,0,0,Xonsh,,
.xsjs,1,0,1,0,,javascript,
.xsjslib,1,0,1,0,,javascript,
.xsl,3,2,1,0,xproc; xslt,xml,
.xslt,5,1,4,0,xslt,Ecmarkup; html; xml; xproc,
.xsp-config,1,1,0,0,xpages,,
.xspec,1,0,1,0,,xml,
.xtend,1,1,0,0,xtend,,
.xtm,1,1,0,0,extempore,,
.xul,1,0,1,0,,xml,
.xzap,1,0,1,0,,ZAP,
.y,1,1,0,0,yacc,,
.yacc,1,0,1,0,,yacc,
.yaml,4,4,0,0,MiniYAML; OASv2-yaml; OASv3-yaml; YAML,,
.yang,1,1,0,0,yang,,
.yap,1,0,1,0,,prolog,
.yar,1,1,0,0,yara,,
.yara,1,0,1,0,,yara,
.yasnippet,1,1,0,0,yasnippet,,
.yml,4,1,3,0,YAML,MiniYAML; OASv2-yaml; OASv3-yaml,
.yrl,1,0,1,0,,erlang,
.yul,1,1,0,0,yul,,
.yy,2,0,2,0,,JSON; yacc,
.yyp,1,0,1,0,,JSON,
.z3,1,0,1,0,,smt,
.zap,1,1,0,0,ZAP,,
.zcml,1,0,1,0,,xml,
.zeek,2,2,0,0,bro; zeek,,
.zep,1,1,0,0,zephir,,
.zig,2,2,0,0,zig; Zig (programming language),,
.zil,1,1,0,0,zil,,
.zimpl,1,1,0,0,zimpl,,
.zmodel,1,1,0,0,Zmodel,,
.zmpl,1,0,1,0,,zimpl,
.zone,2,2,0,0,DNS Zone; zone,,
.zpl,1,0,1,0,,zimpl,
.zs,1,1,0,0,zenscript,,
.zsh,6,0,6,0,,bash; Gentoo Eclass; gentoo-ebuild; openrc-runscript; sh; Shell,
.zsh-theme,1,0,1,0,,Shell,
.zshrc,6,0,6,0,,bash; Gentoo Eclass; gentoo-ebuild; openrc-runscript; sh; Shell,
