heuristic_id,applies_to_ext,priority,predicts_language,predicts_pl_id,pattern_kind,predicates_json,source
h/linguist/.1/0,.1,0,Roff Manpage,pl/roff-manpage,predicates,"[{""kind"": ""any"", ""regexes"": [""^[.'][ \\t]*Dd +(?:[^\""\\s]+|\""[^\""]+\"")""]}, {""kind"": ""any"", ""regexes"": [""^[.'][ \\t]*Dt +(?:[^\""\\s]+|\""[^\""]+\"") +\""?(?:[1-9]|@[^\\s@]+@)""]}, {""kind"": ""any"", ""regexes"": [""^[.'][ \\t]*Sh +(?:[^\""\\s]|\""[^\""]+\"")""]}]",linguist/heuristics.yml
h/linguist/.1/1,.1,1,Roff Manpage,pl/roff-manpage,predicates,"[{""kind"": ""any"", ""regexes"": [""^[.'][ \\t]*TH +(?:[^\""\\s]+|\""[^\""]+\"") +\""?(?:[1-9]|@[^\\s@]+@)""]}, {""kind"": ""any"", ""regexes"": [""^[.'][ \\t]*SH +(?:[^\""\\s]+|\""[^\""\\s]+)""]}]",linguist/heuristics.yml
h/linguist/.1/2,.1,2,Roff,pl/roff,predicates,"[{""kind"": ""any"", ""regexes"": [""^\\.(?:[A-Za-z]{2}(?:\\s|$)|\\\\\"")""]}]",linguist/heuristics.yml
h/linguist/.1/3,.1,3,Text,pl/text,default,[],linguist/heuristics.yml
h/linguist/.2/0,.2,0,Roff Manpage,pl/roff-manpage,predicates,"[{""kind"": ""any"", ""regexes"": [""^[.'][ \\t]*Dd +(?:[^\""\\s]+|\""[^\""]+\"")""]}, {""kind"": ""any"", ""regexes"": [""^[.'][ \\t]*Dt +(?:[^\""\\s]+|\""[^\""]+\"") +\""?(?:[1-9]|@[^\\s@]+@)""]}, {""kind"": ""any"", ""regexes"": [""^[.'][ \\t]*Sh +(?:[^\""\\s]|\""[^\""]+\"")""]}]",linguist/heuristics.yml
h/linguist/.2/1,.2,1,Roff Manpage,pl/roff-manpage,predicates,"[{""kind"": ""any"", ""regexes"": [""^[.'][ \\t]*TH +(?:[^\""\\s]+|\""[^\""]+\"") +\""?(?:[1-9]|@[^\\s@]+@)""]}, {""kind"": ""any"", ""regexes"": [""^[.'][ \\t]*SH +(?:[^\""\\s]+|\""[^\""\\s]+)""]}]",linguist/heuristics.yml
h/linguist/.2/2,.2,2,Roff,pl/roff,predicates,"[{""kind"": ""any"", ""regexes"": [""^\\.(?:[A-Za-z]{2}(?:\\s|$)|\\\\\"")""]}]",linguist/heuristics.yml
h/linguist/.2/3,.2,3,Text,pl/text,default,[],linguist/heuristics.yml
h/linguist/.3/0,.3,0,Roff Manpage,pl/roff-manpage,predicates,"[{""kind"": ""any"", ""regexes"": [""^[.'][ \\t]*Dd +(?:[^\""\\s]+|\""[^\""]+\"")""]}, {""kind"": ""any"", ""regexes"": [""^[.'][ \\t]*Dt +(?:[^\""\\s]+|\""[^\""]+\"") +\""?(?:[1-9]|@[^\\s@]+@)""]}, {""kind"": ""any"", ""regexes"": [""^[.'][ \\t]*Sh +(?:[^\""\\s]|\""[^\""]+\"")""]}]",linguist/heuristics.yml
h/linguist/.3/1,.3,1,Roff Manpage,pl/roff-manpage,predicates,"[{""kind"": ""any"", ""regexes"": [""^[.'][ \\t]*TH +(?:[^\""\\s]+|\""[^\""]+\"") +\""?(?:[1-9]|@[^\\s@]+@)""]}, {""kind"": ""any"", ""regexes"": [""^[.'][ \\t]*SH +(?:[^\""\\s]+|\""[^\""\\s]+)""]}]",linguist/heuristics.yml
h/linguist/.3/2,.3,2,Roff,pl/roff,predicates,"[{""kind"": ""any"", ""regexes"": [""^\\.(?:[A-Za-z]{2}(?:\\s|$)|\\\\\"")""]}]",linguist/heuristics.yml
h/linguist/.3/3,.3,3,Text,pl/text,default,[],linguist/heuristics.yml
h/linguist/.4/0,.4,0,Roff Manpage,pl/roff-manpage,predicates,"[{""kind"": ""any"", ""regexes"": [""^[.'][ \\t]*Dd +(?:[^\""\\s]+|\""[^\""]+\"")""]}, {""kind"": ""any"", ""regexes"": [""^[.'][ \\t]*Dt +(?:[^\""\\s]+|\""[^\""]+\"") +\""?(?:[1-9]|@[^\\s@]+@)""]}, {""kind"": ""any"", ""regexes"": [""^[.'][ \\t]*Sh +(?:[^\""\\s]|\""[^\""]+\"")""]}]",linguist/heuristics.yml
h/linguist/.4/1,.4,1,Roff Manpage,pl/roff-manpage,predicates,"[{""kind"": ""any"", ""regexes"": [""^[.'][ \\t]*TH +(?:[^\""\\s]+|\""[^\""]+\"") +\""?(?:[1-9]|@[^\\s@]+@)""]}, {""kind"": ""any"", ""regexes"": [""^[.'][ \\t]*SH +(?:[^\""\\s]+|\""[^\""\\s]+)""]}]",linguist/heuristics.yml
h/linguist/.4/2,.4,2,Roff,pl/roff,predicates,"[{""kind"": ""any"", ""regexes"": [""^\\.(?:[A-Za-z]{2}(?:\\s|$)|\\\\\"")""]}]",linguist/heuristics.yml
h/linguist/.4/3,.4,3,Text,pl/text,default,[],linguist/heuristics.yml
h/linguist/.5/0,.5,0,Roff Manpage,pl/roff-manpage,predicates,"[{""kind"": ""any"", ""regexes"": [""^[.'][ \\t]*Dd +(?:[^\""\\s]+|\""[^\""]+\"")""]}, {""kind"": ""any"", ""regexes"": [""^[.'][ \\t]*Dt +(?:[^\""\\s]+|\""[^\""]+\"") +\""?(?:[1-9]|@[^\\s@]+@)""]}, {""kind"": ""any"", ""regexes"": [""^[.'][ \\t]*Sh +(?:[^\""\\s]|\""[^\""]+\"")""]}]",linguist/heuristics.yml
h/linguist/.5/1,.5,1,Roff Manpage,pl/roff-manpage,predicates,"[{""kind"": ""any"", ""regexes"": [""^[.'][ \\t]*TH +(?:[^\""\\s]+|\""[^\""]+\"") +\""?(?:[1-9]|@[^\\s@]+@)""]}, {""kind"": ""any"", ""regexes"": [""^[.'][ \\t]*SH +(?:[^\""\\s]+|\""[^\""\\s]+)""]}]",linguist/heuristics.yml
h/linguist/.5/2,.5,2,Roff,pl/roff,predicates,"[{""kind"": ""any"", ""regexes"": [""^\\.(?:[A-Za-z]{2}(?:\\s|$)|\\\\\"")""]}]",linguist/heuristics.yml
h/linguist/.5/3,.5,3,Text,pl/text,default,[],linguist/heuristics.yml
h/linguist/.6/0,.6,0,Roff Manpage,pl/roff-manpage,predicates,"[{""kind"": ""any"", ""regexes"": [""^[.'][ \\t]*Dd +(?:[^\""\\s]+|\""[^\""]+\"")""]}, {""kind"": ""any"", ""regexes"": [""^[.'][ \\t]*Dt +(?:[^\""\\s]+|\""[^\""]+\"") +\""?(?:[1-9]|@[^\\s@]+@)""]}, {""kind"": ""any"", ""regexes"": [""^[.'][ \\t]*Sh +(?:[^\""\\s]|\""[^\""]+\"")""]}]",linguist/heuristics.yml
h/linguist/.6/1,.6,1,Roff Manpage,pl/roff-manpage,predicates,"[{""kind"": ""any"", ""regexes"": [""^[.'][ \\t]*TH +(?:[^\""\\s]+|\""[^\""]+\"") +\""?(?:[1-9]|@[^\\s@]+@)""]}, {""kind"": ""any"", ""regexes"": [""^[.'][ \\t]*SH +(?:[^\""\\s]+|\""[^\""\\s]+)""]}]",linguist/heuristics.yml
h/linguist/.6/2,.6,2,Roff,pl/roff,predicates,"[{""kind"": ""any"", ""regexes"": [""^\\.(?:[A-Za-z]{2}(?:\\s|$)|\\\\\"")""]}]",linguist/heuristics.yml
h/linguist/.6/3,.6,3,Text,pl/text,default,[],linguist/heuristics.yml
h/linguist/.7/0,.7,0,Roff Manpage,pl/roff-manpage,predicates,"[{""kind"": ""any"", ""regexes"": [""^[.'][ \\t]*Dd +(?:[^\""\\s]+|\""[^\""]+\"")""]}, {""kind"": ""any"", ""regexes"": [""^[.'][ \\t]*Dt +(?:[^\""\\s]+|\""[^\""]+\"") +\""?(?:[1-9]|@[^\\s@]+@)""]}, {""kind"": ""any"", ""regexes"": [""^[.'][ \\t]*Sh +(?:[^\""\\s]|\""[^\""]+\"")""]}]",linguist/heuristics.yml
h/linguist/.7/1,.7,1,Roff Manpage,pl/roff-manpage,predicates,"[{""kind"": ""any"", ""regexes"": [""^[.'][ \\t]*TH +(?:[^\""\\s]+|\""[^\""]+\"") +\""?(?:[1-9]|@[^\\s@]+@)""]}, {""kind"": ""any"", ""regexes"": [""^[.'][ \\t]*SH +(?:[^\""\\s]+|\""[^\""\\s]+)""]}]",linguist/heuristics.yml
h/linguist/.7/2,.7,2,Roff,pl/roff,predicates,"[{""kind"": ""any"", ""regexes"": [""^\\.(?:[A-Za-z]{2}(?:\\s|$)|\\\\\"")""]}]",linguist/heuristics.yml
h/linguist/.7/3,.7,3,Text,pl/text,default,[],linguist/heuristics.yml
h/linguist/.8/0,.8,0,Roff Manpage,pl/roff-manpage,predicates,"[{""kind"": ""any"", ""regexes"": [""^[.'][ \\t]*Dd +(?:[^\""\\s]+|\""[^\""]+\"")""]}, {""kind"": ""any"", ""regexes"": [""^[.'][ \\t]*Dt +(?:[^\""\\s]+|\""[^\""]+\"") +\""?(?:[1-9]|@[^\\s@]+@)""]}, {""kind"": ""any"", ""regexes"": [""^[.'][ \\t]*Sh +(?:[^\""\\s]|\""[^\""]+\"")""]}]",linguist/heuristics.yml
h/linguist/.8/1,.8,1,Roff Manpage,pl/roff-manpage,predicates,"[{""kind"": ""any"", ""regexes"": [""^[.'][ \\t]*TH +(?:[^\""\\s]+|\""[^\""]+\"") +\""?(?:[1-9]|@[^\\s@]+@)""]}, {""kind"": ""any"", ""regexes"": [""^[.'][ \\t]*SH +(?:[^\""\\s]+|\""[^\""\\s]+)""]}]",linguist/heuristics.yml
h/linguist/.8/2,.8,2,Roff,pl/roff,predicates,"[{""kind"": ""any"", ""regexes"": [""^\\.(?:[A-Za-z]{2}(?:\\s|$)|\\\\\"")""]}]",linguist/heuristics.yml
h/linguist/.8/3,.8,3,Text,pl/text,default,[],linguist/heuristics.yml
h/linguist/.9/0,.9,0,Roff Manpage,pl/roff-manpage,predicates,"[{""kind"": ""any"", ""regexes"": [""^[.'][ \\t]*Dd +(?:[^\""\\s]+|\""[^\""]+\"")""]}, {""kind"": ""any"", ""regexes"": [""^[.'][ \\t]*Dt +(?:[^\""\\s]+|\""[^\""]+\"") +\""?(?:[1-9]|@[^\\s@]+@)""]}, {""kind"": ""any"", ""regexes"": [""^[.'][ \\t]*Sh +(?:[^\""\\s]|\""[^\""]+\"")""]}]",linguist/heuristics.yml
h/linguist/.9/1,.9,1,Roff Manpage,pl/roff-manpage,predicates,"[{""kind"": ""any"", ""regexes"": [""^[.'][ \\t]*TH +(?:[^\""\\s]+|\""[^\""]+\"") +\""?(?:[1-9]|@[^\\s@]+@)""]}, {""kind"": ""any"", ""regexes"": [""^[.'][ \\t]*SH +(?:[^\""\\s]+|\""[^\""\\s]+)""]}]",linguist/heuristics.yml
h/linguist/.9/2,.9,2,Roff,pl/roff,predicates,"[{""kind"": ""any"", ""regexes"": [""^\\.(?:[A-Za-z]{2}(?:\\s|$)|\\\\\"")""]}]",linguist/heuristics.yml
h/linguist/.9/3,.9,3,Text,pl/text,default,[],linguist/heuristics.yml
h/linguist/.1in/0,.1in,0,Roff Manpage,pl/roff-manpage,predicates,"[{""kind"": ""any"", ""regexes"": [""^[.'][ \\t]*Dd +(?:[^\""\\s]+|\""[^\""]+\"")""]}, {""kind"": ""any"", ""regexes"": [""^[.'][ \\t]*Dt +(?:[^\""\\s]+|\""[^\""]+\"") +\""?(?:[1-9]|@[^\\s@]+@)""]}, {""kind"": ""any"", ""regexes"": [""^[.'][ \\t]*Sh +(?:[^\""\\s]|\""[^\""]+\"")""]}]",linguist/heuristics.yml
h/linguist/.1in/1,.1in,1,Roff Manpage,pl/roff-manpage,predicates,"[{""kind"": ""any"", ""regexes"": [""^[.'][ \\t]*TH +(?:[^\""\\s]+|\""[^\""]+\"") +\""?(?:[1-9]|@[^\\s@]+@)""]}, {""kind"": ""any"", ""regexes"": [""^[.'][ \\t]*SH +(?:[^\""\\s]+|\""[^\""\\s]+)""]}]",linguist/heuristics.yml
h/linguist/.1in/2,.1in,2,Roff,pl/roff,default,[],linguist/heuristics.yml
h/linguist/.1m/0,.1m,0,Roff Manpage,pl/roff-manpage,predicates,"[{""kind"": ""any"", ""regexes"": [""^[.'][ \\t]*Dd +(?:[^\""\\s]+|\""[^\""]+\"")""]}, {""kind"": ""any"", ""regexes"": [""^[.'][ \\t]*Dt +(?:[^\""\\s]+|\""[^\""]+\"") +\""?(?:[1-9]|@[^\\s@]+@)""]}, {""kind"": ""any"", ""regexes"": [""^[.'][ \\t]*Sh +(?:[^\""\\s]|\""[^\""]+\"")""]}]",linguist/heuristics.yml
h/linguist/.1m/1,.1m,1,Roff Manpage,pl/roff-manpage,predicates,"[{""kind"": ""any"", ""regexes"": [""^[.'][ \\t]*TH +(?:[^\""\\s]+|\""[^\""]+\"") +\""?(?:[1-9]|@[^\\s@]+@)""]}, {""kind"": ""any"", ""regexes"": [""^[.'][ \\t]*SH +(?:[^\""\\s]+|\""[^\""\\s]+)""]}]",linguist/heuristics.yml
h/linguist/.1m/2,.1m,2,Roff,pl/roff,default,[],linguist/heuristics.yml
h/linguist/.1x/0,.1x,0,Roff Manpage,pl/roff-manpage,predicates,"[{""kind"": ""any"", ""regexes"": [""^[.'][ \\t]*Dd +(?:[^\""\\s]+|\""[^\""]+\"")""]}, {""kind"": ""any"", ""regexes"": [""^[.'][ \\t]*Dt +(?:[^\""\\s]+|\""[^\""]+\"") +\""?(?:[1-9]|@[^\\s@]+@)""]}, {""kind"": ""any"", ""regexes"": [""^[.'][ \\t]*Sh +(?:[^\""\\s]|\""[^\""]+\"")""]}]",linguist/heuristics.yml
h/linguist/.1x/1,.1x,1,Roff Manpage,pl/roff-manpage,predicates,"[{""kind"": ""any"", ""regexes"": [""^[.'][ \\t]*TH +(?:[^\""\\s]+|\""[^\""]+\"") +\""?(?:[1-9]|@[^\\s@]+@)""]}, {""kind"": ""any"", ""regexes"": [""^[.'][ \\t]*SH +(?:[^\""\\s]+|\""[^\""\\s]+)""]}]",linguist/heuristics.yml
h/linguist/.1x/2,.1x,2,Roff,pl/roff,default,[],linguist/heuristics.yml
h/linguist/.3in/0,.3in,0,Roff Manpage,pl/roff-manpage,predicates,"[{""kind"": ""any"", ""regexes"": [""^[.'][ \\t]*Dd +(?:[^\""\\s]+|\""[^\""]+\"")""]}, {""kind"": ""any"", ""regexes"": [""^[.'][ \\t]*Dt +(?:[^\""\\s]+|\""[^\""]+\"") +\""?(?:[1-9]|@[^\\s@]+@)""]}, {""kind"": ""any"", ""regexes"": [""^[.'][ \\t]*Sh +(?:[^\""\\s]|\""[^\""]+\"")""]}]",linguist/heuristics.yml
h/linguist/.3in/1,.3in,1,Roff Manpage,pl/roff-manpage,predicates,"[{""kind"": ""any"", ""regexes"": [""^[.'][ \\t]*TH +(?:[^\""\\s]+|\""[^\""]+\"") +\""?(?:[1-9]|@[^\\s@]+@)""]}, {""kind"": ""any"", ""regexes"": [""^[.'][ \\t]*SH +(?:[^\""\\s]+|\""[^\""\\s]+)""]}]",linguist/heuristics.yml
h/linguist/.3in/2,.3in,2,Roff,pl/roff,default,[],linguist/heuristics.yml
h/linguist/.3m/0,.3m,0,Roff Manpage,pl/roff-manpage,predicates,"[{""kind"": ""any"", ""regexes"": [""^[.'][ \\t]*Dd +(?:[^\""\\s]+|\""[^\""]+\"")""]}, {""kind"": ""any"", ""regexes"": [""^[.'][ \\t]*Dt +(?:[^\""\\s]+|\""[^\""]+\"") +\""?(?:[1-9]|@[^\\s@]+@)""]}, {""kind"": ""any"", ""regexes"": [""^[.'][ \\t]*Sh +(?:[^\""\\s]|\""[^\""]+\"")""]}]",linguist/heuristics.yml
h/linguist/.3m/1,.3m,1,Roff Manpage,pl/roff-manpage,predicates,"[{""kind"": ""any"", ""regexes"": [""^[.'][ \\t]*TH +(?:[^\""\\s]+|\""[^\""]+\"") +\""?(?:[1-9]|@[^\\s@]+@)""]}, {""kind"": ""any"", ""regexes"": [""^[.'][ \\t]*SH +(?:[^\""\\s]+|\""[^\""\\s]+)""]}]",linguist/heuristics.yml
h/linguist/.3m/2,.3m,2,Roff,pl/roff,default,[],linguist/heuristics.yml
h/linguist/.3p/0,.3p,0,Roff Manpage,pl/roff-manpage,predicates,"[{""kind"": ""any"", ""regexes"": [""^[.'][ \\t]*Dd +(?:[^\""\\s]+|\""[^\""]+\"")""]}, {""kind"": ""any"", ""regexes"": [""^[.'][ \\t]*Dt +(?:[^\""\\s]+|\""[^\""]+\"") +\""?(?:[1-9]|@[^\\s@]+@)""]}, {""kind"": ""any"", ""regexes"": [""^[.'][ \\t]*Sh +(?:[^\""\\s]|\""[^\""]+\"")""]}]",linguist/heuristics.yml
h/linguist/.3p/1,.3p,1,Roff Manpage,pl/roff-manpage,predicates,"[{""kind"": ""any"", ""regexes"": [""^[.'][ \\t]*TH +(?:[^\""\\s]+|\""[^\""]+\"") +\""?(?:[1-9]|@[^\\s@]+@)""]}, {""kind"": ""any"", ""regexes"": [""^[.'][ \\t]*SH +(?:[^\""\\s]+|\""[^\""\\s]+)""]}]",linguist/heuristics.yml
h/linguist/.3p/2,.3p,2,Roff,pl/roff,default,[],linguist/heuristics.yml
h/linguist/.3pm/0,.3pm,0,Roff Manpage,pl/roff-manpage,predicates,"[{""kind"": ""any"", ""regexes"": [""^[.'][ \\t]*Dd +(?:[^\""\\s]+|\""[^\""]+\"")""]}, {""kind"": ""any"", ""regexes"": [""^[.'][ \\t]*Dt +(?:[^\""\\s]+|\""[^\""]+\"") +\""?(?:[1-9]|@[^\\s@]+@)""]}, {""kind"": ""any"", ""regexes"": [""^[.'][ \\t]*Sh +(?:[^\""\\s]|\""[^\""]+\"")""]}]",linguist/heuristics.yml
h/linguist/.3pm/1,.3pm,1,Roff Manpage,pl/roff-manpage,predicates,"[{""kind"": ""any"", ""regexes"": [""^[.'][ \\t]*TH +(?:[^\""\\s]+|\""[^\""]+\"") +\""?(?:[1-9]|@[^\\s@]+@)""]}, {""kind"": ""any"", ""regexes"": [""^[.'][ \\t]*SH +(?:[^\""\\s]+|\""[^\""\\s]+)""]}]",linguist/heuristics.yml
h/linguist/.3pm/2,.3pm,2,Roff,pl/roff,default,[],linguist/heuristics.yml
h/linguist/.3qt/0,.3qt,0,Roff Manpage,pl/roff-manpage,predicates,"[{""kind"": ""any"", ""regexes"": [""^[.'][ \\t]*Dd +(?:[^\""\\s]+|\""[^\""]+\"")""]}, {""kind"": ""any"", ""regexes"": [""^[.'][ \\t]*Dt +(?:[^\""\\s]+|\""[^\""]+\"") +\""?(?:[1-9]|@[^\\s@]+@)""]}, {""kind"": ""any"", ""regexes"": [""^[.'][ \\t]*Sh +(?:[^\""\\s]|\""[^\""]+\"")""]}]",linguist/heuristics.yml
h/linguist/.3qt/1,.3qt,1,Roff Manpage,pl/roff-manpage,predicates,"[{""kind"": ""any"", ""regexes"": [""^[.'][ \\t]*TH +(?:[^\""\\s]+|\""[^\""]+\"") +\""?(?:[1-9]|@[^\\s@]+@)""]}, {""kind"": ""any"", ""regexes"": [""^[.'][ \\t]*SH +(?:[^\""\\s]+|\""[^\""\\s]+)""]}]",linguist/heuristics.yml
h/linguist/.3qt/2,.3qt,2,Roff,pl/roff,default,[],linguist/heuristics.yml
h/linguist/.3x/0,.3x,0,Roff Manpage,pl/roff-manpage,predicates,"[{""kind"": ""any"", ""regexes"": [""^[.'][ \\t]*Dd +(?:[^\""\\s]+|\""[^\""]+\"")""]}, {""kind"": ""any"", ""regexes"": [""^[.'][ \\t]*Dt +(?:[^\""\\s]+|\""[^\""]+\"") +\""?(?:[1-9]|@[^\\s@]+@)""]}, {""kind"": ""any"", ""regexes"": [""^[.'][ \\t]*Sh +(?:[^\""\\s]|\""[^\""]+\"")""]}]",linguist/heuristics.yml
h/linguist/.3x/1,.3x,1,Roff Manpage,pl/roff-manpage,predicates,"[{""kind"": ""any"", ""regexes"": [""^[.'][ \\t]*TH +(?:[^\""\\s]+|\""[^\""]+\"") +\""?(?:[1-9]|@[^\\s@]+@)""]}, {""kind"": ""any"", ""regexes"": [""^[.'][ \\t]*SH +(?:[^\""\\s]+|\""[^\""\\s]+)""]}]",linguist/heuristics.yml
h/linguist/.3x/2,.3x,2,Roff,pl/roff,default,[],linguist/heuristics.yml
h/linguist/.man/0,.man,0,Roff Manpage,pl/roff-manpage,predicates,"[{""kind"": ""any"", ""regexes"": [""^[.'][ \\t]*Dd +(?:[^\""\\s]+|\""[^\""]+\"")""]}, {""kind"": ""any"", ""regexes"": [""^[.'][ \\t]*Dt +(?:[^\""\\s]+|\""[^\""]+\"") +\""?(?:[1-9]|@[^\\s@]+@)""]}, {""kind"": ""any"", ""regexes"": [""^[.'][ \\t]*Sh +(?:[^\""\\s]|\""[^\""]+\"")""]}]",linguist/heuristics.yml
h/linguist/.man/1,.man,1,Roff Manpage,pl/roff-manpage,predicates,"[{""kind"": ""any"", ""regexes"": [""^[.'][ \\t]*TH +(?:[^\""\\s]+|\""[^\""]+\"") +\""?(?:[1-9]|@[^\\s@]+@)""]}, {""kind"": ""any"", ""regexes"": [""^[.'][ \\t]*SH +(?:[^\""\\s]+|\""[^\""\\s]+)""]}]",linguist/heuristics.yml
h/linguist/.man/2,.man,2,Roff,pl/roff,default,[],linguist/heuristics.yml
h/linguist/.mdoc/0,.mdoc,0,Roff Manpage,pl/roff-manpage,predicates,"[{""kind"": ""any"", ""regexes"": [""^[.'][ \\t]*Dd +(?:[^\""\\s]+|\""[^\""]+\"")""]}, {""kind"": ""any"", ""regexes"": [""^[.'][ \\t]*Dt +(?:[^\""\\s]+|\""[^\""]+\"") +\""?(?:[1-9]|@[^\\s@]+@)""]}, {""kind"": ""any"", ""regexes"": [""^[.'][ \\t]*Sh +(?:[^\""\\s]|\""[^\""]+\"")""]}]",linguist/heuristics.yml
h/linguist/.mdoc/1,.mdoc,1,Roff Manpage,pl/roff-manpage,predicates,"[{""kind"": ""any"", ""regexes"": [""^[.'][ \\t]*TH +(?:[^\""\\s]+|\""[^\""]+\"") +\""?(?:[1-9]|@[^\\s@]+@)""]}, {""kind"": ""any"", ""regexes"": [""^[.'][ \\t]*SH +(?:[^\""\\s]+|\""[^\""\\s]+)""]}]",linguist/heuristics.yml
h/linguist/.mdoc/2,.mdoc,2,Roff,pl/roff,default,[],linguist/heuristics.yml
h/linguist/.action/0,.action,0,ROS Interface,pl/ros-interface,predicates,"[{""kind"": ""any"", ""regexes"": [""(?i)^[a-z]\\w*(?:\\/[a-z]\\w*)?(?:<=\\d+)?(?:\\[(?:<=\\d+)?\\])?\\s+\\w+\\b""]}, {""kind"": ""any"", ""regexes"": [""^---\\s*$""]}, {""kind"": ""not_any"", ""regexes"": [""^\\s*[^\\s@#\\w-]""]}]",linguist/heuristics.yml
h/linguist/.al/0,.al,0,AL,pl/al,predicates,"[{""kind"": ""any"", ""regexes"": [""\\b(?i:(CODEUNIT|PAGE|PAGEEXTENSION|PAGECUSTOMIZATION|DOTNET|ENUM|ENUMEXTENSION|VALUE|QUERY|REPORT|TABLE|TABLEEXTENSION|XMLPORT|PROFILE|CONTROLADDIN|REPORTEXTENSION|INTERFACE|PERMISSIONSET|PERMISSIONSETEXTENSION|ENTITLEMENT))\\b""]}]",linguist/heuristics.yml
h/linguist/.al/1,.al,1,Perl,pl/perl,default,[],linguist/heuristics.yml
h/linguist/.alg/0,.alg,0,ALGOL,pl/algol,predicates,"[{""kind"": ""any"", ""regexes"": [""(?i)^comment\\b.*(;|comment)"", ""^#[^#\\r\\n]+#$"", ""(?i)\\b(integer|real|boolean|string)\\b\\s+\\w+\\s*:=\\s*"", ""(?i)^begin[\\s\\S]*^end""]}]",linguist/heuristics.yml
h/linguist/.app/0,.app,0,Erlang,pl/erlang,predicates,"[{""kind"": ""any"", ""regexes"": [""^\\{\\s*(?:application|'application')\\s*,\\s*(?:[a-z]+[\\w@]*|'[^']+')\\s*,\\s*\\[(?:.|[\\r\\n])*\\]\\s*\\}\\.[ \\t]*$""]}]",linguist/heuristics.yml
h/linguist/.as/0,.as,0,ActionScript,pl/actionscript,predicates,"[{""kind"": ""any"", ""regexes"": [""^\\s*(?:package(?:\\s+[\\w.]+)?\\s+(?:\\{|$)|import\\s+[\\w.*]+\\s*;|(?:intrinsic\\s+)class\\s+[\\w<>.]+|\\s+class\\s+extends\\s+[\\w<>.]+|(?:(?:public|protected|private|static)\\s+)*(?:(?:var|const|local)\\s+\\w+\\s*:\\s*[\\w<>.]+(?:\\s*=.*)?\\s*;|function\\s+\\w+\\s*\\((?:\\s*\\w+\\s*:\\s*[\\w<>.]+\\s*(,\\s*\\w+\\s*:\\s*[\\w<>.]+\\s*)*)?\\)))""]}]",linguist/heuristics.yml
h/linguist/.asc/0,.asc,0,Public Key,pl/public-key,predicates,"[{""kind"": ""any"", ""regexes"": [""^(----[- ]BEGIN|ssh-(rsa|dss)) ""]}]",linguist/heuristics.yml
h/linguist/.asc/1,.asc,1,AsciiDoc,pl/asciidoc,predicates,"[{""kind"": ""any"", ""regexes"": [""^[=-]+\\s|\\{\\{[A-Za-z]""]}]",linguist/heuristics.yml
h/linguist/.asc/2,.asc,2,AGS Script,pl/ags-script,predicates,"[{""kind"": ""any"", ""regexes"": [""^(\\/\\/.+|((import|export)\\s+)?(function|int|float|char)\\s+((room|repeatedly|on|game)_)?([A-Za-z]+[A-Za-z_0-9]+)\\s*[;\\(])""]}]",linguist/heuristics.yml
h/linguist/.asm/0,.asm,0,Assembly,pl/assembly,predicates,"[{""kind"": ""any"", ""regexes"": [""(?i)mov\\s+[^\\s]{2,},""]}]",linguist/heuristics.yml
h/linguist/.asm/1,.asm,1,Motorola 68K Assembly,pl/motorola-68k-assembly,predicates,"[{""kind"": ""any"", ""regexes"": [""(?im)\\bmoveq(?:\\.l)?\\s+#(?:\\$-?[0-9a-f]{1,3}|%[0-1]{1,8}|-?[0-9]{1,3}),\\s*d[0-7]\\b"", ""(?im)^\\s*move(?:\\.[bwl])?\\s+(?:sr|usp),\\s*[^\\s]+"", ""(?im)^\\s*move\\.[bwl]\\s+.*\\b[ad]\\d"", ""(?im)^\\s*movem\\.[bwl]\\b"", ""(?im)^\\s*move[mp](?:\\.[wl])?\\b"", ""(?im)^\\s*btst\\b"", ""(?im)^\\s*dbra\\b""]}]",linguist/heuristics.yml
h/linguist/.asy/0,.asy,0,LTspice Symbol,pl/ltspice-symbol,predicates,"[{""kind"": ""any"", ""regexes"": [""^SymbolType[ \\t]""]}]",linguist/heuristics.yml
h/linguist/.asy/1,.asy,1,Asymptote,pl/asymptote,default,[],linguist/heuristics.yml
h/linguist/.bas/0,.bas,0,B4X,pl/b4x,predicates,"[{""kind"": ""any"", ""regexes"": [""\\A\\W{0,3}(?:.*(?:\\r?\\n|\\r)){0,9}B4(?:J|A|R|i)=true""]}]",linguist/heuristics.yml
h/linguist/.bas/1,.bas,1,FreeBASIC,pl/freebasic,predicates,"[{""kind"": ""any"", ""regexes"": [""(?i)^[ \\t]*#(?:define|endif|endmacro|ifn?def|include|lang|macro|pragma)(?:$|\\s)"", ""(?i)^[ \\t]*dim( shared)? [a-z_][a-z0-9_]* as [a-z_][a-z0-9_]* ptr""]}]",linguist/heuristics.yml
h/linguist/.bas/2,.bas,2,FreeBASIC,pl/freebasic,predicates,"[{""kind"": ""any"", ""regexes"": [""(?i)^[ \\t]*return ""]}, {""kind"": ""not_any"", ""regexes"": [""(?i)[ \\t]*gosub ""]}]",linguist/heuristics.yml
h/linguist/.bas/3,.bas,3,BASIC,pl/basic,predicates,"[{""kind"": ""any"", ""regexes"": [""\\A\\s*\\d""]}]",linguist/heuristics.yml
h/linguist/.bas/4,.bas,4,QuickBASIC,pl/quickbasic,predicates,"[{""kind"": ""any"", ""regexes"": [""^[ ]*(CONST|DIM|REDIM|DEFINT|PRINT|DECLARE (SUB|FUNCTION)|FUNCTION|SUB) "", ""(#|$)lang:?\\s*\""?qb\""?"", ""(?i)'\\$INCLUDE:"", ""(?i)^[ ]*CLS[ ]*('|:|\\r|\\n)"", ""(?i)^[ ]*OPTION _EXPLICIT"", ""(?i)^[ ]*DIM SHARED "", ""(?i)^[ ]*PRINT \"""", ""(?i) As _(Byte|Offset|MEM)"", ""(?i)^[ ]*_(DISPLAY|DEST|CONSOLE|SOURCE|FREEIMAGE|PALETTECOLOR|PRINTSTRING|LOADFONT|PUTIMAGE)"", ""(?i)^[ ]*_(TITLE|PLAYMOD) \"""", ""(?i)^[ ]*_(LIMIT|SCREEN|DELAY) \\.?\\d+"", ""(?i)\\b_(MOUSEBUTTON|NEWIMAGE|KEYDOWN|WIDTH|HEIGHT)\\("", ""(?i)^[ ]*\\$(CONSOLE|CHECKING):"", ""(?i)^[ ]*\\$(FULLSCREEN|RESIZE|STATIC|DYNAMIC|NOPREFIX|SCREENSHOW|SCREENHIDE|EXEICON)\\b""]}]",linguist/heuristics.yml
h/linguist/.bas/5,.bas,5,VBA,pl/vba,predicates,"[{""kind"": ""any"", ""regexes"": [""\\b(?:VBA|[vV]ba)(?:\\b|[0-9A-Z_])"", ""^[ ]*(?:Public|Private)? Declare PtrSafe (?:Sub|Function)\\b"", ""^[ ]*#If Win64\\b"", ""^[ ]*(?:Dim|Const) [0-9a-zA-Z_]*[ ]*As Long(?:Ptr|Long)\\b"", ""^[ ]*Option (?:Private Module|Compare Database)\\b"", ""(?: |\\()(?:Access|Excel|Outlook|PowerPoint|Visio|Word|VBIDE)\\.\\w"", ""\\b(?:(?:Active)?VBProjects?|VBComponents?|Application\\.(?:VBE|ScreenUpdating))\\b"", ""\\b(?:ThisDrawing|AcadObject|Active(?:Explorer|Inspector|Window\\.Presentation|Presentation|Document)|Selection\\.(?:Document|Find|Paragraphs|Range))\\b"", ""\\b(?:(?:This|Active)?Workbooks?|Worksheets?|Active(?:Sheet|Chart|Cell)|WorksheetFunction)\\b"", ""\\b(?:Range\\(\"".*|Cells\\([0-9a-zA-Z_]*, (?:[0-9a-zA-Z_]*|\""[a-zA-Z]{1,3}\""))\\)""]}]",linguist/heuristics.yml
h/linguist/.bas/6,.bas,6,Visual Basic 6.0,pl/visual-basic-6-0,predicates,"[{""kind"": ""any"", ""regexes"": [""^[ ]*Attribute VB_Name = ""]}]",linguist/heuristics.yml
h/linguist/.bb/0,.bb,0,BlitzBasic,pl/blitzbasic,predicates,"[{""kind"": ""any"", ""regexes"": [""(<^\\s*; |End Function)""]}]",linguist/heuristics.yml
h/linguist/.bb/1,.bb,1,BitBake,pl/bitbake,predicates,"[{""kind"": ""any"", ""regexes"": [""^(# |include|require|inherit)\\b""]}]",linguist/heuristics.yml
h/linguist/.bb/2,.bb,2,Clojure,pl/clojure,predicates,"[{""kind"": ""any"", ""regexes"": [""\\((def|defn|defmacro|let)\\s""]}]",linguist/heuristics.yml
h/linguist/.bf/0,.bf,0,Beef,pl/beef,predicates,"[{""kind"": ""any"", ""regexes"": [""(?-m)^\\s*using\\s+(System|Beefy)(\\.(.*))?;\\s*$""]}]",linguist/heuristics.yml
h/linguist/.bf/1,.bf,1,HyPhy,pl/hyphy,predicates,"[{""kind"": ""any"", ""regexes"": [""(?-m)^\\s*#include\\s+\"".*\"";\\s*$"", ""\\sfprintf\\s*\\(""]}]",linguist/heuristics.yml
h/linguist/.bf/2,.bf,2,Brainfuck,pl/brainfuck,predicates,"[{""kind"": ""any"", ""regexes"": [""(>\\+>|>\\+<)""]}]",linguist/heuristics.yml
h/linguist/.bi/0,.bi,0,FreeBASIC,pl/freebasic,predicates,"[{""kind"": ""any"", ""regexes"": [""(?i)^[ \\t]*#(?:define|endif|endmacro|ifn?def|include|lang|macro|pragma)(?:$|\\s)"", ""(?i)^[ \\t]*dim( shared)? [a-z_][a-z0-9_]* as [a-z_][a-z0-9_]* ptr""]}]",linguist/heuristics.yml
h/linguist/.bi/1,.bi,1,FreeBASIC,pl/freebasic,predicates,"[{""kind"": ""any"", ""regexes"": [""(?i)^[ \\t]*return ""]}, {""kind"": ""not_any"", ""regexes"": [""(?i)[ \\t]*gosub ""]}]",linguist/heuristics.yml
h/linguist/.bi/2,.bi,2,QuickBASIC,pl/quickbasic,predicates,"[{""kind"": ""any"", ""regexes"": [""^[ ]*(CONST|DIM|REDIM|DEFINT|PRINT|DECLARE (SUB|FUNCTION)|FUNCTION|SUB) "", ""(#|$)lang:?\\s*\""?qb\""?"", ""(?i)'\\$INCLUDE:"", ""(?i)^[ ]*CLS[ ]*('|:|\\r|\\n)"", ""(?i)^[ ]*OPTION _EXPLICIT"", ""(?i)^[ ]*DIM SHARED "", ""(?i)^[ ]*PRINT \"""", ""(?i) As _(Byte|Offset|MEM)"", ""(?i)^[ ]*_(DISPLAY|DEST|CONSOLE|SOURCE|FREEIMAGE|PALETTECOLOR|PRINTSTRING|LOADFONT|PUTIMAGE)"", ""(?i)^[ ]*_(TITLE|PLAYMOD) \"""", ""(?i)^[ ]*_(LIMIT|SCREEN|DELAY) \\.?\\d+"", ""(?i)\\b_(MOUSEBUTTON|NEWIMAGE|KEYDOWN|WIDTH|HEIGHT)\\("", ""(?i)^[ ]*\\$(CONSOLE|CHECKING):"", ""(?i)^[ ]*\\$(FULLSCREEN|RESIZE|STATIC|DYNAMIC|NOPREFIX|SCREENSHOW|SCREENHIDE|EXEICON)\\b""]}]",linguist/heuristics.yml
h/linguist/.bs/0,.bs,0,Bikeshed,pl/bikeshed,predicates,"[{""kind"": ""any"", ""regexes"": [""^(?i:<pre\\s+class)\\s*=\\s*('|\\\""|\\b)metadata\\b('|\\\""|\\b)[^>\\r\\n]*>""]}]",linguist/heuristics.yml
h/linguist/.bs/1,.bs,1,BrighterScript,pl/brighterscript,predicates,"[{""kind"": ""any"", ""regexes"": [""(?i:^\\s*(?:sub\\s*\\w+\\(.*?\\))|(?::\\s*sub\\(.*?\\))$)"", ""(?i:^\\s*(end\\ssub)$)"", ""(?i:^\\s*(?:function\\s*\\w+\\(.*?\\)\\s*as\\s*\\w*)|(?::\\s*function\\(.*?\\)\\s*as\\s*\\w*)$)"", ""(?i:^\\s*(end\\sfunction)$)""]}]",linguist/heuristics.yml
h/linguist/.bs/2,.bs,2,Bluespec BH,pl/bluespec-bh,predicates,"[{""kind"": ""any"", ""regexes"": [""^package\\s+[A-Za-z_][A-Za-z0-9_']*(?:\\s*\\(|\\s+where)""]}]",linguist/heuristics.yml
h/linguist/.bst/0,.bst,0,BibTeX Style,pl/bibtex-style,predicates,"[{""kind"": ""any"", ""regexes"": [""ENTRY\\s*\\{""]}]",linguist/heuristics.yml
h/linguist/.bst/1,.bst,1,BuildStream,pl/buildstream,default,[],linguist/heuristics.yml
h/linguist/.builds/0,.builds,0,XML,pl/xml,predicates,"[{""kind"": ""any"", ""regexes"": [""^(\\s*)(?i:<Project|<Import|<Property|<?xml|xmlns)""]}]",linguist/heuristics.yml
h/linguist/.cairo/0,.cairo,0,Cairo Zero,pl/cairo-zero,predicates,"[{""kind"": ""any"", ""regexes"": [""(^(\\s*)%lang(\\s+)([A-Za-z0-9_]+))|(^(\\s*)%builtins(\\s+)([A-Za-z0-9_]+\\s*)*$)|(^(\\s*)from(\\s+)starkware\\.(cairo|starknet)\\.([A-Za-z0-9_.\\s]+?)import)|(,\\s*ap\\+\\+;$)|(;\\s*ap\\+\\+$)""]}]",linguist/heuristics.yml
h/linguist/.cairo/1,.cairo,1,Cairo,pl/cairo,default,[],linguist/heuristics.yml
h/linguist/.ch/0,.ch,0,xBase,pl/xbase,predicates,"[{""kind"": ""any"", ""regexes"": [""^\\s*#\\s*(?i:if|ifdef|ifndef|define|command|xcommand|translate|xtranslate|include|pragma|undef)\\b""]}]",linguist/heuristics.yml
h/linguist/.cl/0,.cl,0,Common Lisp,pl/common-lisp,predicates,"[{""kind"": ""any"", ""regexes"": [""^\\s*\\((?i:defun|in-package|defpackage) ""]}]",linguist/heuristics.yml
h/linguist/.cl/1,.cl,1,Cool,pl/cool,predicates,"[{""kind"": ""any"", ""regexes"": [""^class""]}]",linguist/heuristics.yml
h/linguist/.cl/2,.cl,2,OpenCL,pl/opencl,predicates,"[{""kind"": ""any"", ""regexes"": [""\\/\\* |\\/\\/ |^\\}""]}]",linguist/heuristics.yml
h/linguist/.cls/0,.cls,0,Visual Basic 6.0,pl/visual-basic-6-0,predicates,"[{""kind"": ""any"", ""regexes"": [""^[ ]*VERSION [0-9]\\.[0-9] CLASS""]}, {""kind"": ""any"", ""regexes"": [""^\\s*BEGIN(?:\\r?\\n|\\r)\\s*MultiUse\\s*=.*(?:\\r?\\n|\\r)\\s*Persistable\\s*=""]}]",linguist/heuristics.yml
h/linguist/.cls/1,.cls,1,VBA,pl/vba,predicates,"[{""kind"": ""any"", ""regexes"": [""^[ ]*VERSION [0-9]\\.[0-9] CLASS""]}]",linguist/heuristics.yml
h/linguist/.cls/2,.cls,2,TeX,pl/tex,predicates,"[{""kind"": ""any"", ""regexes"": [""^\\s*\\\\(?:NeedsTeXFormat|ProvidesClass)\\{""]}]",linguist/heuristics.yml
h/linguist/.cls/3,.cls,3,ObjectScript,pl/objectscript,predicates,"[{""kind"": ""any"", ""regexes"": [""^Class\\s""]}]",linguist/heuristics.yml
h/linguist/.cls/4,.cls,4,OpenEdge ABL,pl/openedge-abl,predicates,"[{""kind"": ""any"", ""regexes"": [""(?i)^\\s*(?:end\\s+(?:class|interface)\\.|(?:class|interface)\\s+[a-z_][a-z0-9_#$%&-]*:)""]}]",linguist/heuristics.yml
h/linguist/.cmp/0,.cmp,0,Gerber Image,pl/gerber-image,predicates,"[{""kind"": ""any"", ""regexes"": [""^[DGMT][0-9]{2}\\*(?:\\r?\\n|\\r)""]}]",linguist/heuristics.yml
h/linguist/.cs/0,.cs,0,Smalltalk,pl/smalltalk,predicates,"[{""kind"": ""any"", ""regexes"": [""![\\w\\s]+methodsFor: ""]}]",linguist/heuristics.yml
h/linguist/.cs/1,.cs,1,C#,pl/csharp,predicates,"[{""kind"": ""any"", ""regexes"": [""^\\s*(using\\s+[A-Z][\\s\\w.]+;|namespace\\s*[\\w\\.]+\\s*(\\{|;)|\\/\\/)""]}]",linguist/heuristics.yml
h/linguist/.csc/0,.csc,0,GSC,pl/gsc,predicates,"[{""kind"": ""any"", ""regexes"": [""^\\s*#\\s*(?:using|insert|include|define|namespace)[ \\t]+\\w"", ""^\\s*((?:autoexec|private)\\s+){0,2}function\\s+((?:autoexec|private)\\s+){0,2}\\w+\\s*\\("", ""\\b(?:level|self)[ \\t]+thread[ \\t]+(?:\\[\\[[ \\t]*(\\w+\\.)+[ \\t]*\\]\\]|\\w+)[ \\t]*\\([^\\r\\n\\)]*\\)[ \\t]*;"", ""^[ \\t]*#[ \\t]*(?:precache|using_animtree)[ \\t]*\\(""]}]",linguist/heuristics.yml
h/linguist/.csl/0,.csl,0,XML,pl/xml,predicates,"[{""kind"": ""any"", ""regexes"": [""(?i:^\\s*(<\\?xml|xmlns))""]}]",linguist/heuristics.yml
h/linguist/.csl/1,.csl,1,Kusto,pl/kusto,predicates,"[{""kind"": ""any"", ""regexes"": [""(^\\|\\s*(where|extend|project|limit|summarize))|(^\\.\\w+)""]}]",linguist/heuristics.yml
h/linguist/.d/0,.d,0,D,pl/d,predicates,"[{""kind"": ""any"", ""regexes"": [""^module\\s+[\\w.]*\\s*;|import\\s+[\\w\\s,.:]*;|\\w+\\s+\\w+\\s*\\(.*\\)(?:\\(.*\\))?\\s*\\{[^}]*\\}|unittest\\s*(?:\\(.*\\))?\\s*\\{[^}]*\\}""]}]",linguist/heuristics.yml
h/linguist/.d/1,.d,1,DTrace,pl/dtrace,predicates,"[{""kind"": ""any"", ""regexes"": [""^(\\w+:\\w*:\\w*:\\w*|BEGIN|END|provider\\s+|(tick|profile)-\\w+\\s+\\{[^}]*\\}|#pragma\\s+D\\s+(option|attributes|depends_on)\\s|#pragma\\s+ident\\s)""]}]",linguist/heuristics.yml
h/linguist/.d/2,.d,2,Makefile,pl/makefile,predicates,"[{""kind"": ""any"", ""regexes"": [""([\\/\\\\].*:\\s+.*\\s\\\\$|: \\\\$|^[ %]:|^[\\w\\s\\/\\\\.]+\\w+\\.\\w+\\s*:\\s+[\\w\\s\\/\\\\.]+\\w+\\.\\w+)""]}]",linguist/heuristics.yml
h/linguist/.dsp/0,.dsp,0,Microsoft Developer Studio Project,pl/microsoft-developer-studio-project,predicates,"[{""kind"": ""any"", ""regexes"": [""# Microsoft Developer Studio Generated Build File""]}]",linguist/heuristics.yml
h/linguist/.dsp/1,.dsp,1,Faust,pl/faust,predicates,"[{""kind"": ""any"", ""regexes"": [""\\bprocess\\s*[(=]|\\b(library|import)\\s*\\(\\s*\""|\\bdeclare\\s+(name|version|author|copyright|license)\\s+\""""]}]",linguist/heuristics.yml
h/linguist/.e/0,.e,0,E,pl/e,predicates,"[{""kind"": ""any"", ""regexes"": [""^\\s*(def|var)\\s+(.+):="", ""^\\s*(def|to)\\s+(\\w+)(\\(.+\\))?\\s+\\{"", ""^\\s*(when)\\s+(\\(.+\\))\\s+->\\s+\\{""]}]",linguist/heuristics.yml
h/linguist/.e/1,.e,1,Eiffel,pl/eiffel,predicates,"[{""kind"": ""any"", ""regexes"": [""^\\s*\\w+\\s*(?:,\\s*\\w+)*[:]\\s*\\w+\\s"", ""^\\s*\\w+\\s*(?:\\(\\s*\\w+[:][^)]+\\))?(?:[:]\\s*\\w+)?(?:--.+\\s+)*\\s+(?:do|local)\\s"", ""^\\s*(?:across|deferred|elseif|ensure|feature|from|inherit|inspect|invariant|note|once|require|undefine|variant|when)\\s*$""]}]",linguist/heuristics.yml
h/linguist/.e/2,.e,2,Euphoria,pl/euphoria,predicates,"[{""kind"": ""any"", ""regexes"": [""^\\s*namespace\\s"", ""^\\s*(?:public\\s+)?include\\s"", ""^\\s*(?:(?:public|export|global)\\s+)?(?:atom|constant|enum|function|integer|object|procedure|sequence|type)\\s""]}]",linguist/heuristics.yml
h/linguist/.ecl/0,.ecl,0,ECLiPSe,pl/eclipse,predicates,"[{""kind"": ""any"", ""regexes"": [""^[^#]+:-""]}]",linguist/heuristics.yml
h/linguist/.ecl/1,.ecl,1,ECL,pl/ecl,predicates,"[{""kind"": ""any"", ""regexes"": ["":=""]}]",linguist/heuristics.yml
h/linguist/.es/0,.es,0,Erlang,pl/erlang,predicates,"[{""kind"": ""any"", ""regexes"": [""^\\s*(?:%%|main\\s*\\(.*?\\)\\s*->)""]}]",linguist/heuristics.yml
h/linguist/.es/1,.es,1,JavaScript,pl/javascript,predicates,"[{""kind"": ""any"", ""regexes"": [""\\/\\/|[\""']use strict[\""']|export\\s+default\\s|\\/\\*(?:.|[\\r\\n])*?\\*\\/""]}]",linguist/heuristics.yml
h/linguist/.ex/0,.ex,0,Elixir,pl/elixir,predicates,"[{""kind"": ""any"", ""regexes"": [""^\\s*@moduledoc\\s"", ""^\\s*(?:cond|import|quote|unless)\\s"", ""^\\s*def(?:exception|impl|macro|module|protocol)[(\\s]""]}]",linguist/heuristics.yml
h/linguist/.ex/1,.ex,1,Euphoria,pl/euphoria,predicates,"[{""kind"": ""any"", ""regexes"": [""^\\s*namespace\\s"", ""^\\s*(?:public\\s+)?include\\s"", ""^\\s*(?:(?:public|export|global)\\s+)?(?:atom|constant|enum|function|integer|object|procedure|sequence|type)\\s""]}]",linguist/heuristics.yml
h/linguist/.f/0,.f,0,Forth,pl/forth,predicates,"[{""kind"": ""any"", ""regexes"": [""^: ""]}]",linguist/heuristics.yml
h/linguist/.f/1,.f,1,Filebench WML,pl/filebench-wml,predicates,"[{""kind"": ""any"", ""regexes"": [""flowop""]}]",linguist/heuristics.yml
h/linguist/.f/2,.f,2,Fortran,pl/fortran,predicates,"[{""kind"": ""any"", ""regexes"": [""^(?i:[c*][^abd-z]|      (subroutine|program|end|data)\\s|\\s*!)""]}]",linguist/heuristics.yml
h/linguist/.for/0,.for,0,Forth,pl/forth,predicates,"[{""kind"": ""any"", ""regexes"": [""^: ""]}]",linguist/heuristics.yml
h/linguist/.for/1,.for,1,Fortran,pl/fortran,predicates,"[{""kind"": ""any"", ""regexes"": [""^(?i:[c*][^abd-z]|      (subroutine|program|end|data)\\s|\\s*!)""]}]",linguist/heuristics.yml
h/linguist/.fr/0,.fr,0,Forth,pl/forth,predicates,"[{""kind"": ""any"", ""regexes"": [""^(: |also |new-device|previous )""]}]",linguist/heuristics.yml
h/linguist/.fr/1,.fr,1,Frege,pl/frege,predicates,"[{""kind"": ""any"", ""regexes"": [""^\\s*(import|module|package|data|type) ""]}]",linguist/heuristics.yml
h/linguist/.fr/2,.fr,2,Text,pl/text,default,[],linguist/heuristics.yml
h/linguist/.frm/0,.frm,0,VBA,pl/vba,predicates,"[{""kind"": ""any"", ""regexes"": [""^[ ]*VERSION [0-9]\\.[0-9]{2}""]}, {""kind"": ""any"", ""regexes"": [""^\\s*Begin\\s+\\{[0-9A-Z\\-]*\\}\\s?""]}]",linguist/heuristics.yml
h/linguist/.frm/1,.frm,1,Visual Basic 6.0,pl/visual-basic-6-0,predicates,"[{""kind"": ""any"", ""regexes"": [""^[ ]*VERSION [0-9]\\.[0-9]{2}""]}, {""kind"": ""any"", ""regexes"": [""^\\s*Begin\\s+VB\\.Form\\s+""]}]",linguist/heuristics.yml
h/linguist/.frm/2,.frm,2,INI,pl/ini,predicates,"[{""kind"": ""any"", ""regexes"": [""\\ATYPE=VIEW""]}]",linguist/heuristics.yml
h/linguist/.fs/0,.fs,0,Forth,pl/forth,predicates,"[{""kind"": ""any"", ""regexes"": [""^(: |new-device)""]}]",linguist/heuristics.yml
h/linguist/.fs/1,.fs,1,F#,pl/f-sharp,predicates,"[{""kind"": ""any"", ""regexes"": [""^\\s*(#light|import|let|module|namespace|open|type)""]}]",linguist/heuristics.yml
h/linguist/.fs/2,.fs,2,GLSL,pl/glsl,predicates,"[{""kind"": ""any"", ""regexes"": [""^\\s*(#version|precision|uniform|varying|vec[234])""]}]",linguist/heuristics.yml
h/linguist/.fs/3,.fs,3,Filterscript,pl/filterscript,predicates,"[{""kind"": ""any"", ""regexes"": [""#include|#pragma\\s+(rs|version)|__attribute__""]}]",linguist/heuristics.yml
h/linguist/.ftl/0,.ftl,0,FreeMarker,pl/freemarker,predicates,"[{""kind"": ""any"", ""regexes"": [""^(?:<|[a-zA-Z-][a-zA-Z0-9_-]+[ \\t]+\\w)|\\$\\{\\w+[^\\r\\n]*?\\}|^[ \\t]*(?:<#--.*?-->|<#(?:[a-z]+)\\s[^>]*>.*?</#(?:[a-z]+)>|\\[#--.*?--\\]|\\[#(?:[a-z]+)\\s[^\\]]*\\].*?\\[#(?:[a-z]+)\\])""]}]",linguist/heuristics.yml
h/linguist/.ftl/1,.ftl,1,Fluent,pl/fluent,predicates,"[{""kind"": ""any"", ""regexes"": [""^-?[a-zA-Z][a-zA-Z0-9_-]* *=|\\{\\$-?[a-zA-Z][-\\w]*(?:\\.[a-zA-Z][-\\w]*)?\\}""]}]",linguist/heuristics.yml
h/linguist/.g/0,.g,0,GAP,pl/gap,predicates,"[{""kind"": ""any"", ""regexes"": [""\\s*(Declare|BindGlobal|KeyDependentOperation|Install(Method|GlobalFunction)|SetPackageInfo)""]}]",linguist/heuristics.yml
h/linguist/.g/1,.g,1,G-code,pl/g-code,predicates,"[{""kind"": ""any"", ""regexes"": [""^[MG][0-9]+(?:\\r?\\n|\\r)""]}]",linguist/heuristics.yml
h/linguist/.gd/0,.gd,0,GAP,pl/gap,predicates,"[{""kind"": ""any"", ""regexes"": [""\\s*(Declare|BindGlobal|KeyDependentOperation)""]}]",linguist/heuristics.yml
h/linguist/.gd/1,.gd,1,GDScript,pl/gdscript,predicates,"[{""kind"": ""any"", ""regexes"": [""\\s*(extends|var|const|enum|func|class|signal|tool|yield|assert|onready)""]}]",linguist/heuristics.yml
h/linguist/.gml/0,.gml,0,XML,pl/xml,predicates,"[{""kind"": ""any"", ""regexes"": [""(?i:^\\s*(<\\?xml|xmlns))""]}]",linguist/heuristics.yml
h/linguist/.gml/1,.gml,1,Graph Modeling Language,pl/graph-modeling-language,predicates,"[{""kind"": ""any"", ""regexes"": [""(?i:^\\s*(graph|node)\\s+\\[$)""]}]",linguist/heuristics.yml
h/linguist/.gml/2,.gml,2,Gerber Image,pl/gerber-image,predicates,"[{""kind"": ""any"", ""regexes"": [""^[DGMT][0-9]{2}\\*$""]}]",linguist/heuristics.yml
h/linguist/.gml/3,.gml,3,Game Maker Language,pl/game-maker-language,default,[],linguist/heuristics.yml
h/linguist/.gs/0,.gs,0,GLSL,pl/glsl,predicates,"[{""kind"": ""any"", ""regexes"": [""^#version\\s+[0-9]+\\b""]}]",linguist/heuristics.yml
h/linguist/.gs/1,.gs,1,Gosu,pl/gosu,predicates,"[{""kind"": ""any"", ""regexes"": [""^uses (java|gw)\\.""]}]",linguist/heuristics.yml
h/linguist/.gs/2,.gs,2,Genie,pl/genie,predicates,"[{""kind"": ""any"", ""regexes"": [""^\\[indent=[0-9]+\\]""]}]",linguist/heuristics.yml
h/linguist/.gsc/0,.gsc,0,GSC,pl/gsc,predicates,"[{""kind"": ""any"", ""regexes"": [""^\\s*#\\s*(?:using|insert|include|define|namespace)[ \\t]+\\w"", ""^\\s*((?:autoexec|private)\\s+){0,2}function\\s+((?:autoexec|private)\\s+){0,2}\\w+\\s*\\("", ""\\b(?:level|self)[ \\t]+thread[ \\t]+(?:\\[\\[[ \\t]*(\\w+\\.)+[ \\t]*\\]\\]|\\w+)[ \\t]*\\([^\\r\\n\\)]*\\)[ \\t]*;"", ""^[ \\t]*#[ \\t]*(?:precache|using_animtree)[ \\t]*\\(""]}]",linguist/heuristics.yml
h/linguist/.gsh/0,.gsh,0,GSC,pl/gsc,predicates,"[{""kind"": ""any"", ""regexes"": [""^\\s*#\\s*(?:using|insert|include|define|namespace)[ \\t]+\\w"", ""^\\s*((?:autoexec|private)\\s+){0,2}function\\s+((?:autoexec|private)\\s+){0,2}\\w+\\s*\\("", ""\\b(?:level|self)[ \\t]+thread[ \\t]+(?:\\[\\[[ \\t]*(\\w+\\.)+[ \\t]*\\]\\]|\\w+)[ \\t]*\\([^\\r\\n\\)]*\\)[ \\t]*;"", ""^[ \\t]*#[ \\t]*(?:precache|using_animtree)[ \\t]*\\(""]}]",linguist/heuristics.yml
h/linguist/.gts/0,.gts,0,Gerber Image,pl/gerber-image,predicates,"[{""kind"": ""any"", ""regexes"": [""^G0.""]}]",linguist/heuristics.yml
h/linguist/.gts/1,.gts,1,Glimmer TS,pl/glimmer-ts,predicates,"[{""kind"": ""not_any"", ""regexes"": [""^G0.""]}]",linguist/heuristics.yml
h/linguist/.h/0,.h,0,Objective-C,pl/objective-c,predicates,"[{""kind"": ""any"", ""regexes"": [""^\\s*(@(interface|class|protocol|property|end|synchronised|selector|implementation)\\b|#import\\s+.+\\.h[\"">])""]}]",linguist/heuristics.yml
h/linguist/.h/1,.h,1,C++,pl/cpp,predicates,"[{""kind"": ""any"", ""regexes"": [""^\\s*#\\s*include <(cstdint|string|vector|map|list|array|bitset|queue|stack|forward_list|unordered_map|unordered_set|(i|o|io)stream)>"", ""^\\s*template\\s*<"", ""^[ \\t]*(try|constexpr)"", ""^[ \\t]*catch\\s*\\("", ""^[ \\t]*(class|(using[ \\t]+)?namespace)\\s+\\w+"", ""^[ \\t]*(private|public|protected):$"", ""__has_cpp_attribute|__cplusplus >"", ""std::\\w+""]}]",linguist/heuristics.yml
h/linguist/.h/2,.h,2,C,pl/c,default,[],linguist/heuristics.yml
h/linguist/.hh/0,.hh,0,Hack,pl/hack,predicates,"[{""kind"": ""any"", ""regexes"": [""<\\?hh""]}]",linguist/heuristics.yml
h/linguist/.html/0,.html,0,Ecmarkup,pl/ecmarkup,predicates,"[{""kind"": ""any"", ""regexes"": [""<emu-(?:alg|annex|biblio|clause|eqn|example|figure|gann|gmod|gprose|grammar|intro|not-ref|note|nt|prodref|production|rhs|table|t|xref)(?:$|\\s|>)""]}]",linguist/heuristics.yml
h/linguist/.html/1,.html,1,HTML,pl/html,default,[],linguist/heuristics.yml
h/linguist/.i/0,.i,0,Motorola 68K Assembly,pl/motorola-68k-assembly,predicates,"[{""kind"": ""any"", ""regexes"": [""(?im)\\bmoveq(?:\\.l)?\\s+#(?:\\$-?[0-9a-f]{1,3}|%[0-1]{1,8}|-?[0-9]{1,3}),\\s*d[0-7]\\b"", ""(?im)^\\s*move(?:\\.[bwl])?\\s+(?:sr|usp),\\s*[^\\s]+"", ""(?im)^\\s*move\\.[bwl]\\s+.*\\b[ad]\\d"", ""(?im)^\\s*movem\\.[bwl]\\b"", ""(?im)^\\s*move[mp](?:\\.[wl])?\\b"", ""(?im)^\\s*btst\\b"", ""(?im)^\\s*dbra\\b""]}]",linguist/heuristics.yml
h/linguist/.i/1,.i,1,SWIG,pl/swig,predicates,"[{""kind"": ""any"", ""regexes"": [""^[ \\t]*%[a-z_]+\\b|^%[{}]$""]}]",linguist/heuristics.yml
h/linguist/.i/2,.i,2,Assembly,pl/assembly,predicates,"[{""kind"": ""any"", ""regexes"": [""(?i)mov\\s+[^\\s]+,"", ""^\\s+(i?)db\\s+[a-z\\d]""]}]",linguist/heuristics.yml
h/linguist/.ice/0,.ice,0,JSON,pl/json,predicates,"[{""kind"": ""any"", ""regexes"": [""\\A\\s*[{\\[]""]}]",linguist/heuristics.yml
h/linguist/.ice/1,.ice,1,Slice,pl/slice,default,[],linguist/heuristics.yml
h/linguist/.inc/0,.inc,0,Motorola 68K Assembly,pl/motorola-68k-assembly,predicates,"[{""kind"": ""any"", ""regexes"": [""(?im)\\bmoveq(?:\\.l)?\\s+#(?:\\$-?[0-9a-f]{1,3}|%[0-1]{1,8}|-?[0-9]{1,3}),\\s*d[0-7]\\b"", ""(?im)^\\s*move(?:\\.[bwl])?\\s+(?:sr|usp),\\s*[^\\s]+"", ""(?im)^\\s*move\\.[bwl]\\s+.*\\b[ad]\\d"", ""(?im)^\\s*movem\\.[bwl]\\b"", ""(?im)^\\s*move[mp](?:\\.[wl])?\\b"", ""(?im)^\\s*btst\\b"", ""(?im)^\\s*dbra\\b""]}]",linguist/heuristics.yml
h/linguist/.inc/1,.inc,1,PHP,pl/php,predicates,"[{""kind"": ""any"", ""regexes"": [""^<\\?(?:php)?""]}]",linguist/heuristics.yml
h/linguist/.inc/2,.inc,2,SourcePawn,pl/sourcepawn,predicates,"[{""kind"": ""any"", ""regexes"": [""^public\\s+(?:SharedPlugin(?:\\s+|:)__pl_\\w+\\s*=(?:\\s*\\{)?|(?:void\\s+)?__pl_\\w+_SetNTVOptional\\(\\)(?:\\s*\\{)?)"", ""^methodmap\\s+\\w+\\s+<\\s+\\w+"", ""^\\s*MarkNativeAsOptional\\s*\\(""]}]",linguist/heuristics.yml
h/linguist/.inc/3,.inc,3,NASL,pl/nasl,predicates,"[{""kind"": ""any"", ""regexes"": [""^\\s*include\\s*\\(\\s*(?:\""|')[\\\\/\\w\\-\\.:\\s]+\\.(?:nasl|inc)\\s*(?:\""|')\\s*\\)\\s*;"", ""^\\s*(?:global|local)_var\\s+(?:\\w+(?:\\s*=\\s*[\\w\\-\""']+)?\\s*)(?:,\\s*\\w+(?:\\s*=\\s*[\\w\\-\""']+)?\\s*)*\\s*;"", ""^\\s*namespace\\s+\\w+\\s*\\{"", ""^\\s*object\\s+\\w+\\s*(?:extends\\s+\\w+(?:::\\w+)?)?\\s*\\{"", ""^\\s*(?:public\\s+|private\\s+|\\s*)function\\s+\\w+\\s*\\([\\w\\s,]*\\)\\s*\\{""]}]",linguist/heuristics.yml
h/linguist/.inc/4,.inc,4,POV-Ray SDL,pl/pov-ray-sdl,predicates,"[{""kind"": ""any"", ""regexes"": [""^\\s*#(declare|local|macro|while)\\s""]}]",linguist/heuristics.yml
h/linguist/.inc/5,.inc,5,Pascal,pl/pascal,predicates,"[{""kind"": ""any"", ""regexes"": [""(?i:^\\s*\\{\\$(?:mode|ifdef|undef|define)[ ]+[a-z0-9_]+\\})"", ""^\\s*end[.;]\\s*$""]}]",linguist/heuristics.yml
h/linguist/.inc/6,.inc,6,BitBake,pl/bitbake,predicates,"[{""kind"": ""any"", ""regexes"": [""^inherit(\\s+[\\w.-]+)+\\s*$""]}]",linguist/heuristics.yml
h/linguist/.inc/7,.inc,7,Assembly,pl/assembly,predicates,"[{""kind"": ""any"", ""regexes"": [""^(?i)[^\""m]*mov\\s+[^\\s]+,"", ""^\\s+(?i)db\\s+[a-z\\d]""]}]",linguist/heuristics.yml
h/linguist/.json/0,.json,0,OASv2-json,pl/oasv2-json,predicates,"[{""kind"": ""any"", ""regexes"": [""\""swagger\"":\\s?\""2.[0-9.]+\""""]}]",linguist/heuristics.yml
h/linguist/.json/1,.json,1,OASv3-json,pl/oasv3-json,predicates,"[{""kind"": ""any"", ""regexes"": [""\""openapi\"":\\s?\""3.[0-9.]+\""""]}]",linguist/heuristics.yml
h/linguist/.json/2,.json,2,JSON,pl/json,default,[],linguist/heuristics.yml
h/linguist/.k/0,.k,0,KCL,pl/kcl,predicates,"[{""kind"": ""any"", ""regexes"": [""^schema [A-Za-z0-9_-]+"", ""^\\}$"", ""\\s*\\}\\s*""]}]",linguist/heuristics.yml
h/linguist/.k/1,.k,1,KFramework,pl/kframework,predicates,"[{""kind"": ""any"", ""regexes"": [""^requires\\s+\""[^\""]+\""$"", ""^syntax\\s+\\w+\\s+::=.*"", ""^endmodule$""]}]",linguist/heuristics.yml
h/linguist/.l/0,.l,0,Common Lisp,pl/common-lisp,predicates,"[{""kind"": ""any"", ""regexes"": [""\\(def(un|macro)\\s""]}]",linguist/heuristics.yml
h/linguist/.l/1,.l,1,Lex,pl/lex,predicates,"[{""kind"": ""any"", ""regexes"": [""^(%[%{}]xs|<.*>)""]}]",linguist/heuristics.yml
h/linguist/.l/2,.l,2,Roff,pl/roff,predicates,"[{""kind"": ""any"", ""regexes"": [""^\\.[A-Za-z]{2}(\\s|$)""]}]",linguist/heuristics.yml
h/linguist/.l/3,.l,3,PicoLisp,pl/picolisp,predicates,"[{""kind"": ""any"", ""regexes"": [""^\\((de|class|rel|code|data|must)\\s""]}]",linguist/heuristics.yml
h/linguist/.lean/0,.lean,0,Lean,pl/lean,predicates,"[{""kind"": ""any"", ""regexes"": [""^import [a-z]""]}]",linguist/heuristics.yml
h/linguist/.lean/1,.lean,1,Lean 4,pl/lean-4,predicates,"[{""kind"": ""any"", ""regexes"": [""^import [A-Z]""]}]",linguist/heuristics.yml
h/linguist/.lp/0,.lp,0,Lambdapi,pl/lambdapi,predicates,"[{""kind"": ""any"", ""regexes"": [""(?:^|\\s)symbol(?:$|\\s)|(?:^|\\s)rule(?:$|\\s)""]}]",linguist/heuristics.yml
h/linguist/.lp/1,.lp,1,Linear Programming,pl/linear-programming,predicates,"[{""kind"": ""any"", ""regexes"": [""(?i)^\\s*(?:minimize|minimum|min|maximize|maximum|max)(?:\\s+multi-objectives)?\\s*$""]}]",linguist/heuristics.yml
h/linguist/.lp/2,.lp,2,Answer Set Programming,pl/answer-set-programming,predicates,"[{""kind"": ""any"", ""regexes"": [""^\\s*#(?:include|const|program|script|show|minimize|maximize|heuristic|project|edge|theory|defined)\\b"", ""^\\s*(?:[A-Za-z_]\\w*(?:\\([^)]*\\))?\\s*:-|:-)\\s[^.]*\\."", ""^\\s*[a-z_][a-zA-Z0-9_]*(?:\\([^)]*\\))?\\s*\\.\\s*$""]}]",linguist/heuristics.yml
h/linguist/.ls/0,.ls,0,LoomScript,pl/loomscript,predicates,"[{""kind"": ""any"", ""regexes"": [""^\\s*package\\s*[\\w\\.\\/\\*\\s]*\\s*\\{""]}]",linguist/heuristics.yml
h/linguist/.ls/1,.ls,1,LiveScript,pl/livescript,default,[],linguist/heuristics.yml
h/linguist/.lsp/0,.lsp,0,Common Lisp,pl/common-lisp,predicates,"[{""kind"": ""any"", ""regexes"": [""^\\s*\\((?i:defun|in-package|defpackage) ""]}]",linguist/heuristics.yml
h/linguist/.lsp/1,.lsp,1,NewLisp,pl/newlisp,predicates,"[{""kind"": ""any"", ""regexes"": [""^\\s*\\(define ""]}]",linguist/heuristics.yml
h/linguist/.lisp/0,.lisp,0,Common Lisp,pl/common-lisp,predicates,"[{""kind"": ""any"", ""regexes"": [""^\\s*\\((?i:defun|in-package|defpackage) ""]}]",linguist/heuristics.yml
h/linguist/.lisp/1,.lisp,1,NewLisp,pl/newlisp,predicates,"[{""kind"": ""any"", ""regexes"": [""^\\s*\\(define ""]}]",linguist/heuristics.yml
h/linguist/.m/0,.m,0,Objective-C,pl/objective-c,predicates,"[{""kind"": ""any"", ""regexes"": [""^\\s*(@(interface|class|protocol|property|end|synchronised|selector|implementation)\\b|#import\\s+.+\\.h[\"">])""]}]",linguist/heuristics.yml
h/linguist/.m/1,.m,1,Mercury,pl/mercury,predicates,"[{""kind"": ""any"", ""regexes"": ["":- module""]}]",linguist/heuristics.yml
h/linguist/.m/2,.m,2,MUF,pl/muf,predicates,"[{""kind"": ""any"", ""regexes"": [""^: ""]}]",linguist/heuristics.yml
h/linguist/.m/3,.m,3,M,pl/m,predicates,"[{""kind"": ""any"", ""regexes"": [""^\\s*;""]}]",linguist/heuristics.yml
h/linguist/.m/4,.m,4,Wolfram Language,pl/wolfram-language,predicates,"[{""kind"": ""any"", ""regexes"": [""\\(\\*""]}, {""kind"": ""any"", ""regexes"": [""\\*\\)$""]}]",linguist/heuristics.yml
h/linguist/.m/5,.m,5,MATLAB,pl/matlab,predicates,"[{""kind"": ""any"", ""regexes"": [""^\\s*%""]}]",linguist/heuristics.yml
h/linguist/.m/6,.m,6,Limbo,pl/limbo,predicates,"[{""kind"": ""any"", ""regexes"": [""^\\w+\\s*:\\s*module\\s*\\{""]}]",linguist/heuristics.yml
h/linguist/.m4/0,.m4,0,M4Sugar,pl/m4sugar,predicates,"[{""kind"": ""any"", ""regexes"": [""AC_DEFUN|AC_PREREQ|AC_INIT"", ""^_?m4_""]}]",linguist/heuristics.yml
h/linguist/.m4/1,.m4,1,M4,pl/m4,default,[],linguist/heuristics.yml
h/linguist/.mask/0,.mask,0,Unity3D Asset,pl/unity3d-asset,predicates,"[{""kind"": ""any"", ""regexes"": [""tag:unity3d.com""]}]",linguist/heuristics.yml
h/linguist/.mc/0,.mc,0,Win32 Message File,pl/win32-message-file,predicates,"[{""kind"": ""any"", ""regexes"": [""(?i)^[ \\t]*(\\/\\*\\s*)?MessageId=|^\\.$""]}]",linguist/heuristics.yml
h/linguist/.mc/1,.mc,1,M4,pl/m4,predicates,"[{""kind"": ""any"", ""regexes"": [""^dnl|^divert\\((?:-?\\d+)?\\)|^\\w+\\(`[^\\r\\n]*?'[),]""]}]",linguist/heuristics.yml
h/linguist/.mc/2,.mc,2,Monkey C,pl/monkey-c,predicates,"[{""kind"": ""any"", ""regexes"": [""\\b(?:using|module|function|class|var)\\s+\\w""]}]",linguist/heuristics.yml
h/linguist/.md/0,.md,0,Markdown,pl/markdown,predicates,"[{""kind"": ""any"", ""regexes"": [""(^[-A-Za-z0-9=#!\\*\\[|>])|<\\/"", ""\\A\\z""]}]",linguist/heuristics.yml
h/linguist/.md/1,.md,1,GCC Machine Description,pl/gcc-machine-description,predicates,"[{""kind"": ""any"", ""regexes"": [""^(;;|\\(define_)""]}]",linguist/heuristics.yml
h/linguist/.md/2,.md,2,Markdown,pl/markdown,default,[],linguist/heuristics.yml
h/linguist/.ml/0,.ml,0,OCaml,pl/ocaml,predicates,"[{""kind"": ""any"", ""regexes"": [""(^\\s*module)|let rec |match\\s+(\\S+\\s)+with""]}]",linguist/heuristics.yml
h/linguist/.ml/1,.ml,1,Standard ML,pl/standard-ml,predicates,"[{""kind"": ""any"", ""regexes"": [""=> |case\\s+(\\S+\\s)+of""]}]",linguist/heuristics.yml
h/linguist/.mod/0,.mod,0,XML,pl/xml,predicates,"[{""kind"": ""any"", ""regexes"": [""<!ENTITY ""]}]",linguist/heuristics.yml
h/linguist/.mod/1,.mod,1,NMODL,pl/nmodl,predicates,"[{""kind"": ""any"", ""regexes"": [""\\b(NEURON|INITIAL|UNITS)\\b""]}]",linguist/heuristics.yml
h/linguist/.mod/2,.mod,2,Modula-2,pl/modula-2,predicates,"[{""kind"": ""any"", ""regexes"": [""^\\s*(?i:MODULE|END) [\\w\\.]+;""]}]",linguist/heuristics.yml
h/linguist/.mod/3,.mod,3,Linux Kernel Module,pl/linux-kernel-module,default,[],linguist/heuristics.yml
h/linguist/.mod/3,.mod,3,AMPL,pl/ampl,default,[],linguist/heuristics.yml
h/linguist/.mojo/0,.mojo,0,Mojo,pl/mojo,predicates,"[{""kind"": ""any"", ""regexes"": [""^\\s*(alias|def|from|fn|import|struct|trait)\\s""]}]",linguist/heuristics.yml
h/linguist/.mojo/1,.mojo,1,XML,pl/xml,predicates,"[{""kind"": ""any"", ""regexes"": [""^\\s*<\\?xml""]}]",linguist/heuristics.yml
h/linguist/.mps/0,.mps,0,JetBrains MPS,pl/jetbrains-mps,predicates,"[{""kind"": ""any"", ""regexes"": [""<persistence""]}]",linguist/heuristics.yml
h/linguist/.mps/1,.mps,1,Mathematical Programming System,pl/mathematical-programming-system,predicates,"[{""kind"": ""any"", ""regexes"": [""(?i)^\\s*(ROWS|COLUMNS)\\s*$""]}]",linguist/heuristics.yml
h/linguist/.ms/0,.ms,0,Roff,pl/roff,predicates,"[{""kind"": ""any"", ""regexes"": [""^[.'][A-Za-z]{2}(\\s|$)""]}]",linguist/heuristics.yml
h/linguist/.ms/1,.ms,1,Unix Assembly,pl/unix-assembly,predicates,"[{""kind"": ""not_any"", ""regexes"": [""/\\*""]}, {""kind"": ""any"", ""regexes"": [""^\\s*\\.(?:include\\s|globa?l\\s|[A-Za-z][_A-Za-z0-9]*:)""]}]",linguist/heuristics.yml
h/linguist/.ms/2,.ms,2,MAXScript,pl/maxscript,default,[],linguist/heuristics.yml
h/linguist/.msg/0,.msg,0,OMNeT++ MSG,pl/omnetpp-msg,predicates,"[{""kind"": ""any"", ""regexes"": [""^cplusplus\\(?[\\S]*\\)?[\\s]*\\{?\\{?|^namespace[\\s]+([^.\\s]*\\.)*[^.\\s]*;|^struct[\\s]+[\\S]+|^message[\\s]+[\\S]+(extends )?[\\S]*[\\s]*|^packet[\\s]+[\\S]+|^class[\\s]+[\\S]+(extends )?[\\S]*[\\s]*|^enum[\\s]+[\\S]+|^import ([^.\\s]*\\.)*[^.\\s]*;""]}]",linguist/heuristics.yml
h/linguist/.msg/1,.msg,1,ROS Interface,pl/ros-interface,predicates,"[{""kind"": ""any"", ""regexes"": [""(?i)^[a-z]\\w*(?:\\/[a-z]\\w*)?(?:<=\\d+)?(?:\\[(?:<=\\d+)?\\])?\\s+\\w+\\b""]}, {""kind"": ""not_any"", ""regexes"": [""^\\s*[^\\s@#\\w-]""]}]",linguist/heuristics.yml
h/linguist/.n/0,.n,0,Roff,pl/roff,predicates,"[{""kind"": ""any"", ""regexes"": [""^[.']""]}]",linguist/heuristics.yml
h/linguist/.n/1,.n,1,Nemerle,pl/nemerle,predicates,"[{""kind"": ""any"", ""regexes"": [""^(module|namespace|using)\\s""]}]",linguist/heuristics.yml
h/linguist/.ncl/0,.ncl,0,XML,pl/xml,predicates,"[{""kind"": ""any"", ""regexes"": [""^\\s*<\\?xml\\s+version""]}]",linguist/heuristics.yml
h/linguist/.ncl/1,.ncl,1,Gerber Image,pl/gerber-image,predicates,"[{""kind"": ""any"", ""regexes"": [""^[DGMT][0-9]{2}\\*(?:\\r?\\n|\\r)""]}]",linguist/heuristics.yml
h/linguist/.ncl/2,.ncl,2,Nickel,pl/nickel,predicates,"[{""kind"": ""any"", ""regexes"": [""^let(?:\\srec)?(?:\\s[a-zA-Z_][a-zA-Z0-9_]*)?"", ""^import\\s\""[^\""]+\""\\s+as\\s"", ""std\\.[a-zA-Z_][a-zA-Z0-9_]*\\.""]}]",linguist/heuristics.yml
h/linguist/.ncl/3,.ncl,3,Text,pl/text,predicates,"[{""kind"": ""any"", ""regexes"": [""THE_TITLE""]}]",linguist/heuristics.yml
h/linguist/.ncl/4,.ncl,4,NCL,pl/ncl,predicates,"[{""kind"": ""any"", ""regexes"": [""^load \"""", ""^begin$"", ""[0-9]\\.$"", ""^;""]}]",linguist/heuristics.yml
h/linguist/.nl/0,.nl,0,NL,pl/nl,predicates,"[{""kind"": ""any"", ""regexes"": [""^(b|g)[0-9]+ ""]}]",linguist/heuristics.yml
h/linguist/.nl/1,.nl,1,NewLisp,pl/newlisp,default,[],linguist/heuristics.yml
h/linguist/.nr/0,.nr,0,Roff,pl/roff,predicates,"[{""kind"": ""any"", ""regexes"": [""^\\.""]}]",linguist/heuristics.yml
h/linguist/.nr/1,.nr,1,Noir,pl/noir,default,[],linguist/heuristics.yml
h/linguist/.nu/0,.nu,0,Nushell,pl/nushell,predicates,"[{""kind"": ""any"", ""regexes"": [""^\\s*(import|export|module|def|let|let-env) ""]}]",linguist/heuristics.yml
h/linguist/.nu/1,.nu,1,Nu,pl/nu,default,[],linguist/heuristics.yml
h/linguist/.odin/0,.odin,0,Object Data Instance Notation,pl/object-data-instance-notation,predicates,"[{""kind"": ""any"", ""regexes"": [""(?:^|<)\\s*[A-Za-z0-9_]+\\s*=\\s*<""]}]",linguist/heuristics.yml
h/linguist/.odin/1,.odin,1,Odin,pl/odin,predicates,"[{""kind"": ""any"", ""regexes"": [""package\\s+\\w+|\\b(?:im|ex)port\\s*\""[\\w:./]+\""|\\w+\\s*::\\s*(?:proc|struct)\\s*\\(|^\\s*//\\s""]}]",linguist/heuristics.yml
h/linguist/.p/0,.p,0,Gnuplot,pl/gnuplot,predicates,"[{""kind"": ""any"", ""regexes"": [""^s?plot\\b"", ""^set\\s+(term|terminal|out|output|[xy]tics|[xy]label|[xy]range|style)\\b""]}]",linguist/heuristics.yml
h/linguist/.p/1,.p,1,OpenEdge ABL,pl/openedge-abl,predicates,"[{""kind"": ""any"", ""regexes"": [""(?i)\\bDEFINE\\s+(?:VARIABLE|TEMP-TABLE|BUFFER|QUERY|INPUT\\s+PARAMETER|OUTPUT\\s+PARAMETER)\\b"", ""(?i)\\bEND(?:\\s+(?:PROCEDURE|FUNCTION|DO|FOR\\s+EACH))?\\.""]}]",linguist/heuristics.yml
h/linguist/.php/0,.php,0,Hack,pl/hack,predicates,"[{""kind"": ""any"", ""regexes"": [""<\\?hh""]}]",linguist/heuristics.yml
h/linguist/.php/1,.php,1,PHP,pl/php,predicates,"[{""kind"": ""any"", ""regexes"": [""<\\?[^h]""]}]",linguist/heuristics.yml
h/linguist/.pkl/0,.pkl,0,Pkl,pl/pkl,predicates,"[{""kind"": ""any"", ""regexes"": [""^\\s*(module|import|amends|extends|local|const|fixed|abstract|open|class|typealias|@\\w+)\\b"", ""^\\s*[a-zA-Z0-9_$]+\\s*(=|{|:)|^\\s*`[^`]+`\\s*(=|{|:)|for\\s*\\(|when\\s*\\(""]}]",linguist/heuristics.yml
h/linguist/.pkl/1,.pkl,1,Pickle,pl/pickle,default,[],linguist/heuristics.yml
h/linguist/.pl/0,.pl,0,Prolog,pl/prolog,predicates,"[{""kind"": ""any"", ""regexes"": [""^[^#]*:-""]}]",linguist/heuristics.yml
h/linguist/.pl/1,.pl,1,Perl,pl/perl,predicates,"[{""kind"": ""not_any"", ""regexes"": [""^\\s*use\\s+v6\\b""]}, {""kind"": ""any"", ""regexes"": [""\\buse\\s+(?:strict\\b|v?5\\b)"", ""^\\s*use\\s+(?:constant|overload)\\b"", ""^\\s*(?:\\*|(?:our\\s*)?@)EXPORT\\s*="", ""^\\s*package\\s+[^\\W\\d]\\w*(?:::\\w+)*\\s*(?:[;{]|\\sv?\\d)"", ""[\\s$][^\\W\\d]\\w*(?::\\w+)*->[a-zA-Z_\\[({]""]}]",linguist/heuristics.yml
h/linguist/.pl/2,.pl,2,Raku,pl/raku,predicates,"[{""kind"": ""any"", ""regexes"": [""^\\s*(?:use\\s+v6\\b|\\bmodule\\b|\\b(?:my\\s+)?class\\b)""]}]",linguist/heuristics.yml
h/linguist/.plist/0,.plist,0,XML Property List,pl/xml-property-list,predicates,"[{""kind"": ""any"", ""regexes"": [""^\\s*(?:<\\?xml\\s|<!DOCTYPE\\s+plist|<plist(?:\\s+version\\s*=\\s*[\""']\\d+(?:\\.\\d+)?[\""'])?\\s*>\\s*$)""]}]",linguist/heuristics.yml
h/linguist/.plist/1,.plist,1,OpenStep Property List,pl/openstep-property-list,default,[],linguist/heuristics.yml
h/linguist/.plt/0,.plt,0,Prolog,pl/prolog,predicates,"[{""kind"": ""any"", ""regexes"": [""^\\s*:-""]}]",linguist/heuristics.yml
h/linguist/.pm/0,.pm,0,Perl,pl/perl,predicates,"[{""kind"": ""not_any"", ""regexes"": [""^\\s*use\\s+v6\\b""]}, {""kind"": ""any"", ""regexes"": [""\\buse\\s+(?:strict\\b|v?5\\b)"", ""^\\s*use\\s+(?:constant|overload)\\b"", ""^\\s*(?:\\*|(?:our\\s*)?@)EXPORT\\s*="", ""^\\s*package\\s+[^\\W\\d]\\w*(?:::\\w+)*\\s*(?:[;{]|\\sv?\\d)"", ""[\\s$][^\\W\\d]\\w*(?::\\w+)*->[a-zA-Z_\\[({]""]}]",linguist/heuristics.yml
h/linguist/.pm/1,.pm,1,Raku,pl/raku,predicates,"[{""kind"": ""any"", ""regexes"": [""^\\s*(?:use\\s+v6\\b|\\bmodule\\b|\\b(?:my\\s+)?class\\b)""]}]",linguist/heuristics.yml
h/linguist/.pm/2,.pm,2,X PixMap,pl/x-pixmap,predicates,"[{""kind"": ""any"", ""regexes"": [""^\\s*\\/\\* XPM \\*\\/""]}]",linguist/heuristics.yml
h/linguist/.pod/0,.pod,0,Pod 6,pl/pod-6,predicates,"[{""kind"": ""any"", ""regexes"": [""^[\\s&&[^\\r\\n]]*=(comment|begin pod|begin para|item\\d+)""]}]",linguist/heuristics.yml
h/linguist/.pod/1,.pod,1,Pod,pl/pod,default,[],linguist/heuristics.yml
h/linguist/.pp/0,.pp,0,Pascal,pl/pascal,predicates,"[{""kind"": ""any"", ""regexes"": [""^\\s*end[.;]""]}]",linguist/heuristics.yml
h/linguist/.pp/1,.pp,1,Puppet,pl/puppet,predicates,"[{""kind"": ""any"", ""regexes"": [""^\\s+\\w+\\s+=>\\s""]}]",linguist/heuristics.yml
h/linguist/.pro/0,.pro,0,Proguard,pl/proguard,predicates,"[{""kind"": ""any"", ""regexes"": [""^-(include\\b.*\\.pro$|keep\\b|keepclassmembers\\b|keepattributes\\b)""]}]",linguist/heuristics.yml
h/linguist/.pro/1,.pro,1,Prolog,pl/prolog,predicates,"[{""kind"": ""any"", ""regexes"": [""^[^\\[#]+:-""]}]",linguist/heuristics.yml
h/linguist/.pro/2,.pro,2,INI,pl/ini,predicates,"[{""kind"": ""any"", ""regexes"": [""last_client=""]}]",linguist/heuristics.yml
h/linguist/.pro/3,.pro,3,QMake,pl/qmake,predicates,"[{""kind"": ""any"", ""regexes"": [""HEADERS""]}, {""kind"": ""any"", ""regexes"": [""SOURCES""]}]",linguist/heuristics.yml
h/linguist/.pro/4,.pro,4,IDL,pl/idl,predicates,"[{""kind"": ""any"", ""regexes"": [""^\\s*(?i:function|pro|compile_opt) \\w[ \\w,:]*$""]}]",linguist/heuristics.yml
h/linguist/.properties/0,.properties,0,INI,pl/ini,predicates,"[{""kind"": ""any"", ""regexes"": [""^[^#!;][^=]*=""]}, {""kind"": ""any"", ""regexes"": [""^[;\\[]""]}]",linguist/heuristics.yml
h/linguist/.properties/1,.properties,1,Java Properties,pl/java-properties,predicates,"[{""kind"": ""any"", ""regexes"": [""^[^#!;][^=]*=""]}, {""kind"": ""any"", ""regexes"": [""^[#!]""]}]",linguist/heuristics.yml
h/linguist/.properties/2,.properties,2,INI,pl/ini,predicates,"[{""kind"": ""any"", ""regexes"": [""^[^#!;][^=]*=""]}]",linguist/heuristics.yml
h/linguist/.properties/3,.properties,3,Java Properties,pl/java-properties,predicates,"[{""kind"": ""any"", ""regexes"": [""^[^#!][^:]*:""]}]",linguist/heuristics.yml
h/linguist/.q/0,.q,0,q,pl/q-3,predicates,"[{""kind"": ""any"", ""regexes"": [""((?i:[A-Z.][\\w.]*:\\{)|^\\\\(cd?|d|l|p|ts?) )""]}]",linguist/heuristics.yml
h/linguist/.q/1,.q,1,HiveQL,pl/hiveql,predicates,"[{""kind"": ""any"", ""regexes"": [""(?i:SELECT\\s+[\\w*,]+\\s+FROM|(CREATE|ALTER|DROP)\\s(DATABASE|SCHEMA|TABLE))""]}]",linguist/heuristics.yml
h/linguist/.qs/0,.qs,0,Q#,pl/q-sharp,predicates,"[{""kind"": ""any"", ""regexes"": [""^((\\/{2,3})?\\s*(namespace|operation)\\b)""]}]",linguist/heuristics.yml
h/linguist/.qs/1,.qs,1,Qt Script,pl/qt-script,predicates,"[{""kind"": ""any"", ""regexes"": [""(\\w+\\.prototype\\.\\w+|===|\\bvar\\b)""]}]",linguist/heuristics.yml
h/linguist/.r/0,.r,0,Rebol,pl/rebol,predicates,"[{""kind"": ""any"", ""regexes"": [""(?i:\\bRebol\\b)""]}]",linguist/heuristics.yml
h/linguist/.r/1,.r,1,Rez,pl/rez,predicates,"[{""kind"": ""any"", ""regexes"": [""(#include\\s+[\""<](Types\\.r|Carbon\\/Carbon\\.r)[\"">])|((resource|data|type)\\s+'[A-Za-z0-9]{4}'\\s+((\\(.*\\)\\s+){0,1}){)""]}]",linguist/heuristics.yml
h/linguist/.r/2,.r,2,R,pl/r,predicates,"[{""kind"": ""any"", ""regexes"": [""<-|^\\s*#""]}]",linguist/heuristics.yml
h/linguist/.re/0,.re,0,Reason,pl/reason,predicates,"[{""kind"": ""any"", ""regexes"": [""^\\s*module\\s+type\\s"", ""^\\s*(?:include|open)\\s+\\w+\\s*;\\s*$"", ""^\\s*let\\s+(?:module\\s\\w+\\s*=\\s*\\{|\\w+:\\s+.*=.*;\\s*$)""]}]",linguist/heuristics.yml
h/linguist/.re/1,.re,1,C++,pl/cpp,predicates,"[{""kind"": ""any"", ""regexes"": [""^\\s*#(?:(?:if|ifdef|define|pragma)\\s+\\w|\\s*include\\s+<[^>]+>)"", ""^\\s*template\\s*<""]}]",linguist/heuristics.yml
h/linguist/.res/0,.res,0,ReScript,pl/rescript,predicates,"[{""kind"": ""any"", ""regexes"": [""^\\s*(let|module|type)\\s+\\w*\\s+=\\s+"", ""^\\s*(?:include|open)\\s+\\w+\\s*$""]}]",linguist/heuristics.yml
h/linguist/.resource/0,.resource,0,RobotFramework,pl/robotframework,predicates,"[{""kind"": ""any"", ""regexes"": [""^\\*{3} (Settings|Variables|Keywords) \\*{3}$""]}]",linguist/heuristics.yml
h/linguist/.rno/0,.rno,0,RUNOFF,pl/runoff,predicates,"[{""kind"": ""any"", ""regexes"": [""(?i:^\\.!|^\\f|\\f$|^\\.end lit(?:eral)?\\b|^\\.[a-zA-Z].*?;\\.[a-zA-Z](?:[; \\t])|\\^\\*[^\\s*][^*]*\\\\\\*(?:$|\\s)|^\\.c;[ \\t]*\\w+)""]}]",linguist/heuristics.yml
h/linguist/.rno/1,.rno,1,Roff,pl/roff,predicates,"[{""kind"": ""any"", ""regexes"": [""^\\.\\\\\"" ""]}]",linguist/heuristics.yml
h/linguist/.rpy/0,.rpy,0,Python,pl/python,predicates,"[{""kind"": ""any"", ""regexes"": [""^(import|from|class|def)\\s""]}]",linguist/heuristics.yml
h/linguist/.rpy/1,.rpy,1,Ren'Py,pl/renpy,default,[],linguist/heuristics.yml
h/linguist/.rs/0,.rs,0,Rust,pl/rust,predicates,"[{""kind"": ""any"", ""regexes"": [""^(use |fn |mod |pub |macro_rules|impl|#!?\\[)""]}]",linguist/heuristics.yml
h/linguist/.rs/1,.rs,1,RenderScript,pl/renderscript,predicates,"[{""kind"": ""any"", ""regexes"": [""#include|#pragma\\s+(rs|version)|__attribute__""]}]",linguist/heuristics.yml
h/linguist/.rs/2,.rs,2,XML,pl/xml,predicates,"[{""kind"": ""any"", ""regexes"": [""^\\s*<\\?xml""]}]",linguist/heuristics.yml
h/linguist/.s/0,.s,0,Unix Assembly,pl/unix-assembly,predicates,"[{""kind"": ""any"", ""regexes"": [""(?i:mov[lq]?)\\s+[%\\$]""]}]",linguist/heuristics.yml
h/linguist/.s/1,.s,1,Assembly,pl/assembly,predicates,"[{""kind"": ""any"", ""regexes"": [""(?i:mov)\\s+[^\\s%]{2,},""]}]",linguist/heuristics.yml
h/linguist/.s/2,.s,2,Motorola 68K Assembly,pl/motorola-68k-assembly,predicates,"[{""kind"": ""any"", ""regexes"": [""(?im)\\bmoveq(?:\\.l)?\\s+#(?:\\$-?[0-9a-f]{1,3}|%[0-1]{1,8}|-?[0-9]{1,3}),\\s*d[0-7]\\b"", ""(?im)^\\s*move(?:\\.[bwl])?\\s+(?:sr|usp),\\s*[^\\s]+"", ""(?im)^\\s*move\\.[bwl]\\s+.*\\b[ad]\\d"", ""(?im)^\\s*movem\\.[bwl]\\b"", ""(?im)^\\s*move[mp](?:\\.[wl])?\\b"", ""(?im)^\\s*btst\\b"", ""(?im)^\\s*dbra\\b""]}]",linguist/heuristics.yml
h/linguist/.sc/0,.sc,0,SuperCollider,pl/supercollider,predicates,"[{""kind"": ""any"", ""regexes"": [""(?i:\\^(this|super)\\.|^\\s*~\\w+\\s*=\\.)""]}]",linguist/heuristics.yml
h/linguist/.sc/1,.sc,1,Scala,pl/scala,predicates,"[{""kind"": ""any"", ""regexes"": [""(^\\s*import (scala|java)\\.|^\\s*class\\b)""]}]",linguist/heuristics.yml
h/linguist/.scd/0,.scd,0,SuperCollider,pl/supercollider,predicates,"[{""kind"": ""any"", ""regexes"": [""(?i:\\^(this|super)\\.|^\\s*(~\\w+\\s*=\\.|SynthDef\\b))""]}]",linguist/heuristics.yml
h/linguist/.scd/1,.scd,1,Markdown,pl/markdown,predicates,"[{""kind"": ""any"", ""regexes"": [""^#+\\s+(NAME|SYNOPSIS|DESCRIPTION)""]}]",linguist/heuristics.yml
h/linguist/.scm/0,.scm,0,Tree-sitter Query,pl/tree-sitter-query,predicates,"[{""kind"": ""any"", ""regexes"": [""\\(#[\\w-]+[!\\?]"", ""(?:[\\)\\]]\\s*[\\*\\+\\?](?:\\s|$))"", ""(?:^\\s*\\w+:\\s*[\\(\\[\\\""])"", ""\\(#(?:set!|(?:not-)?(?:any-of|match)\\?)"", ""@[\\w.-]+(?:\\)\\s|$)""]}, {""kind"": ""not_any"", ""regexes"": [""\\([+\\-:<>\\/=~\\)]""]}]",linguist/heuristics.yml
h/linguist/.scm/1,.scm,1,Scheme,pl/scheme,predicates,"[{""kind"": ""any"", ""regexes"": [""(?:'[\\(\\*#]|\\w->\\w|\\.\\.\\.[\\s\\)]|\\([+\\-:<>\\/=~\\)]|~>|[#`]\\(|#:\\w)"", ""^\\s*\\((?:define\\*?|import|library|lambda)""]}, {""kind"": ""not_any"", ""regexes"": [""\\(#[\\w-]+[!\\?]"", ""(?:[\\)\\]]\\s*[\\*\\+\\?](?:\\s|$))"", ""@[\\w.-]+(?:\\)\\s|$)""]}]",linguist/heuristics.yml
h/linguist/.sol/0,.sol,0,Solidity,pl/solidity,predicates,"[{""kind"": ""any"", ""regexes"": [""\\bpragma\\s+solidity\\b|\\b(?:abstract\\s+)?contract\\s+[a-zA-Z$_][a-zA-Z0-9$_]*(?:\\s+is\\s+(?:[a-zA-Z0-9$_][^\\{]*?)?)?\\s*\\{""]}]",linguist/heuristics.yml
h/linguist/.sol/1,.sol,1,Gerber Image,pl/gerber-image,predicates,"[{""kind"": ""any"", ""regexes"": [""^[DGMT][0-9]{2}\\*(?:\\r?\\n|\\r)""]}]",linguist/heuristics.yml
h/linguist/.sql/0,.sql,0,PLpgSQL,pl/plpgsql,predicates,"[{""kind"": ""any"", ""regexes"": [""(?i:^\\\\i\\b|AS\\s+\\$\\$|LANGUAGE\\s+'?plpgsql'?|BEGIN(\\s+WORK)?\\s*;)""]}]",linguist/heuristics.yml
h/linguist/.sql/1,.sql,1,SQLPL,pl/sqlpl,predicates,"[{""kind"": ""any"", ""regexes"": [""(?i:ALTER\\s+MODULE|MODE\\s+DB2SQL|\\bSYS(CAT|PROC)\\.|ASSOCIATE\\s+RESULT\\s+SET|\\bEND!\\s*$)""]}]",linguist/heuristics.yml
h/linguist/.sql/2,.sql,2,PLSQL,pl/plsql,predicates,"[{""kind"": ""any"", ""regexes"": [""(?i:\\$\\$PLSQL_|XMLTYPE|systimestamp|\\.nextval|CONNECT\\s+BY|AUTHID\\s+(DEFINER|CURRENT_USER)|constructor\\W+function)""]}]",linguist/heuristics.yml
h/linguist/.sql/3,.sql,3,TSQL,pl/tsql,predicates,"[{""kind"": ""any"", ""regexes"": [""(?i:^\\s*GO\\b|BEGIN(\\s+TRY|\\s+CATCH)|OUTPUT\\s+INSERTED|DECLARE\\s+@|\\[dbo\\])""]}]",linguist/heuristics.yml
h/linguist/.sql/4,.sql,4,SQL,pl/sql,default,[],linguist/heuristics.yml
h/linguist/.srt/0,.srt,0,SubRip Text,pl/subrip-text,predicates,"[{""kind"": ""any"", ""regexes"": [""^(\\d{2}:\\d{2}:\\d{2},\\d{3})\\s*(-->)\\s*(\\d{2}:\\d{2}:\\d{2},\\d{3})$""]}]",linguist/heuristics.yml
h/linguist/.srv/0,.srv,0,ROS Interface,pl/ros-interface,predicates,"[{""kind"": ""any"", ""regexes"": [""(?i)^[a-z]\\w*(?:\\/[a-z]\\w*)?(?:<=\\d+)?(?:\\[(?:<=\\d+)?\\])?\\s+\\w+\\b""]}, {""kind"": ""any"", ""regexes"": [""^---\\s*$""]}, {""kind"": ""not_any"", ""regexes"": [""^\\s*[^\\s@#\\w-]""]}]",linguist/heuristics.yml
h/linguist/.st/0,.st,0,StringTemplate,pl/stringtemplate,predicates,"[{""kind"": ""any"", ""regexes"": [""\\$\\w+[($]|.!\\s*.+?\\s*!.|<!\\s*.+?\\s*!>|\\[!\\s*.+?\\s*!\\]|\\{!\\s*.+?\\s*!\\}""]}]",linguist/heuristics.yml
h/linguist/.st/1,.st,1,Smalltalk,pl/smalltalk,predicates,"[{""kind"": ""any"", ""regexes"": [""\\A\\s*[\\[{(^\""'\\w#]|[a-zA-Z_]\\w*\\s*:=\\s*[a-zA-Z_]\\w*|class\\s*>>\\s*[a-zA-Z_]\\w*|^[a-zA-Z_]\\w*\\s+[a-zA-Z_]\\w*:|^Class\\s*\\{|if(?:True|False):\\s*\\[""]}]",linguist/heuristics.yml
h/linguist/.star/0,.star,0,STAR,pl/star-5,predicates,"[{""kind"": ""any"", ""regexes"": [""^loop_\\s*$""]}]",linguist/heuristics.yml
h/linguist/.star/1,.star,1,Starlark,pl/starlark,default,[],linguist/heuristics.yml
h/linguist/.stl/0,.stl,0,STL,pl/stl,predicates,"[{""kind"": ""any"", ""regexes"": [""\\A\\s*solid(?:$|\\s)[\\s\\S]*^endsolid(?:$|\\s)""]}]",linguist/heuristics.yml
h/linguist/.svx/0,.svx,0,Survex data,pl/survex-data,predicates,"[{""kind"": ""any"", ""regexes"": [""\\A(;|\\*[^*]+$)""]}]",linguist/heuristics.yml
h/linguist/.svx/1,.svx,1,mdsvex,pl/mdsvex,default,[],linguist/heuristics.yml
h/linguist/.sw/0,.sw,0,Sway,pl/sway,predicates,"[{""kind"": ""any"", ""regexes"": [""^\\s*(?:(?:abi|dep|fn|impl|mod|pub|trait)\\s|#\\[)""]}]",linguist/heuristics.yml
h/linguist/.sw/1,.sw,1,XML,pl/xml,predicates,"[{""kind"": ""any"", ""regexes"": [""^\\s*<\\?xml\\s+version""]}]",linguist/heuristics.yml
h/linguist/.t/0,.t,0,Perl,pl/perl,predicates,"[{""kind"": ""not_any"", ""regexes"": [""^\\s*use\\s+v6\\b""]}, {""kind"": ""any"", ""regexes"": [""\\buse\\s+(?:strict\\b|v?5\\b)"", ""^\\s*use\\s+(?:constant|overload)\\b"", ""^\\s*(?:\\*|(?:our\\s*)?@)EXPORT\\s*="", ""^\\s*package\\s+[^\\W\\d]\\w*(?:::\\w+)*\\s*(?:[;{]|\\sv?\\d)"", ""[\\s$][^\\W\\d]\\w*(?::\\w+)*->[a-zA-Z_\\[({]""]}]",linguist/heuristics.yml
h/linguist/.t/1,.t,1,Raku,pl/raku,predicates,"[{""kind"": ""any"", ""regexes"": [""^\\s*(?:use\\s+v6\\b|\\bmodule\\b|\\bmy\\s+class\\b)""]}]",linguist/heuristics.yml
h/linguist/.t/2,.t,2,Turing,pl/turing,predicates,"[{""kind"": ""any"", ""regexes"": [""^\\s*%[ \\t]+|^\\s*var\\s+\\w+(\\s*:\\s*\\w+)?\\s*:=\\s*\\w+""]}]",linguist/heuristics.yml
h/linguist/.tact/0,.tact,0,JSON,pl/json,predicates,"[{""kind"": ""any"", ""regexes"": [""\\A\\s*\\{\\\""""]}]",linguist/heuristics.yml
h/linguist/.tact/1,.tact,1,Tact,pl/tact,default,[],linguist/heuristics.yml
h/linguist/.tag/0,.tag,0,Java Server Pages,pl/java-server-pages,predicates,"[{""kind"": ""any"", ""regexes"": [""<%[@!=\\s]?\\s*(taglib|tag|include|attribute|variable)\\s""]}]",linguist/heuristics.yml
h/linguist/.tl/0,.tl,0,Teal,pl/teal,predicates,"[{""kind"": ""any"", ""regexes"": [""--.*""]}, {""kind"": ""any"", ""regexes"": [""\\b(local|function|end|record|interface|enum)\\b""]}]",linguist/heuristics.yml
h/linguist/.tl/1,.tl,1,Type Language,pl/type-language,default,[],linguist/heuristics.yml
h/linguist/.tlv/0,.tlv,0,TL-Verilog,pl/tl-verilog,predicates,"[{""kind"": ""any"", ""regexes"": [""^\\\\.{0,10}TLV_version""]}]",linguist/heuristics.yml
h/linguist/.toc/0,.toc,0,World of Warcraft Addon Data,pl/world-of-warcraft-addon-data,predicates,"[{""kind"": ""any"", ""regexes"": [""^## |@no-lib-strip@""]}]",linguist/heuristics.yml
h/linguist/.toc/1,.toc,1,TeX,pl/tex,predicates,"[{""kind"": ""any"", ""regexes"": [""^\\\\(contentsline|defcounter|beamer|boolfalse)""]}]",linguist/heuristics.yml
h/linguist/.tpl/0,.tpl,0,Go Template,pl/go-template,predicates,"[{""kind"": ""any"", ""regexes"": [""\\{\\{-?\\s*(\\`?\\\""\\\\?\\\""?|\\/\\*\\s|\\w*)\\b""]}]",linguist/heuristics.yml
h/linguist/.tpl/1,.tpl,1,Smarty,pl/smarty,predicates,"[{""kind"": ""any"", ""regexes"": [""(?<!\\{)\\{(\\*\\s|\\$|\\/)?\\w*\\b""]}]",linguist/heuristics.yml
h/linguist/.ts/0,.ts,0,XML,pl/xml,predicates,"[{""kind"": ""any"", ""regexes"": [""<TS\\b""]}]",linguist/heuristics.yml
h/linguist/.ts/1,.ts,1,TypeScript,pl/typescript,default,[],linguist/heuristics.yml
h/linguist/.tsp/0,.tsp,0,TypeSpec,pl/typespec,predicates,"[{""kind"": ""any"", ""regexes"": [""^(import|using|namespace|interface|op|model|scalar|alias|union|enum)\\s""]}]",linguist/heuristics.yml
h/linguist/.tsp/1,.tsp,1,TSPLIB data,pl/tsplib-data,predicates,"[{""kind"": ""any"", ""regexes"": [""^(NAME|TYPE|DIMENSION|EDGE_WEIGHT_TYPE|EDGE_WEIGHT_FORMAT)\\s*:""]}]",linguist/heuristics.yml
h/linguist/.tst/0,.tst,0,GAP,pl/gap,predicates,"[{""kind"": ""any"", ""regexes"": [""gap> ""]}]",linguist/heuristics.yml
h/linguist/.tst/1,.tst,1,Scilab,pl/scilab,default,[],linguist/heuristics.yml
h/linguist/.tsx/0,.tsx,0,XML,pl/xml,predicates,"[{""kind"": ""any"", ""regexes"": [""(?i:^\\s*<\\?xml\\s+version)""]}]",linguist/heuristics.yml
h/linguist/.tsx/1,.tsx,1,TSX,pl/tsx,default,[],linguist/heuristics.yml
h/linguist/.txt/0,.txt,0,Vim Help File,pl/vim-help-file,predicates,"[{""kind"": ""any"", ""regexes"": [""(?:(?:^|[ \\t])(?:vi|Vi(?=m))(?:m[<=>]?[0-9]+|m)?|[ \\t]ex)(?=:(?=[ \\t]*set?[ \\t][^\\r\\n:]+:)|:(?![ \\t]*set?[ \\t]))(?:(?:[ \\t]*:[ \\t]*|[ \\t])\\w*(?:[ \\t]*=(?:[^\\\\\\s]|\\\\.)*)?)*[ \\t:](?:filetype|ft|syntax)[ \\t]*=(help)(?=$|\\s|:)""]}]",linguist/heuristics.yml
h/linguist/.txt/1,.txt,1,Hosts File,pl/hosts-file,predicates,"[{""kind"": ""any"", ""regexes"": [""(?xi) ^\n\n# IPv4 address\n(?<ipv4>\n  (?!\\.)\n  (?:\\.?\n    (?: 25[0-5]  # 250-255\n    |   2[0-4]\\d # 200-249\n    |   1\\d\\d    # 100-199\n    |   [1-9]?\\d # 0-99\n    )\\b\n){4})\n\n# CIDR notation: /[0-32]\n(?<cidr>/(3[0-2]|[12]?\\d)\\b)?\n\n# Domains list\n(?<domains>\n  [ \\t]+\n  \\w[-\\w]* (?:\\.\\w[-\\w]*)*\n  (?<!-)\\b\n)*+\n\n(?:$|\\s)""]}]",linguist/heuristics.yml
h/linguist/.txt/2,.txt,2,Adblock Filter List,pl/adblock-filter-list,predicates,"[{""kind"": ""any"", ""regexes"": [""(?x)\\A\n\\[\n(?<version>\n  (?:\n    [Aa]d[Bb]lock\n    (?:[ \\t][Pp]lus)?\n    |\n    u[Bb]lock\n    (?:[ \\t][Oo]rigin)?\n    |\n    [Aa]d[Gg]uard\n  )\n  (?:[ \\t] \\d+(?:\\.\\d+)*+)?\n)\n(?:\n  [ \\t]?;[ \\t]?\n  \\g<version>\n)*+\n\\]""]}]",linguist/heuristics.yml
h/linguist/.txt/3,.txt,3,Text,pl/text,default,[],linguist/heuristics.yml
h/linguist/.typ/0,.typ,0,Typst,pl/typst,predicates,"[{""kind"": ""any"", ""regexes"": [""^#(import|show|let|set)""]}]",linguist/heuristics.yml
h/linguist/.typ/1,.typ,1,XML,pl/xml,default,[],linguist/heuristics.yml
h/linguist/.url/0,.url,0,INI,pl/ini,predicates,"[{""kind"": ""any"", ""regexes"": [""^\\[InternetShortcut\\](?:\\r?\\n|\\r)([^\\s\\[][^\\r\\n]*(?:\\r?\\n|\\r)){0,20}URL=""]}]",linguist/heuristics.yml
h/linguist/.v/0,.v,0,Rocq Prover,pl/rocq-prover,predicates,"[{""kind"": ""any"", ""regexes"": [""(?:^|\\s)(?:Proof|Qed)\\.(?:$|\\s)|(?:^|\\s)Require[ \\t]+(Import|Export)\\s""]}]",linguist/heuristics.yml
h/linguist/.v/1,.v,1,Verilog,pl/verilog,predicates,"[{""kind"": ""any"", ""regexes"": [""^[ \\t]*module\\s+[^\\s()]+\\s*\\#?\\(|^[ \\t]*`(?:define|ifdef|ifndef|include|timescale|pragma)|^[ \\t]*always[ \\t]*@|^[ \\t]*initial[ \\t]*(begin|@)""]}]",linguist/heuristics.yml
h/linguist/.v/2,.v,2,V,pl/v,predicates,"[{""kind"": ""any"", ""regexes"": [""\\$(?:if|else)[ \\t]|^[ \\t]*fn\\s+[^\\s()]+\\(.*?\\).*?\\{|^[ \\t]*for\\s*\\{""]}]",linguist/heuristics.yml
h/linguist/.vba/0,.vba,0,Vim Script,pl/vim-script,predicates,"[{""kind"": ""any"", ""regexes"": [""^UseVimball""]}]",linguist/heuristics.yml
h/linguist/.vba/1,.vba,1,VBA,pl/vba,default,[],linguist/heuristics.yml
h/linguist/.vcf/0,.vcf,0,TSV,pl/tsv,predicates,"[{""kind"": ""any"", ""regexes"": [""\\A##fileformat=VCF""]}]",linguist/heuristics.yml
h/linguist/.vcf/1,.vcf,1,vCard,pl/vcard,predicates,"[{""kind"": ""any"", ""regexes"": [""\\ABEGIN:VCARD""]}]",linguist/heuristics.yml
h/linguist/.w/0,.w,0,OpenEdge ABL,pl/openedge-abl,predicates,"[{""kind"": ""any"", ""regexes"": [""&ANALYZE-SUSPEND _UIB-CODE-BLOCK _CUSTOM _DEFINITIONS""]}]",linguist/heuristics.yml
h/linguist/.w/1,.w,1,CWeb,pl/cweb,predicates,"[{""kind"": ""any"", ""regexes"": [""^@(<|\\w+\\.)""]}]",linguist/heuristics.yml
h/linguist/.x/0,.x,0,DirectX 3D File,pl/directx-3d-file,predicates,"[{""kind"": ""any"", ""regexes"": [""^xof 030(2|3)(?:txt|bin|tzip|bzip)\\b""]}]",linguist/heuristics.yml
h/linguist/.x/1,.x,1,RPC,pl/rpc,predicates,"[{""kind"": ""any"", ""regexes"": [""\\b(program|version)\\s+\\w+\\s*\\{|\\bunion\\s+\\w+\\s+switch\\s*\\(""]}]",linguist/heuristics.yml
h/linguist/.x/2,.x,2,Logos,pl/logos,predicates,"[{""kind"": ""any"", ""regexes"": [""^%(end|ctor|hook|group)\\b""]}]",linguist/heuristics.yml
h/linguist/.x/3,.x,3,Linker Script,pl/linker-script,predicates,"[{""kind"": ""any"", ""regexes"": [""OUTPUT_ARCH\\(|OUTPUT_FORMAT\\(|SECTIONS""]}]",linguist/heuristics.yml
h/linguist/.yaml/0,.yaml,0,MiniYAML,pl/miniyaml,predicates,"[{""kind"": ""any"", ""regexes"": [""^\\t+.*?[^\\s:].*?:""]}, {""kind"": ""not_any"", ""regexes"": [""---""]}]",linguist/heuristics.yml
h/linguist/.yaml/1,.yaml,1,OASv2-yaml,pl/oasv2-yaml,predicates,"[{""kind"": ""any"", ""regexes"": [""swagger:\\s?'?\""?2.[0-9.]+'?\""?""]}]",linguist/heuristics.yml
h/linguist/.yaml/2,.yaml,2,OASv3-yaml,pl/oasv3-yaml,predicates,"[{""kind"": ""any"", ""regexes"": [""openapi:\\s?'?\""?3.[0-9.]+'?\""?""]}]",linguist/heuristics.yml
h/linguist/.yaml/3,.yaml,3,YAML,pl/yaml,default,[],linguist/heuristics.yml
h/linguist/.yml/0,.yml,0,MiniYAML,pl/miniyaml,predicates,"[{""kind"": ""any"", ""regexes"": [""^\\t+.*?[^\\s:].*?:""]}, {""kind"": ""not_any"", ""regexes"": [""---""]}]",linguist/heuristics.yml
h/linguist/.yml/1,.yml,1,OASv2-yaml,pl/oasv2-yaml,predicates,"[{""kind"": ""any"", ""regexes"": [""swagger:\\s?'?\""?2.[0-9.]+'?\""?""]}]",linguist/heuristics.yml
h/linguist/.yml/2,.yml,2,OASv3-yaml,pl/oasv3-yaml,predicates,"[{""kind"": ""any"", ""regexes"": [""openapi:\\s?'?\""?3.[0-9.]+'?\""?""]}]",linguist/heuristics.yml
h/linguist/.yml/3,.yml,3,YAML,pl/yaml,default,[],linguist/heuristics.yml
h/linguist/.yy/0,.yy,0,JSON,pl/json,predicates,"[{""kind"": ""any"", ""regexes"": [""\\A\\s*[{\\[]""]}]",linguist/heuristics.yml
h/linguist/.yy/1,.yy,1,Yacc,pl/yacc,default,[],linguist/heuristics.yml
