pl_id,alias,source
pl/unknown-16,Slashes,repo
pl/unknown-16,Triple Slash,repo
pl/1c-enterprise,1C Enterprise,hyperpolyglot
pl/1c-enterprise,1C Enterprise,linguist
pl/4d,4th Dimension,repo
pl/4d,4D Language,repo
pl/action,Action!,rosettacode
pl/actionscript,as,pygments
pl/ada,ada95,pygments
pl/ada,ada2005,pygments
pl/ada-programming-language,ada,pygments
pl/ada-programming-language,ada95,pygments
pl/ada-programming-language,ada2005,pygments
pl/ada-programming-language,Ada,hyperpolyglot
pl/adblock-filter-list,text,pygments
pl/adobe-font-metrics,Adobe Font Metrics,hyperpolyglot
pl/adobe-font-metrics,Adobe Font Metrics,linguist
pl/agda-programming-language,agda,pygments
pl/agda-programming-language,Agda,hyperpolyglot
pl/ags-script,asc,pygments
pl/ags-script,pem,pygments
pl/ags-script,AGS Script,hyperpolyglot
pl/ags-script,AGS Script,linguist
pl/ajsone,Abusing JSON Esolang,repo
pl/algol,portugol,pygments
pl/alpine-abuild,Alpine Abuild,hyperpolyglot
pl/alpine-abuild,Alpine Abuild,linguist
pl/ambienttalk,ambienttalk/2,pygments
pl/ambienttalk,at,pygments
pl/amiga-e,AmigaE,rosettacode
pl/angelscript,actionscript,pygments
pl/angelscript,as,pygments
pl/ant-build-system,Ant Build System,hyperpolyglot
pl/ant-build-system,Ant Build System,linguist
pl/apache,apacheconf,pygments
pl/apache,aconf,pygments
pl/apacheconf,aconf,pygments
pl/apacheconf,apache,pygments
pl/apex,openedge,pygments
pl/apex,abl,pygments
pl/apex,progress,pygments
pl/api-blueprint,API Blueprint,hyperpolyglot
pl/api-blueprint,API Blueprint,linguist
pl/apl-programming-language,apl,pygments
pl/apl-programming-language,APL,hyperpolyglot
pl/apollo-guidance-computer,Apollo Guidance Computer,hyperpolyglot
pl/apollo-guidance-computer,Apollo Guidance Computer,linguist
pl/applesoft-basic,Applesoft BASIC,rosettacode
pl/arexx,rexx,pygments
pl/arturo,art,pygments
pl/asciidoc,asc,pygments
pl/asciidoc,pem,pygments
pl/ash,Almquist shell,repo
pl/asm,gas,pygments
pl/asn-1-2,asn1,pygments
pl/asn-1-2,ASN1,repo
pl/asn-1-2,Abstract Syntax Notation One,repo
pl/asp-net,aspx-vb,pygments
pl/assembly,nasm,pygments
pl/assembly,asm,repo
pl/assembly,machine code,repo
pl/asymptote,asy,pygments
pl/at-2,ambienttalk,pygments
pl/at-2,ambienttalk/2,pygments
pl/autohotkey,ahk,pygments
pl/avro-idl,Apache Avro IDL,repo
pl/avro-idl,AVDL,repo
pl/awk,gawk,pygments
pl/awk,mawk,pygments
pl/awk,nawk,pygments
pl/aya,Aya Prover,repo
pl/b4x,vb.net,pygments
pl/b4x,vbnet,pygments
pl/b4x,lobas,pygments
pl/b4x,oobas,pygments
pl/b4x,sobas,pygments
pl/b4x,visual-basic,pygments
pl/b4x,visualbasic,pygments
pl/b4x,B4A,repo
pl/b4x,B4J,repo
pl/b4x,B4i,repo
pl/b4x,B4R,repo
pl/bal,Basic Assembly Language,repo
pl/bal,System/360 Assembly,repo
pl/bash,sh,pygments
pl/bash,ksh,pygments
pl/bash,zsh,pygments
pl/bash,shell,pygments
pl/bash,openrc,pygments
pl/basic,qbasic,pygments
pl/basic-256,BASIC256,rosettacode
pl/batch,bat,pygments
pl/batch,dosbatch,pygments
pl/batch,winbatch,pygments
pl/batchfile,batch,pygments
pl/batchfile,bat,pygments
pl/batchfile,dosbatch,pygments
pl/batchfile,winbatch,pygments
pl/batchfile,Batch File,rosettacode
pl/batchfile,Batch,repo
pl/batchfile,Windows Batch,repo
pl/batchfile,CMD,repo
pl/batchfile,MS-DOS Batch,repo
pl/bazel,python,pygments
pl/bazel,py,pygments
pl/bazel,sage,pygments
pl/bazel,python3,pygments
pl/bazel,py3,pygments
pl/bazel,starlark,pygments
pl/bazel,pyi,pygments
pl/bc,basic calculator,repo
pl/bc,bench calculator,repo
pl/beef,brainfuck,pygments
pl/beef,bf,pygments
pl/berry,be,pygments
pl/bf-joust,BFJoust,repo
pl/bf-joust,Brainfuck Joust,repo
pl/bfasm,Brainfuck Assembly,repo
pl/bfasm,bf-asm,repo
pl/bibtex,bib,pygments
pl/bibtex-style,bst,pygments
pl/bibtex-style,bst-pybtex,pygments
pl/bitbake,pov,pygments
pl/bitbitjump,BBJ,repo
pl/blitzbasic,b3d,pygments
pl/blitzbasic,bplus,pygments
pl/blitzmax,bmax,pygments
pl/boo-programming-language,boo,pygments
pl/boo-programming-language,Boo,hyperpolyglot
pl/brainfuck,bf,pygments
pl/brainif,Brainf***,rosettacode
pl/bro,zeek,pygments
pl/brook,BrookGPU,repo
pl/brook,Brook for GPUs,repo
pl/buildstream,bst,pygments
pl/buildstream,bst-pybtex,pygments
pl/cpp,cpp,pygments
pl/cpp,ΜC++,rosettacode
pl/cpp,CPP,repo
pl/c-programming-language,c,pygments
pl/c-programming-language,C,hyperpolyglot
pl/csharp,csharp,pygments
pl/csharp,cs,pygments
pl/csharp,C sharp,rosettacode
pl/csharp,csharp,repo
pl/c-sharp-programming-language,csharp,pygments
pl/c-sharp-programming-language,c#,pygments
pl/c-sharp-programming-language,cs,pygments
pl/c-sharp-programming-language,C#,hyperpolyglot
pl/cache-objectscript,Caché ObjectScript,rosettacode
pl/calscript,Calcscript,rosettacode
pl/cameligo,CamelLIGO,repo
pl/capn-proto,capnp,pygments
pl/capn-proto,capnproto,repo
pl/capn-proto,capnp,repo
pl/chaiscript,chai,pygments
pl/chapel,chpl,pygments
pl/cheetah,spitfire,pygments
pl/chipmunk-basic,Chipmunk Basic,rosettacode
pl/chr,Constraint Handling Rules,repo
pl/classic-asp,ASP,hyperpolyglot
pl/classic-asp,ASP,rosettacode
pl/clipper,foxpro,pygments
pl/clipper,vfp,pygments
pl/clipper,xbase,pygments
pl/clojure,clj,pygments
pl/clojurescript,cljs,pygments
pl/closure-templates,Closure Templates,hyperpolyglot
pl/closure-templates,Closure Templates,linguist
pl/cloud-firestore-security-rules,Cloud Firestore Security Rules,hyperpolyglot
pl/cloud-firestore-security-rules,Cloud Firestore Security Rules,linguist
pl/codeql,ql,pygments
pl/coffeescript,coffee-script,pygments
pl/coffeescript,coffee,pygments
pl/coldfusion,cfm,pygments
pl/coldfusion-cfc,cfc,pygments
pl/comal,comal80,pygments
pl/comefrom0x10,cf0x10,repo
pl/commodore-basic,Commodore BASIC,rosettacode
pl/common-lisp,cl,pygments
pl/common-lisp,lisp,pygments
pl/common-lisp,Common Lisp,hyperpolyglot
pl/common-lisp,Lisp,rosettacode
pl/common-lisp,Common Lisp,linguist
pl/common-workflow-language,Common Workflow Language,hyperpolyglot
pl/common-workflow-language,Common Workflow Language,linguist
pl/component-pascal,componentpascal,pygments
pl/component-pascal,cp,pygments
pl/component-pascal,Component Pascal,hyperpolyglot
pl/component-pascal,Component Pascal,rosettacode
pl/component-pascal,Component Pascal,linguist
pl/cool,visualprolog,pygments
pl/cp,componentpascal,pygments
pl/cpp-3,c++,pygments
pl/cpp-3,C++,hyperpolyglot
pl/cpp-objdump,c++-objdumb,pygments
pl/cpp-objdump,cxx-objdump,pygments
pl/creative-basic,Creative Basic,rosettacode
pl/crmsh,pcmk,pygments
pl/cry,cryptol,pygments
pl/cryptol,cry,pygments
pl/crystal,cr,pygments
pl/crystal-programming-language,cr,pygments
pl/crystal-programming-language,crystal,pygments
pl/crystal-programming-language,Crystal,hyperpolyglot
pl/csharp-2,c#,pygments
pl/csharp-2,cs,pygments
pl/csharp-2,C#,hyperpolyglot
pl/csound,csound-orc,pygments
pl/csound-document,csound-document,pygments
pl/csound-document,csound-csd,pygments
pl/csound-score,csound-score,pygments
pl/csound-score,csound-sco,pygments
pl/css-script,css,pygments
pl/css-script,CSS,hyperpolyglot
pl/cuda,cu,pygments
pl/cython,pyx,pygments
pl/cython,pyrex,pygments
pl/d-programming-language,d,pygments
pl/d-programming-language,D,hyperpolyglot
pl/darcs-patch,dpatch,pygments
pl/dark,Darklang,repo
pl/darsimco,Dartmouth Simplified Code,repo
pl/delphi,pas,pygments
pl/delphi,pascal,pygments
pl/delphi,objectpascal,pygments
pl/devicetree,dts,pygments
pl/diff,udiff,pygments
pl/digital-command-language,DIGITAL Command Language,hyperpolyglot
pl/digital-command-language,DCL,rosettacode
pl/digital-command-language,DIGITAL Command Language,linguist
pl/django,jinja,pygments
pl/dns-zone,zone,pygments
pl/do,stata,pygments
pl/docker,dockerfile,pygments
pl/dockerfile,docker,pygments
pl/dot,graphviz,pygments
pl/dragoon,Dragon,rosettacode
pl/dscript,DWScript,rosettacode
pl/dts,devicetree,pygments
pl/duel,jbst,pygments
pl/duel,jsonml+bst,pygments
pl/dwim,Do What I Mean,repo
pl/e-programming-language,E,hyperpolyglot
pl/e-mail,email,pygments
pl/e-mail,eml,pygments
pl/e-mail,EML,hyperpolyglot
pl/earl-grey,earlgrey,pygments
pl/earl-grey,eg,pygments
pl/eclipse,prolog,pygments
pl/eclipse,Eclipse CLP,repo
pl/ecmarkup,html,pygments
pl/edje-data-collection,Edje Data Collection,hyperpolyglot
pl/edje-data-collection,Edje Data Collection,linguist
pl/eiffel,Eiffel Programming Language,repo
pl/elixir,ex,pygments
pl/elixir,exs,pygments
pl/elixir-programming-language,elixir,pygments
pl/elixir-programming-language,ex,pygments
pl/elixir-programming-language,exs,pygments
pl/elixir-programming-language,Elixir,hyperpolyglot
pl/elm,elm-lang,repo
pl/emacs-lisp,elisp,pygments
pl/emacs-lisp,emacs,pygments
pl/emacs-lisp,Emacs Lisp,hyperpolyglot
pl/emacs-lisp,Emacs Lisp,rosettacode
pl/emacs-lisp,Emacs Lisp,linguist
pl/eml,email,pygments
pl/erlang-programming-language,erlang,pygments
pl/erlang-programming-language,Erlang,hyperpolyglot
pl/euphoria,elixir,pygments
pl/euphoria,ex,pygments
pl/euphoria,exs,pygments
pl/explorer,Explore,rosettacode
pl/f,fstar,pygments
pl/f,F*,hyperpolyglot
pl/f,F*,linguist
pl/f-programming-language,F*,hyperpolyglot
pl/f-sharp,fsharp,pygments
pl/f-sharp,f#,pygments
pl/f-sharp,F#,hyperpolyglot
pl/f-sharp,F Sharp,rosettacode
pl/f-sharp,F#,linguist
pl/factor-programming-language,factor,pygments
pl/factor-programming-language,Factor,hyperpolyglot
pl/fancy,fy,pygments
pl/fantom,fan,pygments
pl/felix,flx,pygments
pl/fennel,fnl,pygments
pl/figlet-font,FIGlet Font,hyperpolyglot
pl/figlet-font,FIGlet Font,linguist
pl/filebench-wml,Filebench WML,hyperpolyglot
pl/filebench-wml,Filebench WML,linguist
pl/filterscript,forth,pygments
pl/fish,fishshell,pygments
pl/fj,Featherweight Java,repo
pl/floscript,flo,pygments
pl/formula,Fōrmulæ,rosettacode
pl/forth-programming-language,forth,pygments
pl/forth-programming-language,Forth,hyperpolyglot
pl/fortran,f90,pygments
pl/fortran-free-form,fortran,pygments
pl/fortran-free-form,f90,pygments
pl/foxpro,vfp,pygments
pl/foxpro,clipper,pygments
pl/foxpro,xbase,pygments
pl/freebasic,vb.net,pygments
pl/freebasic,vbnet,pygments
pl/freebasic,lobas,pygments
pl/freebasic,oobas,pygments
pl/freebasic,sobas,pygments
pl/freebasic,visual-basic,pygments
pl/freebasic,visualbasic,pygments
pl/func,fc,pygments
pl/funge-98,Befunge-98,repo
pl/funge-98,Unefunge-98,repo
pl/funge-98,Trefunge-98,repo
pl/g-code,gcode,pygments
pl/game-maker-language,Game Maker Language,hyperpolyglot
pl/game-maker-language,Game Maker Language,linguist
pl/gas,asm,pygments
pl/gcc-machine-description,markdown,pygments
pl/gcc-machine-description,md,pygments
pl/gcc-machine-description,GCC Machine Description,hyperpolyglot
pl/gcc-machine-description,GCC Machine Description,linguist
pl/gdscript,gd,pygments
pl/genie,gosu,pygments
pl/genshi,kid,pygments
pl/genshi,xml+genshi,pygments
pl/genshi,xml+kid,pygments
pl/gentoo-eclass,bash,pygments
pl/gentoo-eclass,sh,pygments
pl/gentoo-eclass,ksh,pygments
pl/gentoo-eclass,zsh,pygments
pl/gentoo-eclass,shell,pygments
pl/gentoo-eclass,openrc,pygments
pl/gentoo-ebuild,bash,pygments
pl/gentoo-ebuild,sh,pygments
pl/gentoo-ebuild,ksh,pygments
pl/gentoo-ebuild,zsh,pygments
pl/gentoo-ebuild,shell,pygments
pl/gentoo-ebuild,openrc,pygments
pl/gentoo-ebuild,Gentoo Ebuild,hyperpolyglot
pl/gentoo-ebuild,Gentoo Ebuild,linguist
pl/gerber-image,solidity,pygments
pl/gerber-image,Gerber Image,hyperpolyglot
pl/gerber-image,Gerber Image,linguist
pl/gettext-catalog,pot,pygments
pl/gettext-catalog,po,pygments
pl/gherkin,cucumber,pygments
pl/git-config,Git Config,hyperpolyglot
pl/git-config,Git Config,linguist
pl/glyph-bitmap-distribution-format,Glyph Bitmap Distribution Format,hyperpolyglot
pl/glyph-bitmap-distribution-format,Glyph Bitmap Distribution Format,linguist
pl/gml,Generalized Markup Language,repo
pl/gn,Generate Ninja,repo
pl/go,golang,pygments
pl/go,Go!,rosettacode
pl/go-programming-language,go,pygments
pl/go-programming-language,golang,pygments
pl/go-programming-language,Go,hyperpolyglot
pl/go-template,cheetah,pygments
pl/go-template,spitfire,pygments
pl/golo-programming-language,golo,pygments
pl/golo-programming-language,Golo,hyperpolyglot
pl/gosu-programming-language,gosu,pygments
pl/gosu-programming-language,Gosu,hyperpolyglot
pl/gradle,groovy,pygments
pl/grammatical-framework,Grammatical Framework,hyperpolyglot
pl/grammatical-framework,Grammatical Framework,linguist
pl/graph-modeling-language,Graph Modeling Language,hyperpolyglot
pl/graph-modeling-language,Graph Modeling Language,linguist
pl/graphviz-dot,graphviz,pygments
pl/graphviz-dot,dot,pygments
pl/groff,nroff,pygments
pl/groff,man,pygments
pl/groovy-server-pages,gosu,pygments
pl/groovy-server-pages,Groovy Server Pages,hyperpolyglot
pl/groovy-server-pages,Groovy Server Pages,linguist
pl/hack,php,pygments
pl/hack,php3,pygments
pl/hack,php4,pygments
pl/hack,php5,pygments
pl/haproxy,ini,pygments
pl/haproxy,cfg,pygments
pl/haproxy,dosini,pygments
pl/haskell,hs,pygments
pl/haxe,hxsl,pygments
pl/haxe,hx,pygments
pl/hbasic,EhBASIC,rosettacode
pl/hcl,terraform,pygments
pl/hcl,tf,pygments
pl/hcl,Terraform,rosettacode
pl/hip,Heterogeneous-Computing Interface for Portability,repo
pl/hip,HIP C++,repo
pl/hive,Apache Hive,repo
pl/hive,HiveQL,repo
pl/hq9pp,HQ9plusplus,repo
pl/hq9-2,HQ9Plus,repo
pl/hq9-2,HQ9,repo
pl/hq9-b,HQ9+B esoteric language,repo
pl/hs,haskell,pygments
pl/html-eex,elixir,pygments
pl/html-eex,ex,pygments
pl/html-eex,exs,pygments
pl/html-erb,rhtml,pygments
pl/html-erb,html+ruby,pygments
pl/hxml,haxeml,pygments
pl/hy,hylang,pygments
pl/hyphy,brainfuck,pygments
pl/hyphy,bf,pygments
pl/idris,idr,pygments
pl/igor-pro,igor,pygments
pl/igor-pro,igorpro,pygments
pl/igor-pro,IGOR Pro,hyperpolyglot
pl/igor-pro,IGOR Pro,linguist
pl/inform-7,inform7,pygments
pl/inform-7,i7,pygments
pl/inform-7,Inform,repo
pl/inform-7,I7,repo
pl/ini,cfg,pygments
pl/ini,dosini,pygments
pl/inno-setup,Inno Setup,hyperpolyglot
pl/inno-setup,Inno Setup,linguist
pl/integer-basic,Integer BASIC,rosettacode
pl/io-programming-language,io,pygments
pl/io-programming-language,Io,hyperpolyglot
pl/ioke,ik,pygments
pl/irc-log,irc,pygments
pl/irc-log,IRC log,hyperpolyglot
pl/irc-log,IRC log,linguist
pl/ispc,Intel SPMD Program Compiler,repo
pl/j-programming-language,j,pygments
pl/j-programming-language,J,hyperpolyglot
pl/jac,Jac Programming Language,repo
pl/jade,pug,pygments
pl/jasmin,jasminxt,pygments
pl/java-programming-language,java,pygments
pl/java-programming-language,Java,hyperpolyglot
pl/java-properties,properties,pygments
pl/java-properties,jproperties,pygments
pl/java-properties,Java Properties,hyperpolyglot
pl/java-properties,Java Properties,linguist
pl/java-server-pages,jsp,pygments
pl/java-server-pages,Java Server Pages,hyperpolyglot
pl/java-server-pages,Java Server Pages,linguist
pl/javafx-script,JavaFX Script,rosettacode
pl/javascript,js,pygments
pl/javascript-erb,javascript+ruby,pygments
pl/javascript-erb,js+ruby,pygments
pl/javascript-erb,js+erb,pygments
pl/jetbrains-mps,maple,pygments
pl/jinja,django,pygments
pl/jinja,HTML+Django,hyperpolyglot
pl/jison-lex,Jison Lex,hyperpolyglot
pl/jison-lex,Jison Lex,linguist
pl/jmespath,jp,pygments
pl/jolie-programming-language,Jolie,hyperpolyglot
pl/jspp,S++,rosettacode
pl/json,json-object,pygments
pl/jsonld,json-ld,pygments
pl/jsx,react,pygments
pl/julia,jl,pygments
pl/julia-programming-language,julia,pygments
pl/julia-programming-language,jl,pygments
pl/julia-programming-language,Julia,hyperpolyglot
pl/jupyter-notebook,Jupyter Notebook,hyperpolyglot
pl/jupyter-notebook,Jupyter Notebook,linguist
pl/kaitai-struct,KS,repo
pl/kaitai-struct,Kaitai,repo
pl/kawa,Kawa Scheme,repo
pl/kerboscript,kOS,repo
pl/kid,genshi,pygments
pl/kid,xml+genshi,pygments
pl/kid,xml+kid,pygments
pl/kinetic-rule-language,KRL,repo
pl/kusto,kql,pygments
pl/lambda-prolog,Lambda Prolog,rosettacode
pl/lambdapi,lambda-pi,repo
pl/lang,Lang,rosettacode
pl/lasso,lassoscript,pygments
pl/latex,tex,pygments
pl/lean,lean3,pygments
pl/lean-4,lean4,pygments
pl/lean-4,Lean4,repo
pl/lean-4,Lean,repo
pl/lenguage,Enguage,rosettacode
pl/leo,Leo Language,repo
pl/leo,Aleo Leo,repo
pl/lfe-programming-language,LFE,hyperpolyglot
pl/liberty-basic,Liberty BASIC,rosettacode
pl/linker-script,Linker Script,hyperpolyglot
pl/linker-script,Linker Script,linguist
pl/linux-kernel-module,modula2,pygments
pl/linux-kernel-module,m2,pygments
pl/linux-kernel-module,Linux Kernel Module,hyperpolyglot
pl/linux-kernel-module,Linux Kernel Module,linguist
pl/lisp,common-lisp,pygments
pl/lisp,cl,pygments
pl/literate-agda,lagda,pygments
pl/literate-agda,Literate Agda,hyperpolyglot
pl/literate-agda,Literate Agda,linguist
pl/literate-coffeescript,Literate CoffeeScript,hyperpolyglot
pl/literate-coffeescript,Literate CoffeeScript,linguist
pl/literate-haskell,lhaskell,pygments
pl/literate-haskell,lhs,pygments
pl/literate-haskell,Literate Haskell,hyperpolyglot
pl/literate-haskell,Literate Haskell,linguist
pl/livecode-script,LiveCode,repo
pl/livecode-script,Revolution Script,repo
pl/livecode-script,MetaTalk,repo
pl/livescript,live-script,pygments
pl/locomotive-basic,Locomotive Basic,rosettacode
pl/loomscript,livescript,pygments
pl/loomscript,live-script,pygments
pl/ltspice-symbol,asymptote,pygments
pl/ltspice-symbol,asy,pygments
pl/m,MUMPS,rosettacode
pl/m4,mason,pygments
pl/macsyma,maxima,pygments
pl/make,makefile,pygments
pl/make,mf,pygments
pl/make,bsdmake,pygments
pl/makefile,make,pygments
pl/makefile,mf,pygments
pl/makefile,bsdmake,pygments
pl/makefile,Make,rosettacode
pl/malbolge-unshackled,Malbolge-U,repo
pl/malbolge-unshackled,Malbolge-20,repo
pl/markdown,md,pygments
pl/masl,Model Action Specification Language,repo
pl/mathematica,mma,pygments
pl/mathematica,nb,pygments
pl/matlab,Octave,rosettacode
pl/maven-pom,Maven POM,hyperpolyglot
pl/maven-pom,Maven POM,linguist
pl/mawk,awk,pygments
pl/mawk,gawk,pygments
pl/mawk,nawk,pygments
pl/maxima,macsyma,pygments
pl/maxscript,miniscript,pygments
pl/maxscript,ms,pygments
pl/mcfunction,mcf,pygments
pl/mediawiki,wikitext,pygments
pl/mercury,moocode,pygments
pl/mercury,moo,pygments
pl/meson,meson.build,pygments
pl/metta,Meta Type Talk,repo
pl/metta,Atomese 2,repo
pl/miniyaml,yaml,pygments
pl/mirah,ruby,pygments
pl/mirah,rb,pygments
pl/mirah,duby,pygments
pl/mirc-script,mIRC Scripting Language,repo
pl/mirc-script,mSL,repo
pl/modula-2,modula2,pygments
pl/modula-2,m2,pygments
pl/modula-3,M3,repo
pl/module-management-system,Module Management System,hyperpolyglot
pl/module-management-system,Module Management System,linguist
pl/mojo,🔥,pygments
pl/monkey-c,mason,pygments
pl/monkey-c,MonkeyC,repo
pl/moo,moocode,pygments
pl/moocode,moo,pygments
pl/moocode,MOO,repo
pl/moocode,LambdaMOO scripting language,repo
pl/moonscript,moon,pygments
pl/moonscript,Moon,repo
pl/motoko,modelica,pygments
pl/motorola-68k-assembly,tasm,pygments
pl/mql,mq4,pygments
pl/mql,mq5,pygments
pl/mql,mql4,pygments
pl/mql,mql5,pygments
pl/mql4,mql,pygments
pl/mql4,mq4,pygments
pl/mql4,mq5,pygments
pl/mql4,mql5,pygments
pl/mql4,MetaQuotes Language 4,repo
pl/mql5,mql,pygments
pl/mql5,mq4,pygments
pl/mql5,mq5,pygments
pl/mql5,mql4,pygments
pl/mql5,MetaQuotes Language 5,repo
pl/mscgen,msc,pygments
pl/muddle,MDL,repo
pl/nasl,pov,pygments
pl/nasl,Nessus Attack Scripting Language,repo
pl/nawk,awk,pygments
pl/nawk,gawk,pygments
pl/nawk,mawk,pygments
pl/nb,mathematica,pygments
pl/nb,mma,pygments
pl/nestedtext,nt,pygments
pl/nickel,ncl,pygments
pl/nim,nimrod,pygments
pl/nim-programming-language,nimrod,pygments
pl/nim-programming-language,nim,pygments
pl/nim-programming-language,Nim,hyperpolyglot
pl/nimrod,nim,pygments
pl/nix,nixos,pygments
pl/nixos,nix,pygments
pl/nl,newlisp,pygments
pl/nmodl,modula2,pygments
pl/nmodl,m2,pygments
pl/nmodl,NEURON Modeling Definition Language,repo
pl/nmodl,Neural Mechanism Description Language,repo
pl/nroff,groff,pygments
pl/nroff,man,pygments
pl/ns-basic,S-BASIC,rosettacode
pl/nsis,nsi,pygments
pl/nsis,nsh,pygments
pl/oasv2-json,json,pygments
pl/oasv2-json,json-object,pygments
pl/oasv2-yaml,yaml,pygments
pl/oasv3-json,json,pygments
pl/oasv3-json,json-object,pygments
pl/oasv3-yaml,yaml,pygments
pl/object-data-instance-notation,odin,pygments
pl/objective-c,objectivec,pygments
pl/objective-c,obj-c,pygments
pl/objective-c,objc,pygments
pl/objective-cpp,objectivec++,pygments
pl/objective-cpp,obj-c++,pygments
pl/objective-cpp,objc++,pygments
pl/objective-cpp,ObjC++,repo
pl/objective-cpp,Obj-C++,repo
pl/objective-j,objectivej,pygments
pl/objective-j,obj-j,pygments
pl/objective-j,objj,pygments
pl/objectscript,openedge,pygments
pl/objectscript,abl,pygments
pl/objectscript,progress,pygments
pl/occam-2,Occam 2,repo
pl/octo,Octo assembler,repo
pl/octo,CHIP-8 Octo,repo
pl/og,Ogu,repo
pl/open-policy-agent,rego,pygments
pl/opencl,visualprolog,pygments
pl/openedge-abl,openedge,pygments
pl/openedge-abl,abl,pygments
pl/openedge-abl,progress,pygments
pl/openedge-abl,OpenEdge Advanced Business Language,repo
pl/openedge-abl,Progress 4GL,repo
pl/openedge-abl,Progress ABL,repo
pl/openqasm,Open Quantum Assembly Language,repo
pl/openrc-runscript,bash,pygments
pl/openrc-runscript,sh,pygments
pl/openrc-runscript,ksh,pygments
pl/openrc-runscript,zsh,pygments
pl/openrc-runscript,shell,pygments
pl/openrc-runscript,openrc,pygments
pl/openrc-runscript,OpenRC runscript,hyperpolyglot
pl/openrc-runscript,OpenRC runscript,linguist
pl/opentype-feature-file,OpenType Feature File,hyperpolyglot
pl/opentype-feature-file,OpenType Feature File,linguist
pl/org,orgmode,pygments
pl/org,org-mode,pygments
pl/papyrus,praat,pygments
pl/parrot,Parrot VM,repo
pl/parrot,PIR,repo
pl/parrot,Parrot Intermediate Representation,repo
pl/parrot-assembly,Parrot Assembly,hyperpolyglot
pl/parrot-assembly,PASM,rosettacode
pl/parrot-assembly,Parrot Assembly,linguist
pl/parrot-internal-representation,Parrot Internal Representation,hyperpolyglot
pl/parrot-internal-representation,PIR,rosettacode
pl/parrot-internal-representation,Parrot Internal Representation,linguist
pl/pascal,delphi,pygments
pl/pascal,pas,pygments
pl/pascal,objectpascal,pygments
pl/pascal-abc-net,PascalABC.NET,rosettacode
pl/pasm,Parrot Assembly Language,repo
pl/pasm,Parrot Assembly,repo
pl/pddl,Planning Domain Definition Language,repo
pl/perl,pl,pygments
pl/php,php3,pygments
pl/php,php4,pygments
pl/php,php5,pygments
pl/piet,Piet programming language,repo
pl/piglatin,pig,pygments
pl/plain-english,Plain English,rosettacode
pl/plpgsql,PL/pgSQL,rosettacode
pl/plsql,tsql,pygments
pl/plsql,t-sql,pygments
pl/po,pot,pygments
pl/pod6,Pod 6,hyperpolyglot
pl/pony-programming-language,pony,pygments
pl/pony-programming-language,Pony,hyperpolyglot
pl/portugol,Portugol Studio,repo
pl/postgresql,postgres,pygments
pl/postscript,postscr,pygments
pl/pov-ray-sdl,pov,pygments
pl/pov-ray-sdl,POV-Ray SDL,hyperpolyglot
pl/pov-ray-sdl,POV-Ray,rosettacode
pl/pov-ray-sdl,POV-Ray SDL,linguist
pl/powershell,pwsh,pygments
pl/powershell,posh,pygments
pl/powershell,ps1,pygments
pl/powershell,psm1,pygments
pl/praat,Praat Script,repo
pl/proguard,visualprolog,pygments
pl/protobuf,proto,pygments
pl/protocol-buffer,protobuf,pygments
pl/protocol-buffer,proto,pygments
pl/public-key,asc,pygments
pl/public-key,pem,pygments
pl/pug,jade,pygments
pl/pure-data,Pd,repo
pl/puredata,Pure Data,hyperpolyglot
pl/py,python,pygments
pl/py,sage,pygments
pl/py,python3,pygments
pl/py,py3,pygments
pl/py,bazel,pygments
pl/py,starlark,pygments
pl/py,pyi,pygments
pl/pyrex,cython,pygments
pl/pyrex,pyx,pygments
pl/python,py,pygments
pl/python,sage,pygments
pl/python,python3,pygments
pl/python,py3,pygments
pl/python,bazel,pygments
pl/python,starlark,pygments
pl/python,pyi,pygments
pl/python,Py,repo
pl/python-console,pycon,pygments
pl/python-console,python-console,pygments
pl/python-programming-language,python,pygments
pl/python-programming-language,py,pygments
pl/python-programming-language,sage,pygments
pl/python-programming-language,python3,pygments
pl/python-programming-language,py3,pygments
pl/python-programming-language,bazel,pygments
pl/python-programming-language,starlark,pygments
pl/python-programming-language,pyi,pygments
pl/python-programming-language,Python,hyperpolyglot
pl/python-traceback,pytb,pygments
pl/python-traceback,py3tb,pygments
pl/q-sharp,Q Sharp,rosettacode
pl/q-sharp,Q#,linguist
pl/qbasic,basic,pygments
pl/qmake,visualprolog,pygments
pl/qml,qbs,pygments
pl/qt-script,QtScript,repo
pl/quickbasic,vb.net,pygments
pl/quickbasic,vbnet,pygments
pl/quickbasic,lobas,pygments
pl/quickbasic,oobas,pygments
pl/quickbasic,sobas,pygments
pl/quickbasic,visual-basic,pygments
pl/quickbasic,visualbasic,pygments
pl/r,splus,pygments
pl/r,s,pygments
pl/r-programming-language,splus,pygments
pl/r-programming-language,s,pygments
pl/r-programming-language,r,pygments
pl/r-programming-language,R,hyperpolyglot
pl/racket,rkt,pygments
pl/raku,perl6,pygments
pl/raku,pl6,pygments
pl/raku-programming-language,perl6,pygments
pl/raku-programming-language,pl6,pygments
pl/raku-programming-language,raku,pygments
pl/raku-programming-language,Raku,hyperpolyglot
pl/reason,reasonml,pygments
pl/red,red/system,pygments
pl/red,Red/System,repo
pl/red-programming-language,red,pygments
pl/red-programming-language,red/system,pygments
pl/red-programming-language,Red,hyperpolyglot
pl/relations,Relation,rosettacode
pl/renderscript,rust,pygments
pl/renderscript,rs,pygments
pl/renpy-2,Ren'Py,hyperpolyglot
pl/resource,resourcebundle,pygments
pl/rest,restructuredtext,pygments
pl/rest,rst,pygments
pl/restructuredtext,rst,pygments
pl/restructuredtext,rest,pygments
pl/retina,Retina 0.8.2,repo
pl/retina,Retina 1,repo
pl/rev,RevBayes language,repo
pl/rexx,arexx,pygments
pl/rez,Rez Language,repo
pl/rhtml,html+erb,pygments
pl/rhtml,html+ruby,pygments
pl/robotc,Robotic,rosettacode
pl/rocq-prover,coq,pygments
pl/rocq-prover,Coq,hyperpolyglot
pl/rocq-prover,Rocq,rosettacode
pl/roff,groff,pygments
pl/roff,nroff,pygments
pl/roff,man,pygments
pl/roff-manpage,groff,pygments
pl/roff-manpage,nroff,pygments
pl/roff-manpage,man,pygments
pl/rpgle,RPG IV,repo
pl/rpgle,RPG/ILE,repo
pl/rpm-spec,spec,pygments
pl/rs,rust,pygments
pl/ruby,rb,pygments
pl/ruby,duby,pygments
pl/rust,rs,pygments
pl/s,splus,pygments
pl/s,r,pygments
pl/sage,python,pygments
pl/sage,py,pygments
pl/sage,python3,pygments
pl/sage,py3,pygments
pl/sage,bazel,pygments
pl/sage,starlark,pygments
pl/sage,pyi,pygments
pl/salt,yaml+jinja,pygments
pl/salt,sls,pygments
pl/saltstack,yaml+jinja,pygments
pl/saltstack,salt,pygments
pl/saltstack,sls,pygments
pl/scala-programming-language,scala,pygments
pl/scala-programming-language,Scala,hyperpolyglot
pl/scheme,scm,pygments
pl/scm,scheme,pygments
pl/sed,gsed,pygments
pl/sed,ssed,pygments
pl/self-programming-language,Self,hyperpolyglot
pl/setlang,Set lang,rosettacode
pl/sh,bash,pygments
pl/sh,ksh,pygments
pl/sh,zsh,pygments
pl/sh,shell,pygments
pl/sh,openrc,pygments
pl/sheerpower4gl,SheerPower 4GL,rosettacode
pl/shell,bash,pygments
pl/shell,sh,pygments
pl/shell,ksh,pygments
pl/shell,zsh,pygments
pl/shell,openrc,pygments
pl/shell,sh,repo
pl/shell,POSIX shell,repo
pl/shell,Unix shell,repo
pl/shell,Bourne shell,repo
pl/shellsession,console,pygments
pl/shellsession,shell-session,pygments
pl/shex,shexc,pygments
pl/slint,SixtyFPS,repo
pl/smalltalk,squeak,pygments
pl/smalltalk,st,pygments
pl/sml,Standard ML,repo
pl/sml,ML,repo
pl/snobol5,SNOBOL 5,repo
pl/snusp,Modular SNUSP,repo
pl/soong,androidbp,pygments
pl/soong,bp,pygments
pl/sourcepawn,pov,pygments
pl/spice,spicelang,pygments
pl/spline-font-database,Spline Font Database,hyperpolyglot
pl/spline-font-database,Spline Font Database,linguist
pl/sqf,Status Quo Function,repo
pl/sqlpl,tsql,pygments
pl/sqlpl,t-sql,pygments
pl/squeak,smalltalk,pygments
pl/squeak,st,pygments
pl/squidconf,squid.conf,pygments
pl/squidconf,squid,pygments
pl/squirrel-programming-language,Squirrel,hyperpolyglot
pl/srecode-template,SRecode Template,hyperpolyglot
pl/srecode-template,SRecode Template,linguist
pl/standard-ml,sml,pygments
pl/standard-ml,Standard ML,hyperpolyglot
pl/standard-ml,Standard ML,rosettacode
pl/standard-ml,Standard ML,linguist
pl/starlark,python,pygments
pl/starlark,py,pygments
pl/starlark,sage,pygments
pl/starlark,python3,pygments
pl/starlark,py3,pygments
pl/starlark,bazel,pygments
pl/starlark,pyi,pygments
pl/stata,do,pygments
pl/stringtemplate,smalltalk,pygments
pl/stringtemplate,squeak,pygments
pl/stringtemplate,st,pygments
pl/subrip-text,SubRip Text,hyperpolyglot
pl/subrip-text,SubRip Text,linguist
pl/supercollider,sc,pygments
pl/sway,Sway Language,repo
pl/sway,FuelLang,repo
pl/swift-programming-language,swift,pygments
pl/swift-programming-language,Swift,hyperpolyglot
pl/swig,Simplified Wrapper and Interface Generator,repo
pl/systemverilog,sv,pygments
pl/tal,uxntal,pygments
pl/tcsh,csh,pygments
pl/tea-programming-language,tea,pygments
pl/tea-programming-language,Tea,hyperpolyglot
pl/tex,latex,pygments
pl/tex,LaTeX,rosettacode
pl/texinfo,GNU Texinfo,repo
pl/texinfo,makeinfo,repo
pl/tf,terraform,pygments
pl/tf,hcl,pygments
pl/tibang,ti,pygments
pl/tibang,thingsdb,pygments
pl/tl-verilog,Transaction-Level Verilog,repo
pl/tl-verilog,TLV,repo
pl/tree-meta,TreeMeta,repo
pl/tree-sitter-query,scheme,pygments
pl/tree-sitter-query,scm,pygments
pl/ts,typescript,pygments
pl/ts,TypeScript,hyperpolyglot
pl/tsql,t-sql,pygments
pl/ttcn-3,Testing and Test Control Notation Version 3,repo
pl/ttcn-3,TTCN3,repo
pl/ttml,Timed Text Markup Language,repo
pl/ttml,W3C TTML,repo
pl/turbo-basic-xl,Turbo-Basic XL,rosettacode
pl/turing-script,Turing,hyperpolyglot
pl/tutorial-d,TutorialD,rosettacode
pl/tweak,Tweak programming environment,repo
pl/type-language,Type Language,hyperpolyglot
pl/type-language,Type Language,linguist
pl/typescript,ts,pygments
pl/typespec,Cadl,repo
pl/unified-parallel-c,Unified Parallel C,hyperpolyglot
pl/unified-parallel-c,Unified Parallel C,linguist
pl/unity3d-asset,mask,pygments
pl/unity3d-asset,Unity3D Asset,hyperpolyglot
pl/unity3d-asset,Unity3D Asset,linguist
pl/unix-assembly,miniscript,pygments
pl/unix-assembly,ms,pygments
pl/usd,usda,pygments
pl/uxntal,tal,pygments
pl/uxntal,Tal,repo
pl/v,verilog,pygments
pl/v-programming-language,verilog,pygments
pl/v-programming-language,v,pygments
pl/v-programming-language,V,hyperpolyglot
pl/v-programming-language,Vlang,repo
pl/v-programming-language,V,repo
pl/vala,vapi,pygments
pl/vala-programming-language,vala,pygments
pl/vala-programming-language,vapi,pygments
pl/vala-programming-language,Vala,hyperpolyglot
pl/varaq,varaq,repo
pl/vba,vb.net,pygments
pl/vba,vbnet,pygments
pl/vba,lobas,pygments
pl/vba,oobas,pygments
pl/vba,sobas,pygments
pl/vba,visual-basic,pygments
pl/vba,visualbasic,pygments
pl/velocity-template-language,velocity,pygments
pl/verilog,v,pygments
pl/vim-help-file,text,pygments
pl/vim-script,vim,pygments
pl/vim-script,Vim script,hyperpolyglot
pl/vim-script,Vim Script,rosettacode
pl/vim-script,Vim Script,linguist
pl/visual-basic-net,vb.net,pygments
pl/visual-basic-net,vbnet,pygments
pl/visual-basic-net,lobas,pygments
pl/visual-basic-net,oobas,pygments
pl/visual-basic-net,sobas,pygments
pl/visual-basic-net,visual-basic,pygments
pl/visual-basic-net,visualbasic,pygments
pl/visual-basic-net,VB.NET,repo
pl/visual-basic-net,VB,repo
pl/visual-basic-6-0,vb.net,pygments
pl/visual-basic-6-0,vbnet,pygments
pl/visual-basic-6-0,lobas,pygments
pl/visual-basic-6-0,oobas,pygments
pl/visual-basic-6-0,sobas,pygments
pl/visual-basic-6-0,visual-basic,pygments
pl/visual-basic-6-0,visualbasic,pygments
pl/visual-basic-6-0,VB6,rosettacode
pl/visual-basic,vb.net,pygments
pl/visual-basic,vbnet,pygments
pl/visual-basic,lobas,pygments
pl/visual-basic,oobas,pygments
pl/visual-basic,sobas,pygments
pl/visual-basic,visualbasic,pygments
pl/visual-foxpro,Visual FoxPro,rosettacode
pl/visual-objects,Visual Objects,rosettacode
pl/visual-prolog,Visual Prolog,rosettacode
pl/vvvv,v4,repo
pl/wast,wat,pygments
pl/wavefront-material,Wavefront Material,hyperpolyglot
pl/wavefront-material,Wavefront Material,linguist
pl/wavefront-object,Wavefront Object,hyperpolyglot
pl/wavefront-object,Wavefront Object,linguist
pl/webassembly,wast,pygments
pl/webassembly,wat,pygments
pl/webassembly,Wasm,repo
pl/webassembly,WAT,repo
pl/webidl,Web IDL,repo
pl/webidl,Web Interface Definition Language,repo
pl/weebasic,Wee Basic,rosettacode
pl/whopper,Hopper,rosettacode
pl/wikitext,mediawiki,pygments
pl/wikitext,MediaWiki,hyperpolyglot
pl/win32-message-file,mason,pygments
pl/winbatch,batch,pygments
pl/winbatch,bat,pygments
pl/winbatch,dosbatch,pygments
pl/windows-registry-entries,registry,pygments
pl/windows-registry-entries,Windows Registry Entries,hyperpolyglot
pl/windows-registry-entries,Windows Registry Entries,linguist
pl/wolfram,mathematica,pygments
pl/wolfram,mma,pygments
pl/wolfram,nb,pygments
pl/wolfram,Mathematica,hyperpolyglot
pl/wolfram-language,mathematica,pygments
pl/wolfram-language,mma,pygments
pl/wolfram-language,nb,pygments
pl/wolfram-language,Mathematica,hyperpolyglot
pl/wolfram-language,Mathematica,rosettacode
pl/wolfram-language,Mathematica,repo
pl/wolfram-language,WL,repo
pl/world-of-warcraft-addon-data,wowtoc,pygments
pl/world-of-warcraft-addon-data,World of Warcraft Addon Data,hyperpolyglot
pl/world-of-warcraft-addon-data,World of Warcraft Addon Data,linguist
pl/xpp,xpp,pygments
pl/x-bitmap,X BitMap,hyperpolyglot
pl/x-bitmap,X BitMap,linguist
pl/x-font-directory-index,X Font Directory Index,hyperpolyglot
pl/x-font-directory-index,X Font Directory Index,linguist
pl/x-pixmap,promela,pygments
pl/x-pixmap,X PixMap,hyperpolyglot
pl/x-pixmap,X PixMap,linguist
pl/x10,xten,pygments
pl/xbase,foxpro,pygments
pl/xbase,vfp,pygments
pl/xbase,clipper,pygments
pl/xproc,xslt,pygments
pl/xql,xquery,pygments
pl/xql,xqy,pygments
pl/xql,xq,pygments
pl/xql,xqm,pygments
pl/xquery,xqy,pygments
pl/xquery,xq,pygments
pl/xquery,xql,pygments
pl/xquery,xqm,pygments
pl/yaml,YAML Ain't Markup Language,repo
pl/yara,yar,pygments
pl/zeek,bro,pygments
pl/zig-programming-language,zig,pygments
pl/zig-programming-language,Zig,hyperpolyglot
pl/attribute-relation-file-format,ARFF,repo
pl/attribute-relation-file-format,ARFF,repo
pl/portable-game-notation,PGN,repo
pl/portable-game-notation,PGN,repo
pl/php,PHP programming language,wikidata
pl/php,PHP Hypertext Preprocessor,wikidata
pl/java,java programming language,wikidata
pl/xml,eXtensible Markup Language,wikidata
pl/xml,Extensible Markup Language,wikidata
pl/csharp,Microsoft Java,wikidata
pl/tcl,Tool Command Language,wikidata
pl/latex,latex-project.org,wikidata
pl/latex,The LaTeX Project,wikidata
pl/latex,LᴬTᴇX,wikidata
pl/vbscript,VBS,wikidata
pl/vbscript,VBScript Programming,wikidata
pl/vbscript,Microsoft Visual Basic Scripting Edition,wikidata
pl/c,C programming language,wikidata
pl/python,Python programming language,wikidata
pl/python,Python language,wikidata
pl/python,Python (language),wikidata
pl/python,Python computer language,wikidata
pl/python,Python Programming Language,wikidata
pl/python,Python (scripting language),wikidata
pl/python,Python (lang),wikidata
pl/python,Python (programming),wikidata
pl/python,Python (computer language),wikidata
pl/python,Python (software),wikidata
pl/python,Python (Programming Language),wikidata
pl/python,Python (computing),wikidata
pl/python,Python.org,wikidata
pl/xslt,XSL Transformations,wikidata
pl/xslt,Extensible Stylesheet Language Transformations,wikidata
pl/haskell,Haskell programming language,wikidata
pl/haskell,hs,wikidata
pl/go,Go programming language,wikidata
pl/perl,Practical Extraction and Reporting Language,wikidata
pl/perl,Perl/CGI,wikidata
pl/perl,Pearl,wikidata
pl/basic,Symbolic Instruction Code,wikidata
pl/basic,BASIC programming language,wikidata
pl/basic,Beginners’ All-purpose Symbolic Instruction Code,wikidata
pl/rss,RDF Site Summary,wikidata
pl/rss,Really Simple Syndication,wikidata
pl/rss,Really simple syndication,wikidata
pl/rss,.rss,wikidata
pl/rss,Rich Site Summary,wikidata
pl/rss,jj,wikidata
pl/css,Cascading Style Sheet,wikidata
pl/sql,Structural Query Language,wikidata
pl/b4x,VB.NET,wikidata
pl/b4x,Visual Basic .NET,wikidata
pl/pascal,Pascal-XSC,wikidata
pl/ceylon,Eclipse Ceylon,wikidata
pl/cobol,Common Business-Oriented Language,wikidata
pl/ruby,Ruby language,wikidata
pl/ruby,Ruby programming language,wikidata
pl/ruby,rb,wikidata
pl/prolog,Programming in Logic,wikidata
pl/asm,assembly,wikidata
pl/asm,assembly code,wikidata
pl/asm,assembler language,wikidata
pl/matlab,Matrix Laboratory,wikidata
pl/scheme,Scheme (programming language),wikidata
pl/objective-c,Obj-C programming language,wikidata
pl/objective-c,Objc,wikidata
pl/objective-c,Objective-C (programming language),wikidata
pl/objective-c,Objective-C programming language,wikidata
pl/objective-c,Objective C programming language,wikidata
pl/freebasic,fbc,wikidata
pl/mercury,Mercury programming language,wikidata
pl/lua,Lua language,wikidata
pl/sgml,ISO 8879,wikidata
pl/postscript,05 3C OC OF CC 24 15 A9 2570 C5 B6 OC EC 90 02 F7 16 33 1B 4E 69 3F B7 DA 2B 69 79 E0 B9 5F 88 50,wikidata
pl/brainfuck,Brainf***,wikidata
pl/brainfuck,Brainf*ck,wikidata
pl/brainfuck,brainfsck,wikidata
pl/brainfuck,brainf**k,wikidata
pl/brainfuck,branflakes,wikidata
pl/brainfuck,BF,wikidata
pl/brainfuck,b****fuck,wikidata
pl/brainfuck,BrainF***,wikidata
pl/scratch,scratch.mit.edu,wikidata
pl/yaml,YAML Ain't Markup Language,wikidata
pl/yaml,Yet Another Markup Language,wikidata
pl/yaml,.yaml,wikidata
pl/yaml,.yml,wikidata
pl/ampl,AMPL programming language,wikidata
pl/ampl,A Mathematical Programming Language,wikidata
pl/d,Dlang,wikidata
pl/d,D programming language,wikidata
pl/d,D language,wikidata
pl/asp,ASP.Net,wikidata
pl/asp,Classic ASP,wikidata
pl/j,J Language,wikidata
pl/j,J Programming Language,wikidata
pl/dart,ECMA-408,wikidata
pl/dart,Google Dart,wikidata
pl/scala,Scala programming language,wikidata
pl/rust,Rust language,wikidata
pl/rust,Rust programming language,wikidata
pl/f-sharp,FSharp,wikidata
pl/f-sharp,F Sharp,wikidata
pl/f-sharp,F♯,wikidata
pl/musicxml,Music Extensible Markup Language,wikidata
pl/musicxml,uncompressed MusicXML,wikidata
pl/musicxml,Music XML,wikidata
pl/gap,"Groups, Algorithms and Programming",wikidata
pl/rexx,Restructured Extended Executor,wikidata
pl/asciidoc,AsciiDoc language,wikidata
pl/mathml,Mathematical Markup Language,wikidata
pl/gml,ISO 19136:2007,wikidata
pl/gml,Geography Mark-Up Language,wikidata
pl/x3d,.x3d,wikidata
pl/x3d,.x3dv,wikidata
pl/x3d,.x3dz,wikidata
pl/x3d,.x3dbz,wikidata
pl/x3d,.x3dvz,wikidata
pl/typescript,.ts,wikidata
pl/typescript,TS,wikidata
pl/mxml,Macromedia Flex Markup Language,wikidata
pl/m3u,.m3u,wikidata
pl/m3u,Moving Picture Experts Group Audio Layer 3 Uniform Resource Locator,wikidata
pl/m3u,.m3u8,wikidata
pl/racket,DrRacket,wikidata
pl/racket,DrScheme,wikidata
pl/racket,PLT Scheme,wikidata
pl/emacs-lisp,Elisp,wikidata
pl/emacs-lisp,.el,wikidata
pl/rebol,Relative Expression-Based Object Language,wikidata
pl/haml,HTML Abstraction Markup Language,wikidata
pl/pawn,.pwn as another C++,wikidata
pl/raku,Perl 6,wikidata
pl/raku,Perl6,wikidata
pl/julia,JuliaLang,wikidata
pl/julia,The Julia Language,wikidata
pl/julia,Julia programming language,wikidata
pl/neko,NekoML,wikidata
pl/neko,NXML,wikidata
pl/fjolnir,Fjoelnir,wikidata
pl/kumir,Miry Kushnirenko,wikidata
pl/kumir,Komplekt Uchebnykh MIRov,wikidata
pl/activevfp,AVFP,wikidata
pl/sas,SAS language,wikidata
pl/vim-script,VimL,wikidata
pl/wolfram-language,Wolfram,wikidata
pl/wolfram-language,Mathematica language,wikidata
pl/wolfram-language,Mathematica,wikidata
pl/wolfram-language,.nb,wikidata
pl/wolfram-language,.m,wikidata
pl/wolfram-language,.wl,wikidata
pl/cameleon-programming-language,Cameleon,wikidata
pl/swift,Apple Swift,wikidata
pl/swift,Swift programming language,wikidata
pl/swift,Swift language,wikidata
pl/swift,Swift (Apple programming language),wikidata
pl/swift,Swiftlang,wikidata
pl/swift,Swift.org,wikidata
pl/nim,Nimrod,wikidata
pl/nim,Nim programming language,wikidata
pl/webassembly,wasm,wikidata
pl/webassembly,WebASM,wikidata
pl/webassembly,Wasm,wikidata
pl/webassembly,WASM,wikidata
pl/octave,Octave language,wikidata
pl/crystal,Crystal Language,wikidata
pl/crystal,Crystal Lang,wikidata
pl/toml,.toml,wikidata
pl/toml,"Tom's Obvious, Minimal Language",wikidata
pl/toml,Tom's Own Markup Language,wikidata
pl/kaitai-struct,.ksy,wikidata
pl/kaitai-struct,KSY,wikidata
pl/q-sharp,Q Sharp,wikidata
pl/ballerina,Ballerina (programming language),wikidata
pl/zig,Ziglang,wikidata
pl/zig,Zig language,wikidata
pl/zig,Zig programming language,wikidata
pl/common-workflow-language,CWL,wikidata
pl/reason,ReasonML,wikidata
pl/gleam,GleamLang,wikidata
pl/sqf,SQF Language,wikidata
pl/sqf,Status Quo Function,wikidata
pl/icml,InDesign ICML,wikidata
pl/icml,.icml,wikidata
pl/carbon,Carbonlang,wikidata
pl/carbon,Carbon language,wikidata
pl/carbon,Carbon programming language,wikidata
pl/carbon,Carbon-Lang,wikidata
pl/rescript,BuckleScript,wikidata
pl/mojo,Mojo language,wikidata
pl/mojo,Mojo programming language,wikidata
pl/mojo,Mojo Lang,wikidata
pl/nix,Nix Lang,wikidata
pl/html5,HTML 5,wikidata
pl/c-3,C minus minus,wikidata
pl/4dos,JP Software 4DOS,wikidata
pl/advanced-stream-redirector,.asx,wikidata
pl/advanced-stream-redirector,ASX file,wikidata
pl/advanced-stream-redirector,ASX playlist,wikidata
pl/pls,Playlist File format,wikidata
pl/pls,Playlist File,wikidata
pl/pls,PLS (file format),wikidata
pl/xml-shareable-playlist-format,XSPF,wikidata
pl/xml-shareable-playlist-format,.xspf,wikidata
pl/xml-user-interface-language,XUL,wikidata
pl/xml-user-interface-language,ZOOL,wikidata
pl/xml-user-interface-language,XUL,wikidata
pl/snapbang,BYOB,wikidata
pl/snapbang,Construye tus propios bloques,wikidata
pl/snapbang,Snap! (programming language),wikidata
pl/synchronized-multimedia-integration-language-2,SMIL,wikidata
pl/web,Web (programming system),wikidata
pl/darwin-information-typing-architecture,DITA,wikidata
pl/darwin-information-typing-architecture,Document Information Typing Architecture,wikidata
pl/inkml,Ink Markup Language,wikidata
pl/extensible-forms-description-language,XFDL,wikidata
pl/precision-graphics-markup-language,PGML,wikidata
pl/railway-markup-language,railML,wikidata
pl/railway-markup-language,Railml,wikidata
pl/railway-markup-language,RailML,wikidata
pl/railway-markup-language,.railml,wikidata
pl/railway-markup-language,.railmlx,wikidata
pl/railway-markup-language,RailML,wikidata
pl/windows-media-player-playlist,WPL,wikidata
pl/windows-media-player-playlist,.wpl,wikidata
pl/alto,Analyzed Layout and Text Object,wikidata
pl/alto,Analyzed Layout and Text Object,wikidata
pl/pixilang,.pixi,wikidata
pl/pixilang,.txt,wikidata
pl/petri-net-markup-language,PNML,wikidata
pl/state-chart-xml,SCXML,wikidata
pl/state-chart-xml,State Machine Notation for Control Abstraction,wikidata
pl/state-chart-xml,.scxml,wikidata
pl/state-chart-xml,SCXML,wikidata
pl/extendscript,ESTK,wikidata
pl/fountain,fountain.io,wikidata
pl/fountain,Fountain (markup language),wikidata
pl/ur-web,Ur,wikidata
pl/ur-web,Ur (programming language),wikidata
pl/accelerated-mobile-pages,Accelerated Mobile Pages Project,wikidata
pl/accelerated-mobile-pages,AMP,wikidata
pl/accelerated-mobile-pages,amphtml,wikidata
pl/gexf,Graph Exchange XML Format,wikidata
pl/marcxml,MARC XML,wikidata
pl/marcxml,MARC/XML,wikidata
pl/opera-binary-markup-language,OBML,wikidata
pl/opera-binary-markup-language,.obml,wikidata
pl/opera-binary-markup-language,.obml15,wikidata
pl/opera-binary-markup-language,.obml16,wikidata
pl/tei-p5-single-text-file,TEI P5,wikidata
pl/tei-p5-xml-corpus-file,TEI P5 XML,wikidata
pl/phoenix-object-basic-2,Envelop,wikidata
pl/javascript-for-automation,JXA,wikidata
pl/amazon-shading-language,AZSL,wikidata
pl/org-file,Org document,wikidata
pl/org-file,Org markup,wikidata
pl/org-file,Org-mode markup,wikidata
pl/varphi-language,Varphi boasts,wikidata
pl/ttplayer-playlist,.ttpl,wikidata
pl/ttplayer-playlist,.ttbl,wikidata
pl/xsl,Extensible Stylesheet Language,wikidata
pl/call-control-extensible-markup-language,CCXML,wikidata
pl/ecmascript,ES,wikidata
pl/ecmascript,ECMAScript specification,wikidata
pl/web-application-description-language,WADL,wikidata
pl/property-list,.plist,wikidata
pl/property-list,p-list,wikidata
pl/perl-module,.pm,wikidata
pl/perl-module,Perl library,wikidata
pl/javascript-style-sheets,JSSS,wikidata
pl/bson,Binary JSON,wikidata
pl/bson,.bson,wikidata
pl/fortran-95,F95,wikidata
pl/fortran-95,Fortran 95 language features,wikidata
pl/trig,.trig,wikidata
pl/trig,TriG (syntax),wikidata
pl/zope-configuration-markup-language,ZCML,wikidata
pl/fortran-2003,F2003,wikidata
pl/fortran-2008,F2008,wikidata
pl/distinguished-encoding-rules,DER,wikidata
pl/fountain-script,.fountain,wikidata
pl/fountain-script,Fountain Markup Language File,wikidata
pl/mzml,Mass Spectrometry Markup Language,wikidata
pl/keyhole-markup-language-zipped,KMZ,wikidata
pl/keyhole-markup-language-zipped,.kmz,wikidata
pl/keyhole-markup-language-zipped,KML-Zipped,wikidata
pl/keyhole-markup-language-zipped,KML Zipped,wikidata
pl/yet-another-object-description-language,YAODL,wikidata
pl/yet-another-object-description-language,SGI YAODL 3d vector data,wikidata
pl/microsoft-object-description-language,ODL,wikidata
pl/microsoft-object-description-language,.odl,wikidata
pl/microsoft-object-description-language,Object Description File,wikidata
pl/data-format-description-language-schema,.dfdl.xsd,wikidata
pl/data-format-description-language-schema,DFDL schema,wikidata
pl/ion,Amazon Ion,wikidata
pl/ion,Ion (serialization format),wikidata
pl/alias-scene-description-language,.sdl,wikidata
pl/geography-markup-language-version-3-2,.gml,wikidata
pl/apache-orc,Optimized Row Columnar,wikidata
pl/structured-query-language-script,SQL script,wikidata
pl/structured-query-language-script,.sql,wikidata
pl/lilypond-music-score,.ly,wikidata
pl/lilypond-music-score,.ily,wikidata
pl/lilypond-music-score,LilyPond format,wikidata
pl/lilypond-music-score,LilyPond file format,wikidata
pl/lilypond-music-score,LilyPond score,wikidata
pl/magick-scripting-language,.msl,wikidata
pl/animl,Analytical Information Markup Language,wikidata
pl/capn-proto-schema,.capnp,wikidata
pl/wireless-markup-language-file,Wireless Markup Language (WML) Document,wikidata
pl/wireless-markup-language-file,Wireless Markup Language,wikidata
pl/vega-visualization,Vega Visualization Specification Language,wikidata
pl/adobe-indesign-markup-language,InDesign Markup Language,wikidata
pl/vhsic-hardware-description-language-with-rem,VHDL file,wikidata
pl/vhsic-hardware-description-language-with-rem,VHDL file format,wikidata
pl/vhsic-hardware-description-language-with-rem,VHDL source code,wikidata
pl/coldfusion-markup-language-format,ColdFusion Markup Language,wikidata
pl/coldfusion-markup-language-format,Coldfusion HTML,wikidata
pl/adobe-extension-data-markup-language-document,EDML file,wikidata
pl/interface-definition-language-file,Interface Definition File,wikidata
pl/graphical-pathway-markup-language,GenMAPP Pathway Markup Language,wikidata
pl/graphical-pathway-markup-language,GPML,wikidata
pl/extensible-markup-language-1-1,XML 1.1,wikidata
pl/nbt,named binary tag,wikidata
pl/nbt,Minecraft data,wikidata
pl/nbt,Minecraft save data,wikidata
pl/tei-xml,TEI XML,wikidata
pl/tei-xml,TEI,wikidata
pl/timed-text-markup-language-version-2,TTML2,wikidata
pl/metal-shading-language-file,Metal file,wikidata
pl/high-level-shader-language-file-format,HLSL file format,wikidata
pl/high-level-shader-language-file-format,HLSL file,wikidata
pl/json-query-and-transformation-language-file-format,JSLT file format,wikidata
pl/json-query-and-transformation-language-file-format,JSLT source,wikidata
pl/kusto-query-file,Kusto Query Language source code file,wikidata
pl/linden-scripting-language-source-code-file,Linden Scripting Language source code,wikidata
pl/relation-query-language-file-format,RQL file,wikidata
pl/varnish-configuration-language-file-format,VCL file,wikidata
pl/html-email-markup-language-format,HEML,wikidata
pl/ftl-file,FreeMarker Template Language file,wikidata
pl/ftlh-file,FreeMarker Template Language HTML file,wikidata
pl/ftlx-file,FreeMarker Template Language XML file,wikidata
pl/citygml-file-format,City Geography Markup Language file format,wikidata
pl/token-oriented-object-notation,TOON,wikidata
pl/token-oriented-object-notation,.toon,wikidata
