sha1_git,filename,source_csv,length,is_text,total_lines,blank_lines,comment_lines,code_lines,comment_ratio,source_format_guess,n_divisions,has_exec_sql,has_exec_cics,copy_count,call_count,perform_count,goto_count,comp3_count,pic_count,program_ids,judge_cobol_confirmed,judge_dialect_family,judge_standard,judge_source_format,judge_domain,judge_program_type,judge_maturity,judge_confidence,judge_dialect_detail,judge_domain_detail
35e449a2a7d6f1047510030ce50cd74f3f7da13b,/WBC_54739_FOO.CBL,CBL_files.csv,32,True,1,0,0,1,0.0,free,0,False,False,0,0,0,0,0,0,,,,,,,,,,,
0bffa88ce5fef3adf5a490db4f985c651252e3b3,/WBC_71608_FOO.CBL,CBL_files.csv,32,True,1,0,0,1,0.0,free,0,False,False,0,0,0,0,0,0,,,,,,,,,,,
85714d2d71b82cd728fee9571568f646f80da467,/ORCBM043.CBL,CBL_files.csv,62242,True,1517,0,411,1106,0.271,fixed,4,False,False,29,10,84,3,0,80,ORCBM043,true,fujitsu-nec,COBOL-85,fixed,healthcare-medical,batch,production-like,high,IBM Enterprise COBOL or Fujitsu COBOL (Japanese mainframe/open systems),healthcare/medical billing (Japanese national health insurance / labor accident claims)
76c72e39caf8f082702d5ae21ef43029d64c9202,/WBC_4068_FOO.CBL,CBL_files.csv,50,True,2,0,0,2,0.0,free,0,False,False,0,0,0,0,0,0,,,,,,,,,,,
6c2bc9b43aa368b81c5bcd2b9c941d4bbc45f01f,/WBC_1591_FOO.CBL,CBL_files.csv,50,True,2,0,0,2,0.0,free,0,False,False,0,0,0,0,0,0,,,,,,,,,,,
43bdd253974aed2929bcf225357e3e165cfdf4f3,/WBC_33751_FOO.CBL,CBL_files.csv,32,True,1,0,0,1,0.0,free,0,False,False,0,0,0,0,0,0,,,,,,,,,,,
31a73c3a55484deaa79b51126b234cd60ef84957,/ORCGM97.CBL,CBL_files.csv,38506,True,1051,0,411,640,0.391,fixed,4,False,False,26,13,56,11,0,29,ORCGM97,true,gnucobol,COBOL-85,fixed,healthcare-medical,online-cics,production-like,high,"Micro Focus or similar (likely GnuCOBOL / OpenCOBOL, given the ORCA/JMA open-source medical context)",healthcare / medical billing (Japanese medical receipt system)
2a2107eab73c095605bed30ec78b3358e0c4d1a4,/WBC_28515_FOO.CBL,CBL_files.csv,32,True,1,0,0,1,0.0,free,0,False,False,0,0,0,0,0,0,,,,,,,,,,,
cc77a61808b405c91c35a2258abba1125589cfa5,/ORCGU02.CBL,CBL_files.csv,359942,True,8564,0,2491,6073,0.291,fixed,4,False,False,65,74,495,74,0,185,ORCGU02,true,gnucobol,COBOL-85,fixed,healthcare-medical,online-cics,production-like,high,GnuCOBOL (OpenCOBOL) / ORCA project (JMA),healthcare / medical billing (Japanese medical receipt system)
0f4049eb24eda623faa5e9dd5ee8349cb30092d7,/ORCL0012.CBL,CBL_files.csv,9572,True,240,0,105,135,0.438,fixed,4,False,False,6,4,7,0,0,16,ORCL0012,true,gnucobol,COBOL-85,fixed,healthcare-medical,subprogram,production-like,high,GnuCOBOL (OpenCOBOL) / ORCA JMA medical system dialect,healthcare / medical billing (Japanese medical receipt system)
0e519037c9d54220258ca0f4344e83c210caae4c,/WBC_14451_FOO.CBL,CBL_files.csv,32,True,1,0,0,1,0.0,free,0,False,False,0,0,0,0,0,0,,,,,,,,,,,
2d5ccc032e2c6ea885b26df0cf73de78012b88eb,/WBC_20087_FOO.CBL,CBL_files.csv,32,True,1,0,0,1,0.0,free,0,False,False,0,0,0,0,0,0,,,,,,,,,,,
69fc2ccc953077c8aa932c357f532e598e53f948,/Account.cbl,cbl_files_lowercase.csv,1528,True,47,12,9,26,0.257,fixed,1,False,False,0,1,0,0,0,2,,,,,,,,,,,
70cf5440af907869a84da47f3de5bac9debf3660,/CommentLine.cbl,cbl_files_lowercase.csv,127,True,4,0,1,3,0.25,fixed,1,False,False,0,0,0,0,0,0,CommentLine,,,,,,,,,,
f4e06d99fb0e8ac7308cb54759de96269299653b,/WBC_42197_FOO.CBL,CBL_files.csv,32,True,1,0,0,1,0.0,free,0,False,False,0,0,0,0,0,0,,,,,,,,,,,
0cc014ad91a5658f13b3fee5b3490af228ce8ebb,/WBC_84497_FOO.CBL,CBL_files.csv,32,True,1,0,0,1,0.0,free,0,False,False,0,0,0,0,0,0,,,,,,,,,,,
605e3b6851349f7a026b22266eb052bd38f14a54,/WBC_62013_FOO.CBL,CBL_files.csv,32,True,1,0,0,1,0.0,free,0,False,False,0,0,0,0,0,0,,,,,,,,,,,
cb475a815a5a777907f0fb7487653698366e9982,/WBC_26345_FOO.CBL,CBL_files.csv,32,True,1,0,0,1,0.0,free,0,False,False,0,0,0,0,0,0,,,,,,,,,,,
6ad10156332599565bd7cb7ae57c0123407a7aa8,/SOKATU0200.CBL,CBL_files.csv,112671,True,2595,1,1185,1409,0.457,fixed,4,False,False,28,50,93,2,0,92,SOKATU0200,true,gnucobol,COBOL-85,fixed,healthcare-medical,batch,production-like,high,GnuCOBOL (OpenCOBOL) / ORCA JMA medical system,healthcare/medical billing (Japanese national health insurance)
d9ab86147d628306f4f1749e6e8d5d770223b174,/ORCSNYUACCT.CBL,CBL_files.csv,123544,True,2890,0,849,2041,0.294,fixed,4,False,False,18,31,192,30,0,119,ORCSNYUACCT,true,gnucobol,COBOL-85,fixed,healthcare-medical,subprogram,production-like,high,GnuCOBOL (OpenCOBOL) / ORCA JMA medical system,healthcare / medical billing (Japanese hospital receipt software)
86feed803bf81ce5139b66e2248cb64e2e5d772a,/WBC_79061_FOO.CBL,CBL_files.csv,32,True,1,0,0,1,0.0,free,0,False,False,0,0,0,0,0,0,,,,,,,,,,,
031a7576311f12235711f74003409396cac3eba1,/ORCBM029.CBL,CBL_files.csv,99443,True,2314,1,593,1720,0.256,fixed,4,False,False,30,10,140,3,0,104,ORCBM029,true,gnucobol,COBOL-85,fixed,healthcare-medical,batch,production-like,high,GnuCOBOL (OpenCOBOL) / ORCA JMA medical system,healthcare/medical billing (Japanese national health insurance receipt processing)
4d68f91eb5e8f74c2d78fbe387c5fd83f963efbc,/WBC_32110_FOO.CBL,CBL_files.csv,32,True,1,0,0,1,0.0,free,0,False,False,0,0,0,0,0,0,,,,,,,,,,,
cccb8ef697aac495e8b23d02bb5165416a78c86a,/V12C11Z.CBL,CBL_files.csv,26645,True,637,18,221,398,0.357,fixed,4,True,True,7,1,22,0,4,54,V12C11Z,true,ibm-mainframe,COBOL-85,fixed,banking-finance,online-cics,production-like,high,"IBM Enterprise COBOL (CICS/DB2, mainframe)",banking
a507e6e7f7f5b6d97e54891b2bde68af8f616d36,/5-J.CBL,CBL_files.csv,18376,True,541,75,16,450,0.034,fixed,4,False,False,17,7,31,0,12,42,5-J,true,micro-focus,COBOL-85,fixed,payroll-hr,batch,production-like,high,ACUCOBOL-GT or Micro Focus (likely ACUCOBOL given ASSIGN TO RANDOM and C$RERR),payroll
86d5c0cd6f17d357ff4786f3dc663a2b9066f6f8,/otm3RES.cbl,cbl_files_lowercase.csv,8402,True,231,0,119,112,0.515,free,4,False,False,9,1,12,3,0,17,otm3RES,true,gnucobol,COBOL-2002,free,accounting-erp,batch,production-like,high,GnuCOBOL,accounting/ERP
4b64397402e44020aa034bf138aad974e258601b,/WBC_25528_FOO.CBL,CBL_files.csv,32,True,1,0,0,1,0.0,free,0,False,False,0,0,0,0,0,0,,,,,,,,,,,
68551caa54e0c955fffd769e5fa24ef7072dd901,/BKPXXC2.cbl,cbl_files_lowercase.csv,31674,True,391,0,175,216,0.448,fixed,4,False,True,0,0,9,22,0,16,BKPXXC2,true,ibm-mainframe,COBOL-85,fixed,banking-finance,online-cics,production-like,high,IBM Enterprise COBOL (CICS),banking
a336598284df80e346b8f0c641ba974ef1ef5c0e,/CWXTDATE.cbl,cbl_files_lowercase.csv,4989,True,111,0,12,99,0.108,fixed,4,False,False,0,0,3,0,0,25,CWXTDATE,true,ibm-mainframe,COBOL-85,fixed,education-tutorial,subprogram,production-like,high,IBM Enterprise COBOL (Compuware/Xpediter TSO training context),education/tutorial
3181a1d5c61652913b4e9dc6a68da57ff467495d,/WBC_25742_FOO.CBL,CBL_files.csv,32,True,1,0,0,1,0.0,free,0,False,False,0,0,0,0,0,0,,,,,,,,,,,
2cef6059addc58b17e0a42468e5b92e1623e271d,/ifElse.cbl,cbl_files_lowercase.csv,886,True,27,1,6,20,0.231,fixed,3,False,False,0,0,0,0,0,3,operationsIfElse,true,gnucobol,COBOL-85,fixed,education-tutorial,demo,student-exercise,high,GnuCOBOL,education/tutorial
b827b1508625cdefadf75de645609d7b04a5f8e5,/SEIKYU4317.CBL,CBL_files.csv,98785,True,2265,0,890,1375,0.393,fixed,4,False,False,28,61,83,4,0,86,SEIKYU4317,true,gnucobol,COBOL-85,fixed,healthcare-medical,batch,production-like,high,GnuCOBOL (OpenCOBOL) / JMA ORCA system,healthcare / medical billing (Japanese national health insurance)
2edb0f5f5f2d5fa22f052e79d5572d4e4b3e78e3,/HCIPDB01.cbl,cbl_files_lowercase.csv,7581,True,163,0,69,94,0.423,fixed,4,True,True,2,1,3,0,0,13,HCIPDB01,true,ibm-mainframe,COBOL-85,fixed,healthcare-medical,online-cics,production-like,high,IBM Enterprise COBOL (CICS/DB2),healthcare / patient management
adf744111a90cd42235c4fce9812200ec8105ad7,/WBC_29382_FOO.CBL,CBL_files.csv,32,True,1,0,0,1,0.0,free,0,False,False,0,0,0,0,0,0,,,,,,,,,,,
a6cfc958b1380d36bba43b0bc8897f119927f664,/triangle-4.cbl,cbl_files_lowercase.csv,1279,True,40,4,0,36,0.0,fixed,3,False,False,0,0,6,0,0,4,TRIANGLE-4,true,gnucobol,COBOL-85,fixed,education-tutorial,demo,student-exercise,high,GnuCOBOL or Micro Focus (likely academic/training environment),education/tutorial
80498df7429df36045817248d2e69e439e9c545a,/WBC_87697_FOO.CBL,CBL_files.csv,32,True,1,0,0,1,0.0,free,0,False,False,0,0,0,0,0,0,,,,,,,,,,,
14dd668b017d8f252a1f4da03c80e62e98ad0938,/ORCSBTUSENTEI.CBL,CBL_files.csv,25241,True,620,1,203,416,0.328,fixed,4,False,False,10,7,27,11,0,27,ORCSBTUSENTEI,true,gnucobol,COBOL-85,fixed,healthcare-medical,subprogram,production-like,high,GnuCOBOL (OpenCOBOL) / ORCA JMA medical system — likely compiled with GnuCOBOL or a compatible open-source COBOL compiler on Linux,healthcare / medical billing (Japanese medical insurance claims — ORCA JMA receipt software)
de9a7a2893b90839a2781e773cb8e862df60ccbb,/WBC_15614_FOO.CBL,CBL_files.csv,32,True,1,0,0,1,0.0,free,0,False,False,0,0,0,0,0,0,,,,,,,,,,,
3c7f51604e80da0759228b70008bcf0bbde79357,/CBL0001.cbl,cbl_files_lowercase.csv,3760,True,99,1,37,61,0.378,fixed,4,False,False,0,1,6,0,3,20,CBL0001,true,ibm-mainframe,COBOL-85,fixed,education-tutorial,batch,student-exercise,high,IBM Enterprise COBOL,education/tutorial
b777f6c11f76aa14426f27e3025407c9b5f6ef6b,/POSTCHQ.CBL,CBL_files.csv,94376,True,2844,200,273,2371,0.103,fixed,4,False,False,74,6,181,115,30,494,POSTCHQ,true,micro-focus,COBOL-85,fixed,banking-finance,batch,production-like,high,Micro Focus COBOL (likely MF Personal COBOL or MF COBOL for DOS/Windows),banking
262a5c55d927300de6c611de16f9a222bf962bab,/OBSQ3A.CBL,CBL_files.csv,52407,True,647,0,44,603,0.068,fixed,4,False,False,0,0,45,29,0,148,OBSQ34,true,ibm-mainframe,COBOL-85,fixed,education-tutorial,batch,production-like,high,"IBM Enterprise COBOL (or compatible mainframe COBOL, likely CCVS85 test suite)",education/tutorial
8e3100c2afbb8bc146d6477ff52487cab3d8469a,/OINV12.CBL,CBL_files.csv,117641,True,3256,207,576,2473,0.189,fixed,4,False,False,107,0,200,80,15,317,OINV12,true,micro-focus,COBOL-85,fixed,accounting-erp,batch,production-like,high,Micro Focus COBOL (likely RM/COBOL or Micro Focus with $set directive),"accounting/retail (invoicing, debtors, VAT, general ledger integration)"
af430073e3b06bccf0b1b5e7a71ba5c5db943fa1,/WBC_22998_FOO.CBL,CBL_files.csv,32,True,1,0,0,1,0.0,free,0,False,False,0,0,0,0,0,0,,,,,,,,,,,
5d2cf0adb9dd19a876af471e88ba67ed43e52e27,/WBC_8840_FOO.CBL,CBL_files.csv,31,True,1,0,0,1,0.0,free,0,False,False,0,0,0,0,0,0,,,,,,,,,,,
2197db137bab1667030885297aea0f0e2bcff0db,/WBC_35586_FOO.CBL,CBL_files.csv,32,True,1,0,0,1,0.0,free,0,False,False,0,0,0,0,0,0,,,,,,,,,,,
15f8b846087452134a106dc95ec498da0c3ac168,/WBC_35545_FOO.CBL,CBL_files.csv,32,True,1,0,0,1,0.0,free,0,False,False,0,0,0,0,0,0,,,,,,,,,,,
6e829311a89a128624d9a347d1998f58a282a827,/WBC_97027_FOO.CBL,CBL_files.csv,32,True,1,0,0,1,0.0,free,0,False,False,0,0,0,0,0,0,,,,,,,,,,,
8c644b6baef039779953e1516f37e287eaeb6af1,/rrmbs196.cbl,cbl_files_lowercase.csv,1204,True,45,1,19,25,0.432,fixed,4,False,False,0,0,0,0,0,12,RRMBS196,true,ibm-mainframe,COBOL-85,fixed,unknown,batch,snippet,high,IBM Enterprise COBOL (or compatible mainframe COBOL),
26a23e8cfed9e5129c9cb0437bb89d3fb9e9d862,/WBC_8843_FOO.CBL,CBL_files.csv,50,True,2,0,0,2,0.0,free,0,False,False,0,0,0,0,0,0,,,,,,,,,,,
70e1037a5def288e45db73ee6d24605eb8adf22a,/ORCRDPC10.CBL,CBL_files.csv,292378,True,6438,0,1723,4715,0.268,fixed,4,False,False,51,10,365,13,0,560,ORCRDPC10,true,micro-focus,COBOL-85,fixed,healthcare-medical,batch,production-like,high,NEC/Fujitsu or similar Japanese mainframe COBOL (possibly Micro Focus or vendor COBOL for Japanese systems),healthcare / Japanese medical insurance billing (DPC/PDPS)
30f2ac63d793c779d74a1aadbb7b2300118c28e9,/WBC_4039_FOO.CBL,CBL_files.csv,31,True,1,0,0,1,0.0,free,0,False,False,0,0,0,0,0,0,,,,,,,,,,,
b842652675407c0d91860dcfbeec92245203685e,/WBC_40681_FOO.CBL,CBL_files.csv,32,True,1,0,0,1,0.0,free,0,False,False,0,0,0,0,0,0,,,,,,,,,,,
86e0dec29bb11357fb9b336f7af519b326641f86,/WBC_80209_FOO.CBL,CBL_files.csv,32,True,1,0,0,1,0.0,free,0,False,False,0,0,0,0,0,0,,,,,,,,,,,
dbb86a1fb901ddbdd2ec4680ceb972510471d73f,/WBC_40870_FOO.CBL,CBL_files.csv,32,True,1,0,0,1,0.0,free,0,False,False,0,0,0,0,0,0,,,,,,,,,,,
b0d75804a74a71712813c8f2ff0620b1c8efb2f1,/WBC_44850_FOO.CBL,CBL_files.csv,32,True,1,0,0,1,0.0,free,0,False,False,0,0,0,0,0,0,,,,,,,,,,,
4eebf56f8dac8b1e51cf9ab94eef197d2482e05f,/Program1.cbl,cbl_files_lowercase.csv,338,True,12,0,0,12,0.0,fixed,4,False,False,0,0,0,0,0,0,Program1,true,gnucobol,COBOL-85,fixed,education-tutorial,demo,toy-or-hello-world,high,IBM Enterprise COBOL or GnuCOBOL,education/tutorial
b370894ea6b0e77cc2c8e735ff49477ffccf3c93,/WBC_67236_FOO.CBL,CBL_files.csv,32,True,1,0,0,1,0.0,free,0,False,False,0,0,0,0,0,0,,,,,,,,,,,
ac36fd049fcc80f80a70b0b0c0ceb185ae75f0ea,/WBC_55729_FOO.CBL,CBL_files.csv,32,True,1,0,0,1,0.0,free,0,False,False,0,0,0,0,0,0,,,,,,,,,,,
65771b0c89ebb382e612fff51a1896f3c1a0fd19,/CW08DEMO.cbl,cbl_files_lowercase.csv,93363,True,1141,112,223,806,0.217,fixed,4,True,True,5,0,69,1,1,67,CW08DEMO,true,ibm-mainframe,COBOL-85,fixed,demo-example,online-cics,production-like,high,IBM Enterprise COBOL (CICS/DB2),demo
817dfe31b926163b53289a68cf186d7468a052af,/WBC_77652_FOO.CBL,CBL_files.csv,32,True,1,0,0,1,0.0,free,0,False,False,0,0,0,0,0,0,,,,,,,,,,,
228a4ce37991a26148687111fc56dc067ed745af,/crp9102C.cbl,cbl_files_lowercase.csv,54513,True,1248,89,65,1094,0.056,fixed,4,False,False,29,10,94,0,0,167,CRP9102C,true,micro-focus,COBOL-85,fixed,banking-finance,batch,production-like,high,Micro Focus COBOL (likely Visual COBOL or COBOL for Windows),banking
531ad2c0ad8de99c5029ff9cd7eee14dd86e1aae,/WBC_84896_FOO.CBL,CBL_files.csv,32,True,1,0,0,1,0.0,free,0,False,False,0,0,0,0,0,0,,,,,,,,,,,
76beeaf5d900734b99baebfc639469c6a214a40b,/ORCR0430.CBL,CBL_files.csv,224843,True,5054,0,1206,3848,0.239,fixed,4,False,False,40,50,347,0,0,228,ORCR0430,true,gnucobol,COBOL-85,fixed,healthcare-medical,batch,production-like,high,GnuCOBOL (OpenCOBOL) / JMA ORCA project,healthcare / medical billing (Japanese national health insurance)
4f465c53d7bab5ce2eacd8e3be47b5d693cf5aca,/acas023.cbl,cbl_files_lowercase.csv,28462,True,662,3,358,301,0.543,free,4,True,False,8,6,9,36,0,9,acas023,true,gnucobol,COBOL-85,free,accounting-erp,subprogram,production-like,high,GnuCOBOL,accounting/ERP (purchase ledger)
dfff1438a8a90e864edfb038815817e697369b7c,/WBC_31500_FOO.CBL,CBL_files.csv,32,True,1,0,0,1,0.0,free,0,False,False,0,0,0,0,0,0,,,,,,,,,,,
b7e85e3ce0e67295baa4f660e0cc89f70bf64cde,/SQ141A.CBL,CBL_files.csv,50625,True,625,0,143,482,0.229,fixed,4,False,False,0,0,53,17,0,154,SQ1414,true,gnucobol,COBOL-85,fixed,education-tutorial,test,production-like,high,GnuCOBOL / CCVS85 validation suite (originally IBM-compatible),education/tutorial
82e8684b6983eee11acc910410a563bf41db3dce,/samos2.cbl,cbl_files_lowercase.csv,5022,True,118,9,44,65,0.404,fixed,4,False,False,0,0,2,0,11,21,SAMOS2,true,ibm-mainframe,COBOL-85,fixed,education-tutorial,subprogram,production-like,high,IBM Enterprise COBOL (or OS/VS COBOL heritage),education/tutorial
6a6cbe0dd64e8d4466f4e71a6dfa985bf1237203,/ORCR0030.CBL,CBL_files.csv,1127464,True,23418,0,3611,19807,0.154,fixed,4,False,False,53,55,822,11,0,946,ORCR0030,true,gnucobol,COBOL-85,fixed,healthcare-medical,batch,production-like,high,IBM Enterprise COBOL or compatible (likely GnuCOBOL/OpenCOBOL given JMA ORCA open-source context),healthcare / medical billing (Japanese national health insurance claims)
9d44cabb7f5f5f280a0eac39a8f12a22ebe6ade0,/ORCBM028.CBL,CBL_files.csv,71187,True,1538,0,408,1130,0.265,fixed,4,False,False,24,6,65,0,0,97,ORCBM028,true,gnucobol,COBOL-85,fixed,healthcare-medical,subprogram,production-like,high,GnuCOBOL (OpenCOBOL) / ORCA JMA medical system,healthcare/medical billing (Japanese national health insurance claims processing)
1afde1edf235400261670e0a05d41d37e32125a7,/CRP023.CBL,CBL_files.csv,44074,True,972,87,343,542,0.388,fixed,4,False,False,32,3,43,15,13,168,CRP023,true,micro-focus,COBOL-85,fixed,accounting-erp,batch,production-like,high,Micro Focus COBOL (likely Micro Focus Visual COBOL or Net Express),"accounting/finance (accounts payable, creditor management)"
6f0590b7c7c078920c3160fe565f8a2ecbd7510e,/WBC_12617_FOO.CBL,CBL_files.csv,32,True,1,0,0,1,0.0,free,0,False,False,0,0,0,0,0,0,,,,,,,,,,,
0f6ca3cdf5b72ce013a382729a87682c4cad974a,/WBC_10451_FOO.CBL,CBL_files.csv,32,True,1,0,0,1,0.0,free,0,False,False,0,0,0,0,0,0,,,,,,,,,,,
9906138d5b42b53212d6d92c5230b31ac7624c2a,/WBC_22173_FOO.CBL,CBL_files.csv,32,True,1,0,0,1,0.0,free,0,False,False,0,0,0,0,0,0,,,,,,,,,,,
c26acff3211a135f800a5057a61ece6f5019f41c,/ORCSC70201004.CBL,CBL_files.csv,168803,True,3865,0,1169,2696,0.302,fixed,4,False,False,14,8,149,22,0,322,ORCSC70201004,true,gnucobol,COBOL-85,fixed,healthcare-medical,batch,production-like,high,"IBM Enterprise COBOL or compatible (likely NEC/Fujitsu mainframe or GnuCOBOL on Linux, given JMA ORCA project context)",healthcare/medical billing (Japanese health insurance claims processing)
81de52c34a750f7a51104337d0807ea6052bfdaf,/WBC_94171_FOO.CBL,CBL_files.csv,32,True,1,0,0,1,0.0,free,0,False,False,0,0,0,0,0,0,,,,,,,,,,,
200127d0512b11e02f5e7d8db6824788dd21784a,/WBC_81516_FOO.CBL,CBL_files.csv,32,True,1,0,0,1,0.0,free,0,False,False,0,0,0,0,0,0,,,,,,,,,,,
6627cebd930d0865fa15211db242ef1daa06afd9,/WBC_5191_FOO.CBL,CBL_files.csv,50,True,2,0,0,2,0.0,free,0,False,False,0,0,0,0,0,0,,,,,,,,,,,
98a507dc37b64384c2e56de95d02d8dd38546bbf,/WBC_25882_FOO.CBL,CBL_files.csv,32,True,1,0,0,1,0.0,free,0,False,False,0,0,0,0,0,0,,,,,,,,,,,
66fd7d3479466be3a36207eed7c537cd8d46d4c8,/acpx121.CBL,CBL_files.csv,385,True,9,0,0,9,0.0,fixed,0,False,False,0,0,0,0,0,0,,,,,,,,,,,
f1d5c97209ae0c5d482dec57f77c3f4d8a29b4ac,/WBC_30499_FOO.CBL,CBL_files.csv,32,True,1,0,0,1,0.0,free,0,False,False,0,0,0,0,0,0,,,,,,,,,,,
bfb5f8d33c54b7d13a5b9601a55e2d68d2e390ea,/ixverify.cbl,cbl_files_lowercase.csv,3037,True,72,0,16,56,0.222,fixed,3,False,False,0,0,2,0,0,4,IXVERIFY,true,rm-cobol,COBOL-85,fixed,utility-tooling,batch,production-like,high,RM/COBOL-85 (Liant Software),utility
de548ef773de2bc60205ff0bab6484ac03c9ab2d,/WBC_29360_FOO.CBL,CBL_files.csv,32,True,1,0,0,1,0.0,free,0,False,False,0,0,0,0,0,0,,,,,,,,,,,
455a8775e8b7d16417f6c007d301155eb1ad915f,/SEIKYU2307.CBL,CBL_files.csv,97248,True,2269,1,840,1428,0.37,fixed,4,False,False,29,58,76,5,0,109,SEIKYU2307,true,gnucobol,COBOL-85,fixed,healthcare-medical,batch,production-like,high,GnuCOBOL (OpenCOBOL) / JMA ORCA system,healthcare / medical billing (Japanese national health insurance)
807655eb48f95e6136068be412e8eff945b32108,/ORCR0620.CBL,CBL_files.csv,213495,True,4529,0,952,3577,0.21,fixed,4,False,False,50,12,255,11,0,121,ORCR0620,true,gnucobol,COBOL-85,fixed,healthcare-medical,batch,production-like,high,GnuCOBOL (OpenCOBOL) / ORCA JMA medical system,healthcare / medical billing (Japanese national health insurance claims)
43c94d413dc785ea20560ccbe7241740cc8216cc,/ORCBT010.CBL,CBL_files.csv,141862,True,3053,2,560,2491,0.184,fixed,4,False,False,42,60,100,11,0,91,ORCBT010,true,gnucobol,COBOL-85,fixed,healthcare-medical,batch,production-like,high,GnuCOBOL (OpenCOBOL) or Micro Focus COBOL — likely GnuCOBOL given the ORCA/JMA open-source medical context,healthcare / medical billing (Japanese national health insurance claims)
7793055c5e0a9ad8ae44e4189709fc596a60cc23,/ACESSO.cbl,cbl_files_lowercase.csv,14833,True,467,90,33,344,0.088,fixed,4,False,False,0,7,23,0,0,17,ACESSO,true,gnucobol,COBOL-85,free,other,batch,production-like,high,Micro Focus / GnuCOBOL with htmlpp preprocessor,web/CGI application (likely internal business system with customer/vendor management)
7f6d3496d5b936ebf34ad256a0c29375aefee726,/WBC_57918_FOO.CBL,CBL_files.csv,32,True,1,0,0,1,0.0,free,0,False,False,0,0,0,0,0,0,,,,,,,,,,,
cf96fb3c1406c95a752ed5684555ccebd8e50984,/TSQL034A.cbl,cbl_files_lowercase.csv,529,True,32,15,0,17,0.0,fixed,3,False,False,2,0,0,0,0,0,TSQL034A,true,ibm-mainframe,COBOL-85,fixed,education-tutorial,test,snippet,medium,IBM Enterprise COBOL or compatible (PC/mainframe hybrid),education/tutorial
c1924b09f4677bf93595b2656aee00b4832083eb,/WBC_82899_FOO.CBL,CBL_files.csv,32,True,1,0,0,1,0.0,free,0,False,False,0,0,0,0,0,0,,,,,,,,,,,
af6e210fc1370527934cdad0b40145239824b4e5,/WBC_52920_FOO.CBL,CBL_files.csv,32,True,1,0,0,1,0.0,free,0,False,False,0,0,0,0,0,0,,,,,,,,,,,
6a4c4747b5efe5c2160fe90017e526d21fc56c8e,/SOKATU1150.CBL,CBL_files.csv,81594,True,1820,1,439,1380,0.241,fixed,4,False,False,15,23,67,8,0,98,SOKATU1150,true,gnucobol,COBOL-85,fixed,healthcare-medical,batch,production-like,high,GnuCOBOL (OpenCOBOL) / JMA ORCA project,healthcare / medical billing (Japanese national health insurance claims)
4325cb2eeb2a24e4f24c7475e6483aba49c89a94,/FunDeclareWithExec-PublicPrivate.rdz.cbl,cbl_files_lowercase.csv,5828,True,201,31,61,109,0.359,fixed,3,True,False,0,6,3,0,0,35,PGM1|a02a7aa5|a0508f35|efd9419f,true,ibm-mainframe,COBOL-85,fixed,demo-example,subprogram,snippet,high,IBM Enterprise COBOL (TypeCobol/RDz extension),demo
f7034b40162dc664e53b782bb978b4d62eef409e,/WBC_7064_FOO.CBL,CBL_files.csv,31,True,1,0,0,1,0.0,free,0,False,False,0,0,0,0,0,0,,,,,,,,,,,
eef8c1cc24901f730b078e61637a9efdafdb2513,/ORCGW02.CBL,CBL_files.csv,181110,True,4060,1,902,3157,0.222,fixed,4,False,False,59,18,235,36,0,201,ORCGW02,true,gnucobol,COBOL-85,fixed,healthcare-medical,batch,production-like,high,GnuCOBOL (OpenCOBOL) / ORCA JMA medical system,healthcare / medical billing (Japanese insurance claims processing)
2c0519f4ac32f06904e6d6215b51aa5576f29449,/WBC_30424_FOO.CBL,CBL_files.csv,32,True,1,0,0,1,0.0,free,0,False,False,0,0,0,0,0,0,,,,,,,,,,,
169ff23ebb988e2d782d996aedfc0b0e1fd16e7f,/PyramidOfAhraxis.cbl,cbl_files_lowercase.csv,21600,True,708,55,0,653,0.0,fixed,3,False,False,0,0,43,36,0,21,PYRAMIDOFAHRAXIS,true,gnucobol,COBOL-2002,free,demo-example,demo,student-exercise,high,GnuCOBOL,demo
351485a83ce58cc01d0771f2e4d41f66f53f6fc4,/WBC_70579_FOO.CBL,CBL_files.csv,32,True,1,0,0,1,0.0,free,0,False,False,0,0,0,0,0,0,,,,,,,,,,,
4a274f5a5951aae9a2558b84f258dc291ba1c7f2,/BNK1DCS.cbl,cbl_files_lowercase.csv,65606,True,2063,379,368,1316,0.219,fixed,4,False,True,7,0,63,12,1,87,BNK1DCS,true,ibm-mainframe,COBOL-85,fixed,banking-finance,online-cics,production-like,high,IBM Enterprise COBOL for z/OS (CICS),banking
4d912bcf914e143bfb10d8d83cebc98a6e78156e,/DBANK01P.CBL,CBL_files.csv,8430,True,106,1,39,66,0.371,fixed,4,False,True,3,0,0,0,0,5,PIC|dbank01p,true,micro-focus,COBOL-85,fixed,banking-finance,online-cics,production-like,high,Micro Focus COBOL (CICS/VSAM),banking
cc97500b8f3dd4d797da91f19aa1e1a2cd36fbfa,/WBC_95785_FOO.CBL,CBL_files.csv,32,True,1,0,0,1,0.0,free,0,False,False,0,0,0,0,0,0,,,,,,,,,,,
