swhid,sha1_git,name,source_csv,n_filenames
swh:1:cnt:bab43fcee6d1fa4eac7f03463c9f9df45b07f054,bab43fcee6d1fa4eac7f03463c9f9df45b07f054,/DFH0XSOD.cbl,cbl_files_lowercase.csv,1
swh:1:cnt:e646dd9bd2bcffd82658c27464c0e3c6794a2f30,e646dd9bd2bcffd82658c27464c0e3c6794a2f30,/COCRDUPS.cbl,cbl_files_lowercase.csv,1
swh:1:cnt:c034210adc29cd0157a5239f3dbd9bdfb2f1c719,c034210adc29cd0157a5239f3dbd9bdfb2f1c719,/gameSummary.aspx.designer.cbl,cbl_files_lowercase.csv,1
swh:1:cnt:ba85b0648955d9b46f837be5609fd355ce0f6f89,ba85b0648955d9b46f837be5609fd355ce0f6f89,/CWSPID.cbl,cbl_files_lowercase.csv,1
swh:1:cnt:d12bac10112bff1dbe75f2f893ef0e68da4142ad,d12bac10112bff1dbe75f2f893ef0e68da4142ad,/D516KYS.cbl,cbl_files_lowercase.csv,1
swh:1:cnt:f1d81029d6ec074a3370e5b5320d578af394769b,f1d81029d6ec074a3370e5b5320d578af394769b,/STU-BUILDER.cbl,cbl_files_lowercase.csv,1
swh:1:cnt:4e6635112fe7b32ed8d9b4bdbc58dc77b0e115be,4e6635112fe7b32ed8d9b4bdbc58dc77b0e115be,/Legion 006 - (New 52).cbl,cbl_files_lowercase.csv,1
swh:1:cnt:4c46e3c4bada106f14a873cb03bb84423ee6afaa,4c46e3c4bada106f14a873cb03bb84423ee6afaa,/STUDENT-SCHEDULE.cbl,cbl_files_lowercase.csv,1
swh:1:cnt:d2d5d3298a365ac356a283b23a1d8e7330ace536,d2d5d3298a365ac356a283b23a1d8e7330ace536,/[DC Comics] DC Master Reading Order Part #02 (WEB-CBRO).cbl,cbl_files_lowercase.csv,1
swh:1:cnt:c452b24bc729a8d729e4d578e54a7cacd4d216ae,c452b24bc729a8d729e4d578e54a7cacd4d216ae,/sample.cbl,cbl_files_lowercase.csv,1
swh:1:cnt:fd0fcfdd6aeb21af618d78c0d1983c5f89478d0e,fd0fcfdd6aeb21af618d78c0d1983c5f89478d0e,/pw00702s.cbl,cbl_files_lowercase.csv,1
swh:1:cnt:4cdbba90c57f1a9101480d6c7551e0b218245eaa,4cdbba90c57f1a9101480d6c7551e0b218245eaa,/DB2CBLEX.cbl,cbl_files_lowercase.csv,1
swh:1:cnt:26f9cadd038fa3e14c80f10e74d57044b4a3890e,26f9cadd038fa3e14c80f10e74d57044b4a3890e,/ADDAMT.cbl,cbl_files_lowercase.csv,1
swh:1:cnt:b84ee0fabd85dae3810f450ce4530beb45bd93fb,b84ee0fabd85dae3810f450ce4530beb45bd93fb,/MyGrade.cbl,cbl_files_lowercase.csv,1
swh:1:cnt:7d31f09e6067e39e1fdea315717a010144f66bd8,7d31f09e6067e39e1fdea315717a010144f66bd8,/OCCRS.cbl,cbl_files_lowercase.csv,1
swh:1:cnt:3a9980b5530dc14da622982f81f162822d855fd4,3a9980b5530dc14da622982f81f162822d855fd4,/SEARCH_SORT.cbl,cbl_files_lowercase.csv,1
swh:1:cnt:257284e43ae8259178f1bc0f5bf661275d50b1b0,257284e43ae8259178f1bc0f5bf661275d50b1b0,/hcipdb01.cbl,cbl_files_lowercase.csv,1
swh:1:cnt:ddc4ee08df22bde2ae4f17ac7179d03ac18095d8,ddc4ee08df22bde2ae4f17ac7179d03ac18095d8,/desafioModulo2CPF.cbl,cbl_files_lowercase.csv,1
swh:1:cnt:11446809ef6c4bc6ac7f7507f34c4f8aaeb67f9e,11446809ef6c4bc6ac7f7507f34c4f8aaeb67f9e,/log4mas.cbl,cbl_files_lowercase.csv,1
swh:1:cnt:f572e8ac958e2fdc514527597f9de5f615d16e5e,f572e8ac958e2fdc514527597f9de5f615d16e5e,/relcli.cbl,cbl_files_lowercase.csv,1
swh:1:cnt:a32402ec2162ea50107c9033521e866d34bc5d92,a32402ec2162ea50107c9033521e866d34bc5d92,/ph070129.cbl,cbl_files_lowercase.csv,1
swh:1:cnt:baec2f55f84868fc42549496d2a48215b61cb2c9,baec2f55f84868fc42549496d2a48215b61cb2c9,/breakdown.aspx.designer.cbl,cbl_files_lowercase.csv,1
swh:1:cnt:fdb64c219cb5a29b006c020f0ee4b45e575265c8,fdb64c219cb5a29b006c020f0ee4b45e575265c8,/cxp100-08-06-2009.cbl,cbl_files_lowercase.csv,1
swh:1:cnt:414e4e187bcecedee61b96e41292a5f6eaca10ad,414e4e187bcecedee61b96e41292a5f6eaca10ad,/CIB007.cbl,cbl_files_lowercase.csv,1
swh:1:cnt:0639f12478bf08bc019a360a008dfe31f44c0240,0639f12478bf08bc019a360a008dfe31f44c0240,/desconto05.cbl,cbl_files_lowercase.csv,1
swh:1:cnt:d99e62f3cb87ddf4bea507b468ba5b3eb2ee5770,d99e62f3cb87ddf4bea507b468ba5b3eb2ee5770,/car105.cbl,cbl_files_lowercase.csv,1
swh:1:cnt:19f6353b8bbea6437c5d3567355760311f188107,19f6353b8bbea6437c5d3567355760311f188107,/TypedefCyclic0.cbl,cbl_files_lowercase.csv,1
swh:1:cnt:18715e1b85b509905fd8fb7e9fe127e70c32058c,18715e1b85b509905fd8fb7e9fe127e70c32058c,/read_cmd_line_args.cbl,cbl_files_lowercase.csv,1
swh:1:cnt:0e9f60235484b8d92182316ea0a8ec7ab6660e4f,0e9f60235484b8d92182316ea0a8ec7ab6660e4f,/pl940.cbl,cbl_files_lowercase.csv,1
swh:1:cnt:4e839bd595369bbd2f38c1c1749ec020fe07ac8b,4e839bd595369bbd2f38c1c1749ec020fe07ac8b,/acas007.cbl,cbl_files_lowercase.csv,1
swh:1:cnt:63b39a2c43a3aa821b75e46769dda2a9aa25cf11,63b39a2c43a3aa821b75e46769dda2a9aa25cf11,/IC2134.2.cbl,cbl_files_lowercase.csv,1
swh:1:cnt:f7457795469279d73832f9f0ebd3e34a1856c6db,f7457795469279d73832f9f0ebd3e34a1856c6db,/NC2424.2.cbl,cbl_files_lowercase.csv,1
swh:1:cnt:0c6bdcb7b2900afbb0f0bf7f33e81ff2215ee4fd,0c6bdcb7b2900afbb0f0bf7f33e81ff2215ee4fd,/star-10-2.cbl,cbl_files_lowercase.csv,1
swh:1:cnt:bf69b8ca11dba0c8de8fc972687ce2c850004f85,bf69b8ca11dba0c8de8fc972687ce2c850004f85,/Wonder Woman 1 - Golden Age.cbl,cbl_files_lowercase.csv,2
swh:1:cnt:86c5ac403a2b5c2966d22dd5c6a3bac356bf0dc8,86c5ac403a2b5c2966d22dd5c6a3bac356bf0dc8,/Lista3E2.cbl,cbl_files_lowercase.csv,1
swh:1:cnt:b5ce23029f048b31ba57f9f4d903eb174a260961,b5ce23029f048b31ba57f9f4d903eb174a260961,/TSQL021C.cbl,cbl_files_lowercase.csv,1
swh:1:cnt:f374403515ac38b076af90ab40b2288af2f00bb9,f374403515ac38b076af90ab40b2288af2f00bb9,/CPBD061GLS.cbl,cbl_files_lowercase.csv,1
swh:1:cnt:50971a6778d633c78350b92232f65245560eeb2b,50971a6778d633c78350b92232f65245560eeb2b,/ph070058.cbl,cbl_files_lowercase.csv,1
swh:1:cnt:d5c6b9f7793bab7197aedd16f98c1f0fc6f4f1f6,d5c6b9f7793bab7197aedd16f98c1f0fc6f4f1f6,/SAM1.cbl,cbl_files_lowercase.csv,1
swh:1:cnt:6031fa223703995fee4ba6f2f693baf1a94dd7ef,6031fa223703995fee4ba6f2f693baf1a94dd7ef,/cgi-edit-betyg.cbl,cbl_files_lowercase.csv,1
swh:1:cnt:793e317f96d95ba131898c964f994d2012e8039d,793e317f96d95ba131898c964f994d2012e8039d,/CPRMAIN.cbl,cbl_files_lowercase.csv,1
swh:1:cnt:cdedc94ff5507a6875e0ffe15a0eeef5230e4b31,cdedc94ff5507a6875e0ffe15a0eeef5230e4b31,/stbefw481.cbl,cbl_files_lowercase.csv,1
swh:1:cnt:01ed7f856e426d1fbde7ad065167164db8ef4995,01ed7f856e426d1fbde7ad065167164db8ef4995,/CPBD368HKK.cbl,cbl_files_lowercase.csv,1
swh:1:cnt:22f6b72cb5228d34abc65a3f812d179f0cbd2621,22f6b72cb5228d34abc65a3f812d179f0cbd2621,/BATCH_1.cbl,cbl_files_lowercase.csv,1
swh:1:cnt:bcab17945acbca30d625e3da67187042d8c844c6,bcab17945acbca30d625e3da67187042d8c844c6,/D686THN.cbl,cbl_files_lowercase.csv,1
swh:1:cnt:72afc8ec7bf82cdb1c438d2f1ea9ffbd56b99d0e,72afc8ec7bf82cdb1c438d2f1ea9ffbd56b99d0e,/tempCodeRunnerFile.cbl,cbl_files_lowercase.csv,1
swh:1:cnt:a784a8091ff15ba2440b174738daffd3cd5d098c,a784a8091ff15ba2440b174738daffd3cd5d098c,/exercicio_07_v2.cbl,cbl_files_lowercase.csv,1
swh:1:cnt:e2ea3bf9897b65a26d028b71a9075a9567bbef2b,e2ea3bf9897b65a26d028b71a9075a9567bbef2b,/MarksMF.cbl,cbl_files_lowercase.csv,1
swh:1:cnt:222f259959619566fd325c66e1946e303590273a,222f259959619566fd325c66e1946e303590273a,/TN0004.cbl,cbl_files_lowercase.csv,1
swh:1:cnt:689c855aa1ea79cf95ef8c8f0cef08ef4328a045,689c855aa1ea79cf95ef8c8f0cef08ef4328a045,/Avengers 004.cbl,cbl_files_lowercase.csv,1
swh:1:cnt:82438913688919d2c09e41cefe16077607229719,82438913688919d2c09e41cefe16077607229719,/pw04217c.cbl,cbl_files_lowercase.csv,1
swh:1:cnt:5ea4d4659bd88759449c955a15eeba6bbd3b59be,5ea4d4659bd88759449c955a15eeba6bbd3b59be,/CPBD382SSS.cbl,cbl_files_lowercase.csv,1
swh:1:cnt:d33f8409f497b3e71d1238456500d8fd9510dcc2,d33f8409f497b3e71d1238456500d8fd9510dcc2,/IfThenNextSentence0.cbl,cbl_files_lowercase.csv,1
swh:1:cnt:772faf254b7cb41236673c64d847f576cb9d0c40,772faf254b7cb41236673c64d847f576cb9d0c40,/ex02.cbl,cbl_files_lowercase.csv,1
swh:1:cnt:0c49ebb21fc0e2b95dc4682e2bc3b74853d5c152,0c49ebb21fc0e2b95dc4682e2bc3b74853d5c152,/MENU_INICIAL.cbl,cbl_files_lowercase.csv,1
swh:1:cnt:1ce19024c7c1c80edf70f6d43609faae781bbe29,1ce19024c7c1c80edf70f6d43609faae781bbe29,/Listing-5-2-e.cbl,cbl_files_lowercase.csv,1
swh:1:cnt:e796660e82aa3321f904bdae32b5186905deb1c9,e796660e82aa3321f904bdae32b5186905deb1c9,/workingStorageStringSubLevel.cbl,cbl_files_lowercase.csv,1
swh:1:cnt:2cda9297673351a9b9c2dea841315c191550e334,2cda9297673351a9b9c2dea841315c191550e334,/files.cbl,cbl_files_lowercase.csv,1
swh:1:cnt:a4f9c7646050229105421e9bbc1f8514ff295f8a,a4f9c7646050229105421e9bbc1f8514ff295f8a,/sort2f.cbl,cbl_files_lowercase.csv,1
swh:1:cnt:2cc8ca0ea494b50a8e9d88feb7899f6b293313b8,2cc8ca0ea494b50a8e9d88feb7899f6b293313b8,/case116.cbl,cbl_files_lowercase.csv,1
swh:1:cnt:77f9854589632a148d4757235723a832c11f65d9,77f9854589632a148d4757235723a832c11f65d9,/VIEW-INGREDS.cbl,cbl_files_lowercase.csv,1
swh:1:cnt:9f4f96e38724f991914405ef00302c99ee78f51a,9f4f96e38724f991914405ef00302c99ee78f51a,/hcipdb01.cbl,cbl_files_lowercase.csv,1
swh:1:cnt:1b865ed19f32134483dff9cc27c4f2d289191d29,1b865ed19f32134483dff9cc27c4f2d289191d29,/COBOL016.cbl,cbl_files_lowercase.csv,1
swh:1:cnt:06f6a39b021e5ed875a04e19c250dad40b82367b,06f6a39b021e5ed875a04e19c250dad40b82367b,/server.cbl,cbl_files_lowercase.csv,1
swh:1:cnt:003a420dac85fcaaf46966a9ff242c43b1e73868,003a420dac85fcaaf46966a9ff242c43b1e73868,/p9BubbleSort.cbl,cbl_files_lowercase.csv,1
swh:1:cnt:580330e01689ec58afafe1be5aae738b95ddb2ed,580330e01689ec58afafe1be5aae738b95ddb2ed,/InfoBrg2.cbl,cbl_files_lowercase.csv,1
swh:1:cnt:5679739dc73609a1ef5ab81f81b00feb9bd25cc0,5679739dc73609a1ef5ab81f81b00feb9bd25cc0,/CWXTDATE.cbl,cbl_files_lowercase.csv,1
swh:1:cnt:157243cd7daccab851528c5014e5cee9330aecff,157243cd7daccab851528c5014e5cee9330aecff,/tictactoe.cbl,cbl_files_lowercase.csv,1
swh:1:cnt:c1e3b3bbd9355443023df014066b95efd4807ade,c1e3b3bbd9355443023df014066b95efd4807ade,/LGICDB01.cbl,cbl_files_lowercase.csv,1
swh:1:cnt:9b02fc3a732896b69083fb07e808117d00066a77,9b02fc3a732896b69083fb07e808117d00066a77,/evaluateExtended.cbl,cbl_files_lowercase.csv,1
swh:1:cnt:a3b55c003c46a08e5c88879a1c84d7582530e347,a3b55c003c46a08e5c88879a1c84d7582530e347,/lista de tarefas.cbl,cbl_files_lowercase.csv,1
swh:1:cnt:ad0a01ea1adc2accdfedc846188f028b9082dd7a,ad0a01ea1adc2accdfedc846188f028b9082dd7a,/[Marvel] 002 The Clone Wars.cbl,cbl_files_lowercase.csv,1
swh:1:cnt:1e06b76b08e297a18b6e8062268587ec84287da0,1e06b76b08e297a18b6e8062268587ec84287da0,/ANK_KURINOBE.cbl,cbl_files_lowercase.csv,1
swh:1:cnt:e8eeb1b7202023a19b1a2f97fb856f0b32b92409,e8eeb1b7202023a19b1a2f97fb856f0b32b92409,/DDS0001.LEARN.ACCT.SORT2.DATA.cbl,cbl_files_lowercase.csv,1
swh:1:cnt:51d4566e35b9d510c50105cf906f43fc81f07aad,51d4566e35b9d510c50105cf906f43fc81f07aad,/IX1024.2.cbl,cbl_files_lowercase.csv,1
swh:1:cnt:6f2ec7d3dc62a07b3ae79591bc226df4b1c446c7,6f2ec7d3dc62a07b3ae79591bc226df4b1c446c7,/mygrade.cbl,cbl_files_lowercase.csv,1
swh:1:cnt:8b24899fc0c229e8a352aa59dbbb17369713212c,8b24899fc0c229e8a352aa59dbbb17369713212c,/InputHandling.cbl,cbl_files_lowercase.csv,1
swh:1:cnt:23e313d385003595ef96c11c5555b80ff5f2e4de,23e313d385003595ef96c11c5555b80ff5f2e4de,/ACTUALIZARPROV.cbl,cbl_files_lowercase.csv,1
swh:1:cnt:8096c9ba45c748e624a4210d92c9bb36ae05168d,8096c9ba45c748e624a4210d92c9bb36ae05168d,/pwpa6046.cbl,cbl_files_lowercase.csv,1
swh:1:cnt:895e412e19ec422b48281676dfed990cec0eb3e5,895e412e19ec422b48281676dfed990cec0eb3e5,/pw04262r.cbl,cbl_files_lowercase.csv,1
swh:1:cnt:064a38754ec7542f2e858d4f864068b88bf87b12,064a38754ec7542f2e858d4f864068b88bf87b12,/Listing14-2.cbl,cbl_files_lowercase.csv,1
swh:1:cnt:a8d3b65907b67ff1f4c711324a72e271f190b9c9,a8d3b65907b67ff1f4c711324a72e271f190b9c9,/EDGD1CLQ.cbl,cbl_files_lowercase.csv,1
swh:1:cnt:30e80d91519d51c0521d34ad0c03c8ccc791028b,30e80d91519d51c0521d34ad0c03c8ccc791028b,/COB2.cbl,cbl_files_lowercase.csv,1
swh:1:cnt:37a2926b94d0bbc7ab5096f6d861d95d2e9564b0,37a2926b94d0bbc7ab5096f6d861d95d2e9564b0,/playpen.cbl,cbl_files_lowercase.csv,1
swh:1:cnt:657f521567a08e6a7ab702f97c37a35b1e604c30,657f521567a08e6a7ab702f97c37a35b1e604c30,/S806.cbl,cbl_files_lowercase.csv,1
swh:1:cnt:29e00e6dd00547946e526d840dd79a350c0f453d,29e00e6dd00547946e526d840dd79a350c0f453d,/TestMyClass.cbl,cbl_files_lowercase.csv,1
swh:1:cnt:04a09207415625eecaaca2ff8ab5875fffc39546,04a09207415625eecaaca2ff8ab5875fffc39546,/Lista4E4.cbl,cbl_files_lowercase.csv,1
swh:1:cnt:1892be9dc597c279957df04a1eb01071ccd8feff,1892be9dc597c279957df04a1eb01071ccd8feff,/peso-conv-p.cbl,cbl_files_lowercase.csv,1
swh:1:cnt:bfe0688f7b24a1ae556a916ff47f1fe3691ea8c4,bfe0688f7b24a1ae556a916ff47f1fe3691ea8c4,/IDBSL160.cbl,cbl_files_lowercase.csv,1
swh:1:cnt:c8b4e3746bfc64c055c6c327e0fa8696126174d3,c8b4e3746bfc64c055c6c327e0fa8696126174d3,/CI0226P.cbl,cbl_files_lowercase.csv,1
swh:1:cnt:49889982db7c41dc967ac4db0a6430146fa9b85d,49889982db7c41dc967ac4db0a6430146fa9b85d,/BMQ034.cbl,cbl_files_lowercase.csv,1
swh:1:cnt:e614db5b4e5e017ec05914afedb6aec4f9877685,e614db5b4e5e017ec05914afedb6aec4f9877685,/testantlr212.cbl,cbl_files_lowercase.csv,1
swh:1:cnt:4dae03afb6fe81ef73de47b26f7473d8ca94dc66,4dae03afb6fe81ef73de47b26f7473d8ca94dc66,/ACT-SEC.cbl,cbl_files_lowercase.csv,1
swh:1:cnt:b8a833b394120389d776f71360198be26655781d,b8a833b394120389d776f71360198be26655781d,/printhx3.cbl,cbl_files_lowercase.csv,1
swh:1:cnt:d1955f085ce118bf4aad7045103d828944abd43f,d1955f085ce118bf4aad7045103d828944abd43f,/[Marvel] 2015-2018 Part 2.3 Spider-Women (MG).cbl,cbl_files_lowercase.csv,1
swh:1:cnt:4eabc65cb4bad7191909536d7f9523d32c49d702,4eabc65cb4bad7191909536d7f9523d32c49d702,/mikek.cbl,cbl_files_lowercase.csv,2
swh:1:cnt:36322dcf1c9b97627f7d74ef22e7aba0cc26a70e,36322dcf1c9b97627f7d74ef22e7aba0cc26a70e,/EXE5.cbl,cbl_files_lowercase.csv,1
swh:1:cnt:acd58de39a2326a621c92d83efdb690e970ee193,acd58de39a2326a621c92d83efdb690e970ee193,/bams.cbl,cbl_files_lowercase.csv,1
swh:1:cnt:9e396d1649b37fc211d19cdbc12adf4ac772e8f9,9e396d1649b37fc211d19cdbc12adf4ac772e8f9,/paris.cbl,cbl_files_lowercase.csv,1
swh:1:cnt:304a0609768b175eddd100369e98426965518718,304a0609768b175eddd100369e98426965518718,/mov-peso.cbl,cbl_files_lowercase.csv,1
swh:1:cnt:a2ab50e78cf1ba47fa9d7aafa25e49596b8e71f4,a2ab50e78cf1ba47fa9d7aafa25e49596b8e71f4,/PGMCE.cbl,cbl_files_lowercase.csv,1
swh:1:cnt:ad6bc66117fa1c313d537634a05a767328987893,ad6bc66117fa1c313d537634a05a767328987893,/TRADER9.cbl,cbl_files_lowercase.csv,1
swh:1:cnt:57c6b9f2b6618e3a3aeddf8e523aab1791e865af,57c6b9f2b6618e3a3aeddf8e523aab1791e865af,/BDS0802.cbl,cbl_files_lowercase.csv,1
swh:1:cnt:002fd461f90e4259ddca2e2e2e4830421acc896c,002fd461f90e4259ddca2e2e2e4830421acc896c,/project3-welcome.cbl,cbl_files_lowercase.csv,1
swh:1:cnt:6f2f49a756f25098aaec0408768c4b4ca68cc68e,6f2f49a756f25098aaec0408768c4b4ca68cc68e,/utils.cbl,cbl_files_lowercase.csv,1
swh:1:cnt:f43a9f04e7f94bf0ce570f8a5eae13bee9326b24,f43a9f04e7f94bf0ce570f8a5eae13bee9326b24,/calculator2.cbl,cbl_files_lowercase.csv,1
swh:1:cnt:7d85209732d5572db7f900e0dff527006bfbe23d,7d85209732d5572db7f900e0dff527006bfbe23d,/test.cbl,cbl_files_lowercase.csv,1
swh:1:cnt:08105aa9931c0d52214472772888e35a746ea85a,08105aa9931c0d52214472772888e35a746ea85a,/pfix.cbl,cbl_files_lowercase.csv,1
swh:1:cnt:56e8126fa9834616c3dedfa1429b98cec251b042,56e8126fa9834616c3dedfa1429b98cec251b042,/py050060.cbl,cbl_files_lowercase.csv,1
swh:1:cnt:4d4619b919fed29b74a98afcee85e4b446b596be,4d4619b919fed29b74a98afcee85e4b446b596be,/pw00675s.cbl,cbl_files_lowercase.csv,1
swh:1:cnt:a26a7b1a082f4363ecd53109cf10de17951d7165,a26a7b1a082f4363ecd53109cf10de17951d7165,/fdsjsc.cbl,cbl_files_lowercase.csv,1
swh:1:cnt:f83699d542c33c19c4138ffab18a48cd4991f6f8,f83699d542c33c19c4138ffab18a48cd4991f6f8,/helloworld.cbl,cbl_files_lowercase.csv,1
swh:1:cnt:ed8cd1b45e86cb7ae498cc22ac943ebe205d8401,ed8cd1b45e86cb7ae498cc22ac943ebe205d8401,/hcipdb01.cbl,cbl_files_lowercase.csv,1
swh:1:cnt:2990fd9990d3bf8af2a9e39d8e50e674793631ae,2990fd9990d3bf8af2a9e39d8e50e674793631ae,/Chaos! Universe 1993 - 2002.cbl,cbl_files_lowercase.csv,1
swh:1:cnt:115b00debc8828bb024b600fd56da2cc5bf6510e,115b00debc8828bb024b600fd56da2cc5bf6510e,/Control7.cbl,cbl_files_lowercase.csv,1
swh:1:cnt:3c6dfaa10ca60c95d08306e2509cb92847cc113b,3c6dfaa10ca60c95d08306e2509cb92847cc113b,/ph050027.cbl,cbl_files_lowercase.csv,1
swh:1:cnt:57e81262a022a1d828d14fd3eb610733918bdb2c,57e81262a022a1d828d14fd3eb610733918bdb2c,/noncompliant.cbl,cbl_files_lowercase.csv,1
swh:1:cnt:b626f9c09535c9140000723ed800a5e8649fa911,b626f9c09535c9140000723ed800a5e8649fa911,/samos1.cbl,cbl_files_lowercase.csv,1
swh:1:cnt:6a7025ab094cef71d62c65981c3ccefd6f3d7512,6a7025ab094cef71d62c65981c3ccefd6f3d7512,/[Marvel] 2021-2023 Part 9.3 Scattered Mutants (MG).cbl,cbl_files_lowercase.csv,1
swh:1:cnt:03fb22c866cf19de574a09c9d10e8041746c6e67,03fb22c866cf19de574a09c9d10e8041746c6e67,/fixsection.cbl,cbl_files_lowercase.csv,1
swh:1:cnt:fba276774708daebccee6f8a8b7f4e575d7d032c,fba276774708daebccee6f8a8b7f4e575d7d032c,/DebugLinesInvalidCE.rdz.cbl,cbl_files_lowercase.csv,1
swh:1:cnt:87e945664a0c8bcd9107a9b6ccfcdb29c41b1ef2,87e945664a0c8bcd9107a9b6ccfcdb29c41b1ef2,/testantlr241.cbl,cbl_files_lowercase.csv,1
swh:1:cnt:7a2fd147b66af9fa6e4eeb6f79e276110488fe8c,7a2fd147b66af9fa6e4eeb6f79e276110488fe8c,/PROJ-PRINT-FIN-AID.cbl,cbl_files_lowercase.csv,1
swh:1:cnt:9f27236da66fcfaf31f7ba00fdf34da1236174c8,9f27236da66fcfaf31f7ba00fdf34da1236174c8,/SCHED-INQ-BY-CRSE.cbl,cbl_files_lowercase.csv,1
swh:1:cnt:1e27cbadb7be3a0f376c2629692df3aa23fc0b10,1e27cbadb7be3a0f376c2629692df3aa23fc0b10,/ofldBread.cbl,cbl_files_lowercase.csv,1
swh:1:cnt:1e909f04c7ce2086ac984ebeeff64073ea898797,1e909f04c7ce2086ac984ebeeff64073ea898797,/shop_receipts.cbl,cbl_files_lowercase.csv,1
swh:1:cnt:25361e2dde7b2ddb09a593474a1d3645a8d975e9,25361e2dde7b2ddb09a593474a1d3645a8d975e9,/application_26_insert.cbl,cbl_files_lowercase.csv,1
swh:1:cnt:56087f7b399239a6137a0bdf33be0e5b2c9c109e,56087f7b399239a6137a0bdf33be0e5b2c9c109e,/gordcvar.cbl,cbl_files_lowercase.csv,1
swh:1:cnt:efd4b4c795b59fa024f18da4e34fec7f2e20fd3b,efd4b4c795b59fa024f18da4e34fec7f2e20fd3b,/pfcaut7e.cbl,cbl_files_lowercase.csv,1
swh:1:cnt:643412fea4678c12cc3103c72be54c2f1588dd52,643412fea4678c12cc3103c72be54c2f1588dd52,/Vchpay01.cbl,cbl_files_lowercase.csv,1
swh:1:cnt:0669c4d6841a37a982a56927853f74259cc05e56,0669c4d6841a37a982a56927853f74259cc05e56,/PW02403P.cbl,cbl_files_lowercase.csv,1
swh:1:cnt:f7ed38b47e5fd7b17bbae6de332d75e17a19b709,f7ed38b47e5fd7b17bbae6de332d75e17a19b709,/CWXTCOB.cbl,cbl_files_lowercase.csv,1
swh:1:cnt:982571be13ef7f92cd21bd3f804cc2d3d4a51ad3,982571be13ef7f92cd21bd3f804cc2d3d4a51ad3,/IEAS9800.cbl,cbl_files_lowercase.csv,1
swh:1:cnt:997a50e530e7d93b0d8c0640184b3d8a2b6e9f18,997a50e530e7d93b0d8c0640184b3d8a2b6e9f18,/TPROG05.cbl,cbl_files_lowercase.csv,1
swh:1:cnt:bb01c5dc3c544c76e9640a841e784237cb0d9be6,bb01c5dc3c544c76e9640a841e784237cb0d9be6,/comutfs.cbl,cbl_files_lowercase.csv,1
swh:1:cnt:348ca0fa762af5c1dead3d057e0cff2c5742e776,348ca0fa762af5c1dead3d057e0cff2c5742e776,/BANK2.cbl,cbl_files_lowercase.csv,1
swh:1:cnt:f1cfa42a0607e5cecdaf8ad949509b56eefb4029,f1cfa42a0607e5cecdaf8ad949509b56eefb4029,/TransactionDataAccess.cbl,cbl_files_lowercase.csv,1
swh:1:cnt:c7815a5dda244c1fbf21d5573b1c91f21cb7bf78,c7815a5dda244c1fbf21d5573b1c91f21cb7bf78,/pw02516c.cbl,cbl_files_lowercase.csv,1
swh:1:cnt:ec79ef32db2fcf631e388b2ac2d2c6d571bc228c,ec79ef32db2fcf631e388b2ac2d2c6d571bc228c,/crp052.cbl,cbl_files_lowercase.csv,1
swh:1:cnt:38256cb3f92be618f41cc21e6d4d712700a5477d,38256cb3f92be618f41cc21e6d4d712700a5477d,/server.cbl,cbl_files_lowercase.csv,1
swh:1:cnt:9f1d6eba79e79f2e3e61db79f1fad3ce7758d952,9f1d6eba79e79f2e3e61db79f1fad3ce7758d952,/IX1024.2.cbl,cbl_files_lowercase.csv,1
swh:1:cnt:4b85a9886161cc66f98ea3e4d2753889d0d250b7,4b85a9886161cc66f98ea3e4d2753889d0d250b7,/pw02175r.cbl,cbl_files_lowercase.csv,1
swh:1:cnt:3fd3b4314a005f0b70e5d5aecddbb4fc5a617b18,3fd3b4314a005f0b70e5d5aecddbb4fc5a617b18,/COURSE-INQ.cbl,cbl_files_lowercase.csv,1
swh:1:cnt:806d85e607accac12fd11bf4c5fcc99639e32da8,806d85e607accac12fd11bf4c5fcc99639e32da8,/analRES.cbl,cbl_files_lowercase.csv,1
swh:1:cnt:5e0b82d46f96fae2221324ec7a3cb79c622c19cb,5e0b82d46f96fae2221324ec7a3cb79c622c19cb,/ph050037.cbl,cbl_files_lowercase.csv,1
swh:1:cnt:fbb0569362a099bc2d1110a5c50285da3020a796,fbb0569362a099bc2d1110a5c50285da3020a796,/ASREA105.cbl,cbl_files_lowercase.csv,1
swh:1:cnt:66cf530e2bb4d0ebeda32b037b68c121c05bf8be,66cf530e2bb4d0ebeda32b037b68c121c05bf8be,/gctestrun3E.cbl,cbl_files_lowercase.csv,1
swh:1:cnt:4e571992637dbdb303b012a1cd3bd88af21beb3c,4e571992637dbdb303b012a1cd3bd88af21beb3c,/IF1274.2.cbl,cbl_files_lowercase.csv,1
swh:1:cnt:41b6bf48062be3b237f79f02fce8750c84f90bdf,41b6bf48062be3b237f79f02fce8750c84f90bdf,/IF1394.2.cbl,cbl_files_lowercase.csv,1
swh:1:cnt:e400f6a8603d01ee3f401d6efad528583f412a27,e400f6a8603d01ee3f401d6efad528583f412a27,/Listing16-8.cbl,cbl_files_lowercase.csv,1
swh:1:cnt:51259dd3a7849575adda4968563f17861a18e854,51259dd3a7849575adda4968563f17861a18e854,/EDI-impord-p.cbl,cbl_files_lowercase.csv,1
swh:1:cnt:a002a3d5443772fd33aba2f474b7124c1975ac07,a002a3d5443772fd33aba2f474b7124c1975ac07,/EXPPROG4.cbl,cbl_files_lowercase.csv,1
swh:1:cnt:c70a544ed34336a88d1b398833da077e97cbc8b2,c70a544ed34336a88d1b398833da077e97cbc8b2,/[Marvel] CMRO Expanded Reading Order-Part 21.cbl,cbl_files_lowercase.csv,1
swh:1:cnt:f8d6967c336936aeeea4fd52be1590f9dff0cfc3,f8d6967c336936aeeea4fd52be1590f9dff0cfc3,/tscorte.cbl,cbl_files_lowercase.csv,1
swh:1:cnt:203c944d3bf338a91100c12c4cdfedb522566cef,203c944d3bf338a91100c12c4cdfedb522566cef,/D377HIK.cbl,cbl_files_lowercase.csv,1
swh:1:cnt:adb1fdf9f9c6126f39c0db9d87a01d6b99099166,adb1fdf9f9c6126f39c0db9d87a01d6b99099166,/cllp7659.cbl,cbl_files_lowercase.csv,1
swh:1:cnt:1396c19dca9f9d8ae7e24350d14293f0d409621f,1396c19dca9f9d8ae7e24350d14293f0d409621f,/TPROG06.cbl,cbl_files_lowercase.csv,1
swh:1:cnt:2b02a97c4695cbbbf4036d0231232e3c551b87d1,2b02a97c4695cbbbf4036d0231232e3c551b87d1,/Damenbauernspiele.cbl,cbl_files_lowercase.csv,1
swh:1:cnt:2d3d12df5534ad77cb6ca6ab1e02ed528fda0a91,2d3d12df5534ad77cb6ca6ab1e02ed528fda0a91,/IFCodeElements.cbl,cbl_files_lowercase.csv,1
swh:1:cnt:0ffbf6ae369a8f9ae3846ca141b61a24c0b71309,0ffbf6ae369a8f9ae3846ca141b61a24c0b71309,/ArrayCopybook.cbl,cbl_files_lowercase.csv,1
swh:1:cnt:d307ef153e0e3310cb138df9bc5e4aea5cb73c26,d307ef153e0e3310cb138df9bc5e4aea5cb73c26,/genrep.cbl,cbl_files_lowercase.csv,1
swh:1:cnt:6922b6b11f4ac66db9a2383e056ae4599dd3bc4a,6922b6b11f4ac66db9a2383e056ae4599dd3bc4a,/PW03017R.cbl,cbl_files_lowercase.csv,1
swh:1:cnt:6237e740774b2197d02ebb3a25c5f7fecc0202ae,6237e740774b2197d02ebb3a25c5f7fecc0202ae,/[Marvel] 2021-2024 Part 10.2 - Gang War.cbl,cbl_files_lowercase.csv,1
swh:1:cnt:a1501b8e5c37055f5c0f9f962d20c3f955405691,a1501b8e5c37055f5c0f9f962d20c3f955405691,/CALCULATE-AVG.cbl,cbl_files_lowercase.csv,1
swh:1:cnt:69e173661c94d5e8f0b5290825ddfa7f6b5ed839,69e173661c94d5e8f0b5290825ddfa7f6b5ed839,/first-proj.cbl,cbl_files_lowercase.csv,1
swh:1:cnt:ad6f1b1b0f0daf6d96c8f98d8809acbd46623bf7,ad6f1b1b0f0daf6d96c8f98d8809acbd46623bf7,/CPBD028GZJ.cbl,cbl_files_lowercase.csv,1
swh:1:cnt:f5d8a4da9877fc3b457ab564d3bbd686ba5267bf,f5d8a4da9877fc3b457ab564d3bbd686ba5267bf,/AromaSalesRPT.cbl,cbl_files_lowercase.csv,1
swh:1:cnt:ca586f3091d3ec090d2f3e1b5e9b109b038ce4cc,ca586f3091d3ec090d2f3e1b5e9b109b038ce4cc,/IF4024.2.cbl,cbl_files_lowercase.csv,1
swh:1:cnt:78f676a4ee880ff9464213880c6c74466a962701,78f676a4ee880ff9464213880c6c74466a962701,/py030001.cbl,cbl_files_lowercase.csv,1
swh:1:cnt:d631293f12a09a29ab8cad6deacdf31017adfc33,d631293f12a09a29ab8cad6deacdf31017adfc33,/REPORT-COURSE-BY-INST.cbl,cbl_files_lowercase.csv,1
swh:1:cnt:489a82d88edde8b9e4764ae644d2261b6bdaf22c,489a82d88edde8b9e4764ae644d2261b6bdaf22c,/ssar.cbl,cbl_files_lowercase.csv,1
swh:1:cnt:1c47cd8ade332fda5f6ffafe6e3ecb44856ba422,1c47cd8ade332fda5f6ffafe6e3ecb44856ba422,/StoprunGobackLastStatement.rdz.cbl,cbl_files_lowercase.csv,1
swh:1:cnt:343be592ed67336b0064bb674580947b1783920c,343be592ed67336b0064bb674580947b1783920c,/day4.cbl,cbl_files_lowercase.csv,1
swh:1:cnt:5e0d91b83297cd254a881b5d073ec2ae26af7e31,5e0d91b83297cd254a881b5d073ec2ae26af7e31,/Serie07Prog04.cbl,cbl_files_lowercase.csv,1
swh:1:cnt:c5c04a4e200e25da43a24b2ad142225d1ce4f230,c5c04a4e200e25da43a24b2ad142225d1ce4f230,/lista3e9.cbl,cbl_files_lowercase.csv,1
swh:1:cnt:e61efac7b8b5dc8cbc2a03d57247424e09818e07,e61efac7b8b5dc8cbc2a03d57247424e09818e07,/analMT.cbl,cbl_files_lowercase.csv,1
swh:1:cnt:fdd46b6310e25ee588bf85a094e41f74b3ab2d9a,fdd46b6310e25ee588bf85a094e41f74b3ab2d9a,/HCMADB02.cbl,cbl_files_lowercase.csv,1
swh:1:cnt:fd2fd3b8a6c45a91ba0c9be72449db56a861b80f,fd2fd3b8a6c45a91ba0c9be72449db56a861b80f,/pw04413c.cbl,cbl_files_lowercase.csv,1
swh:1:cnt:1e7cb51985da457c71dfbf6cd1794bfbb393711d,1e7cb51985da457c71dfbf6cd1794bfbb393711d,/string_calculator_test.cbl,cbl_files_lowercase.csv,1
swh:1:cnt:73963d659a047afa14db93b49d7d31f25fcb1628,73963d659a047afa14db93b49d7d31f25fcb1628,/LVVS0092.cbl,cbl_files_lowercase.csv,1
swh:1:cnt:57915822234d9fefd9406fe006d674e3c0375760,57915822234d9fefd9406fe006d674e3c0375760,/ph070102.cbl,cbl_files_lowercase.csv,1
swh:1:cnt:5426b41dc1a2f9b18b19925d37e108d25f890010,5426b41dc1a2f9b18b19925d37e108d25f890010,/clock.cbl,cbl_files_lowercase.csv,1
swh:1:cnt:06d4bca171b6839787713e31c2cf3a5168a7156b,06d4bca171b6839787713e31c2cf3a5168a7156b,/acceptance.cbl,cbl_files_lowercase.csv,1
swh:1:cnt:1c729edce02b39389b20e87a9541309281d1bf98,1c729edce02b39389b20e87a9541309281d1bf98,/merge_files.cbl,cbl_files_lowercase.csv,1
swh:1:cnt:6ef43e3fc9be8b1dd605654813bfe00f2bfdd94f,6ef43e3fc9be8b1dd605654813bfe00f2bfdd94f,/squelette.cbl,cbl_files_lowercase.csv,1
swh:1:cnt:a975fbd9764c1a2646d911e7f4c3858119cb06bd,a975fbd9764c1a2646d911e7f4c3858119cb06bd,/MyGrade.cbl,cbl_files_lowercase.csv,1
swh:1:cnt:b7e3e775f07834b0159d6767755ce4786d8e2b85,b7e3e775f07834b0159d6767755ce4786d8e2b85,/MergeSort.cbl,cbl_files_lowercase.csv,1
swh:1:cnt:669ff621ab52086d9d382383ab48556fafe016cb,669ff621ab52086d9d382383ab48556fafe016cb,/TSQL006A.cbl,cbl_files_lowercase.csv,1
swh:1:cnt:18c08b83b4f097b1af45d9915a9c1856fb9963d7,18c08b83b4f097b1af45d9915a9c1856fb9963d7,/lib-readfile.cbl,cbl_files_lowercase.csv,1
swh:1:cnt:1342a952bfbe66bf6b9d97ee9c98a2b918934bac,1342a952bfbe66bf6b9d97ee9c98a2b918934bac,/Program1.cbl,cbl_files_lowercase.csv,1
swh:1:cnt:48f7d64852caac372bd371d348b3481698a43b8e,48f7d64852caac372bd371d348b3481698a43b8e,/Isogram.cbl,cbl_files_lowercase.csv,1
swh:1:cnt:745229badc227f8731481f81d8f29b0891a036c9,745229badc227f8731481f81d8f29b0891a036c9,/caesarCipher.cbl,cbl_files_lowercase.csv,1
swh:1:cnt:98325bfdd96f7fa10a1bf9e97c19f0c0862cbd9d,98325bfdd96f7fa10a1bf9e97c19f0c0862cbd9d,/PGMOD4.cbl,cbl_files_lowercase.csv,1
swh:1:cnt:daae57ea30a13826e4fbd3c4346929f42ecdd66b,daae57ea30a13826e4fbd3c4346929f42ecdd66b,/S09P000.cbl,cbl_files_lowercase.csv,1
swh:1:cnt:eb6f4f1c46d5e2e26529429608b7c4faffeae21e,eb6f4f1c46d5e2e26529429608b7c4faffeae21e,/gnucobol.cbl,cbl_files_lowercase.csv,1
swh:1:cnt:366f5323544b938a4ad680994e11d2931975ed1f,366f5323544b938a4ad680994e11d2931975ed1f,/HCMADB02.cbl,cbl_files_lowercase.csv,1
swh:1:cnt:261e554c4e32dba7d8e2a8e120f50a9cd5174568,261e554c4e32dba7d8e2a8e120f50a9cd5174568,/DoCalc.cbl,cbl_files_lowercase.csv,1
swh:1:cnt:9562f62913b851011a5eb6b795cd1255bbcd0fb0,9562f62913b851011a5eb6b795cd1255bbcd0fb0,/playpen.cbl,cbl_files_lowercase.csv,1
swh:1:cnt:3940176744087ba7dfb91b97e8fc5db556d4b67d,3940176744087ba7dfb91b97e8fc5db556d4b67d,/hello.cbl,cbl_files_lowercase.csv,1
swh:1:cnt:b9dafffd1fc44a92aab2a7fe85accb6fc9e4b439,b9dafffd1fc44a92aab2a7fe85accb6fc9e4b439,/F3.cbl,cbl_files_lowercase.csv,1
swh:1:cnt:88b0e1c1c9d3bf6c7fdc8432941221a707988e31,88b0e1c1c9d3bf6c7fdc8432941221a707988e31,/DHELP01P.cbl,cbl_files_lowercase.csv,1
swh:1:cnt:d6f79b81079fc8bfd5d6925082f12002edf45fe4,d6f79b81079fc8bfd5d6925082f12002edf45fe4,/main.cbl,cbl_files_lowercase.csv,1
swh:1:cnt:f09c9d32d4e1d22773a69f69369b32b5efc25be0,f09c9d32d4e1d22773a69f69369b32b5efc25be0,/stt-day-p.cbl,cbl_files_lowercase.csv,1
swh:1:cnt:3a02d3c8d268e720404314ab9aeb51e92f425b5f,3a02d3c8d268e720404314ab9aeb51e92f425b5f,/SHI-expfornitori.cbl,cbl_files_lowercase.csv,1
swh:1:cnt:f2efdb1e7b3daa32fda8f5ce3fbfae422d1a8918,f2efdb1e7b3daa32fda8f5ce3fbfae422d1a8918,/TSUBR02.cbl,cbl_files_lowercase.csv,1
swh:1:cnt:0e6aa7955d5f6c751e96e2268f490e87fe137eaa,0e6aa7955d5f6c751e96e2268f490e87fe137eaa,/EJERCICIO-3.cbl,cbl_files_lowercase.csv,1
swh:1:cnt:0763532ddc5f18bd45322aaa3db35a624a669b62,0763532ddc5f18bd45322aaa3db35a624a669b62,/recording.cbl,cbl_files_lowercase.csv,1
swh:1:cnt:c3eadf16b94e21b92894800ed5abb85ff0eb718b,c3eadf16b94e21b92894800ed5abb85ff0eb718b,/SCHED-ADD.cbl,cbl_files_lowercase.csv,1
swh:1:cnt:937b2d9eb44c53acb8bcefa2c02d3c31cb7f6857,937b2d9eb44c53acb8bcefa2c02d3c31cb7f6857,/CI0448P.cbl,cbl_files_lowercase.csv,1
swh:1:cnt:80d726d8e20b579b6da6e30c09ecfadaa1947f6b,80d726d8e20b579b6da6e30c09ecfadaa1947f6b,/gctestsetup.cbl,cbl_files_lowercase.csv,1
swh:1:cnt:0dcaca63ddabe57507d5a881cf3c3f96522171c5,0dcaca63ddabe57507d5a881cf3c3f96522171c5,/utl-sub-var-env-get.cbl,cbl_files_lowercase.csv,1
swh:1:cnt:08b4c0c7fd6f82f0dd8a35a32d3a4cbe9929ccf9,08b4c0c7fd6f82f0dd8a35a32d3a4cbe9929ccf9,/Data1.cbl,cbl_files_lowercase.csv,1
swh:1:cnt:f6bbf4167c22f12dcaad5aacba8dfed21244f95f,f6bbf4167c22f12dcaad5aacba8dfed21244f95f,/TABLES-TWO-DIMENSION-39.cbl,cbl_files_lowercase.csv,1
swh:1:cnt:1ec430e41643df0b00468661a95244964d4cf5f8,1ec430e41643df0b00468661a95244964d4cf5f8,/callprog.cbl,cbl_files_lowercase.csv,1
swh:1:cnt:c6eb3dbce91a4e7dc3fd31ffe1b456f60beac501,c6eb3dbce91a4e7dc3fd31ffe1b456f60beac501,/SeqReadNo88.cbl,cbl_files_lowercase.csv,1
swh:1:cnt:1bb37b54a37c5248c602ea3acbfa6bef6e07a25e,1bb37b54a37c5248c602ea3acbfa6bef6e07a25e,/[DC] Batman Modern Age - Part 02 Year Two The Long Halloween [1990-2007].cbl,cbl_files_lowercase.csv,1
swh:1:cnt:8088f7069553011eab8e5b0eeead47bfc65b5d1d,8088f7069553011eab8e5b0eeead47bfc65b5d1d,/TP.cbl,cbl_files_lowercase.csv,1
swh:1:cnt:8396f6b5551179b9fa767fa68ddf92a8d8714d48,8396f6b5551179b9fa767fa68ddf92a8d8714d48,/IF1104.2.cbl,cbl_files_lowercase.csv,1
swh:1:cnt:3887d56948eaa38c99731fc7ec7149635c180d93,3887d56948eaa38c99731fc7ec7149635c180d93,/crearIndexado.cbl,cbl_files_lowercase.csv,1
swh:1:cnt:1dd24bb28e90b6a1c0c7214bf0fe9f3d2355a2d1,1dd24bb28e90b6a1c0c7214bf0fe9f3d2355a2d1,/epsmlist.cbl,cbl_files_lowercase.csv,1
swh:1:cnt:1eefb71758c4d0f238edd8a9c3a07cde31cc325c,1eefb71758c4d0f238edd8a9c3a07cde31cc325c,/HBSI20AO.cbl,cbl_files_lowercase.csv,1
swh:1:cnt:baf682ec5743e09d484b69370c5b47b753bcb42e,baf682ec5743e09d484b69370c5b47b753bcb42e,/control-break2.cbl,cbl_files_lowercase.csv,1
swh:1:cnt:e0daeb8445d08399b5e9909ef959393e1efce8b4,e0daeb8445d08399b5e9909ef959393e1efce8b4,/arr.cbl,cbl_files_lowercase.csv,1
swh:1:cnt:97d4df3e0b2cc0c84bf7e887c909a71d0ab76f45,97d4df3e0b2cc0c84bf7e887c909a71d0ab76f45,/lgicus01.cbl,cbl_files_lowercase.csv,1
swh:1:cnt:126882fa09bb32dd87e9c71f1b96d66bd14c3ada,126882fa09bb32dd87e9c71f1b96d66bd14c3ada,/load_program.cbl,cbl_files_lowercase.csv,1
swh:1:cnt:358f634b914761afe944cfe32699fb2a46f40074,358f634b914761afe944cfe32699fb2a46f40074,/edit5.cbl,cbl_files_lowercase.csv,1
swh:1:cnt:8cf77ec814983b2131d92f5d50e6680833a0d5ed,8cf77ec814983b2131d92f5d50e6680833a0d5ed,/FUNCTION.cbl,cbl_files_lowercase.csv,1
swh:1:cnt:91448c70d3fec2b69b55e66b3e8fcb6573eef283,91448c70d3fec2b69b55e66b3e8fcb6573eef283,/cosy.cbl,cbl_files_lowercase.csv,1
swh:1:cnt:22ec78e8628fcf6474724c5e519fcbee34a0209b,22ec78e8628fcf6474724c5e519fcbee34a0209b,/ricalini-p.cbl,cbl_files_lowercase.csv,1
swh:1:cnt:c34ea9a9ce18c1b55399a4d25bd9f54b1819ce7c,c34ea9a9ce18c1b55399a4d25bd9f54b1819ce7c,/cbl2xml_Test112.cbl,cbl_files_lowercase.csv,1
swh:1:cnt:1fe944926616f2e749dab036e7c5439890ae2d63,1fe944926616f2e749dab036e7c5439890ae2d63,/sortingStudents_End.cbl,cbl_files_lowercase.csv,1
swh:1:cnt:abfa2dc761d38ecb12af47f0663049a05510bf29,abfa2dc761d38ecb12af47f0663049a05510bf29,/AKLAB7MultilBreakC.cbl,cbl_files_lowercase.csv,1
swh:1:cnt:0c793412806019c5336f289b06efa7c072567961,0c793412806019c5336f289b06efa7c072567961,/subsample.cbl,cbl_files_lowercase.csv,1
swh:1:cnt:cdf79099eb0c0a0b2ba96ce7684c1f56316e307e,cdf79099eb0c0a0b2ba96ce7684c1f56316e307e,/template.cbl,cbl_files_lowercase.csv,1
swh:1:cnt:ebb0fc235cc474db7a42b6c1db03a05d782ce603,ebb0fc235cc474db7a42b6c1db03a05d782ce603,/EL6523.cbl,cbl_files_lowercase.csv,1
swh:1:cnt:0603fb70843641edb9cbf5fca66e7f2baa7f7f87,0603fb70843641edb9cbf5fca66e7f2baa7f7f87,/COACTVWD.cbl,cbl_files_lowercase.csv,1
swh:1:cnt:9da94c4b7a51229462fa96f1a35669ae6a925700,9da94c4b7a51229462fa96f1a35669ae6a925700,/HCV1BI01.cbl,cbl_files_lowercase.csv,1
swh:1:cnt:9c756b03eccfc0f5c06835536a5f99cd9477f6bf,9c756b03eccfc0f5c06835536a5f99cd9477f6bf,/fdvnd02.cbl,cbl_files_lowercase.csv,1
swh:1:cnt:efd05ee8e3a76ddb7097f7af681e78a6e32f661c,efd05ee8e3a76ddb7097f7af681e78a6e32f661c,/SUB-TUGAS-KELOMPOK.cbl,cbl_files_lowercase.csv,1
swh:1:cnt:052d35c06a83ae75ca85d9ddb973e5d67a2444a4,052d35c06a83ae75ca85d9ddb973e5d67a2444a4,/Combo-Box.cbl,cbl_files_lowercase.csv,1
swh:1:cnt:fb1d2d37c00d96cd001d9fa9e1dc1a3e83f4fe2c,fb1d2d37c00d96cd001d9fa9e1dc1a3e83f4fe2c,/LISTA.cbl,cbl_files_lowercase.csv,1
swh:1:cnt:1dbe047bef05d620357d33dcae29530685f59edf,1dbe047bef05d620357d33dcae29530685f59edf,/MARBLE18.cbl,cbl_files_lowercase.csv,1
swh:1:cnt:20ecf751ca993d5004f49b4da0345e34b3ad7b30,20ecf751ca993d5004f49b4da0345e34b3ad7b30,/py990001.cbl,cbl_files_lowercase.csv,1
swh:1:cnt:2571f4b82b0e7dfed7d9023605171a24b41046f6,2571f4b82b0e7dfed7d9023605171a24b41046f6,/lista11exercicio1v2.cbl,cbl_files_lowercase.csv,1
swh:1:cnt:2fe99f64db7adc4c1e38057b6ee400919a385523,2fe99f64db7adc4c1e38057b6ee400919a385523,/Ej2A.cbl,cbl_files_lowercase.csv,1
swh:1:cnt:69f576588507fbc79f7dca72c105ec19a68cd4dc,69f576588507fbc79f7dca72c105ec19a68cd4dc,/admin-server.cbl,cbl_files_lowercase.csv,1
swh:1:cnt:ab8b59c26789a45f2eacc2cf52b65fe515109a47,ab8b59c26789a45f2eacc2cf52b65fe515109a47,/RL110A.cbl,cbl_files_lowercase.csv,1
swh:1:cnt:8863e4a2a169c832029645c964604bf1351b0981,8863e4a2a169c832029645c964604bf1351b0981,/ExecSqlWithAlterSequence.rdz.cbl,cbl_files_lowercase.csv,1
swh:1:cnt:a019c6552b96f196acebb7f7a02c31845c9634b3,a019c6552b96f196acebb7f7a02c31845c9634b3,/FunDeclare.rdz.cbl,cbl_files_lowercase.csv,1
swh:1:cnt:ef16a32a62f7113b1fff8d2670a094dcfb5eb319,ef16a32a62f7113b1fff8d2670a094dcfb5eb319,/BANK2.cbl,cbl_files_lowercase.csv,1
swh:1:cnt:bcd1c79da85c3869959f9e065c795c01a140b4e0,bcd1c79da85c3869959f9e065c795c01a140b4e0,/MATHXMPL.cbl,cbl_files_lowercase.csv,1
swh:1:cnt:b5cdbcb00c532e8cf752c5b3eb5d86964e792387,b5cdbcb00c532e8cf752c5b3eb5d86964e792387,/D642UTG.cbl,cbl_files_lowercase.csv,1
swh:1:cnt:bee92b584936a2dec1f5fb5b3b0155534db2ed83,bee92b584936a2dec1f5fb5b3b0155534db2ed83,/acasirsub1.cbl,cbl_files_lowercase.csv,1
swh:1:cnt:dec486347b4c7b15a7d73bfa586557f1a5fd24a6,dec486347b4c7b15a7d73bfa586557f1a5fd24a6,/CallPublicProcFromPrivateProc.cbl,cbl_files_lowercase.csv,1
swh:1:cnt:227851e996f1a386c39e4cc101d6c28ecd283029,227851e996f1a386c39e4cc101d6c28ecd283029,/tictac.cbl,cbl_files_lowercase.csv,1
swh:1:cnt:d59e54cc845a0b605d27826e219b6ac05130b696,d59e54cc845a0b605d27826e219b6ac05130b696,/prova02.cbl,cbl_files_lowercase.csv,1
swh:1:cnt:d3cfe5d1abc7b8d56ffcc22d2eabe8caac6827ab,d3cfe5d1abc7b8d56ffcc22d2eabe8caac6827ab,/Search_sort.cbl,cbl_files_lowercase.csv,1
swh:1:cnt:0c4ca62b4d3af320cc2fd945506817791378bab3,0c4ca62b4d3af320cc2fd945506817791378bab3,/pp01165c.cbl,cbl_files_lowercase.csv,1
swh:1:cnt:802e7482ade3a83455a65d044305e73e7c070c4f,802e7482ade3a83455a65d044305e73e7c070c4f,/hello.cbl,cbl_files_lowercase.csv,1
swh:1:cnt:242acb27d4a56f09c888438af1d12429052a5fba,242acb27d4a56f09c888438af1d12429052a5fba,/NC108M.cbl,cbl_files_lowercase.csv,1
swh:1:cnt:c6706a2b56b63e489a4218aea5222c11b3d8f1a9,c6706a2b56b63e489a4218aea5222c11b3d8f1a9,/CobolAssignment1-COMP210.cbl,cbl_files_lowercase.csv,1
swh:1:cnt:091aab254a586d6aa258275654317361dce45a4b,091aab254a586d6aa258275654317361dce45a4b,/pwpe0401.cbl,cbl_files_lowercase.csv,1
swh:1:cnt:5ed4b92a203f125b786fc2b89c6d38dc6d12ba24,5ed4b92a203f125b786fc2b89c6d38dc6d12ba24,/[DC Comics] DC Master Reading Order Part #04 (WEB-CBRO).cbl,cbl_files_lowercase.csv,1
swh:1:cnt:2edad5c812fa8cbb5b426098635829ef0784fd7a,2edad5c812fa8cbb5b426098635829ef0784fd7a,/CWXTCOB.cbl,cbl_files_lowercase.csv,1
swh:1:cnt:cce29a2f188ad78a105e13c175e6fc1b8cfeca76,cce29a2f188ad78a105e13c175e6fc1b8cfeca76,/Listing5-7.cbl,cbl_files_lowercase.csv,1
swh:1:cnt:fd4771e946c80035d2ce80dd4d8f115fd2f2f006,fd4771e946c80035d2ce80dd4d8f115fd2f2f006,/UPDATE_EMP.cbl,cbl_files_lowercase.csv,1
swh:1:cnt:c88936a072b9dd20c71e47f903db08b35e065d10,c88936a072b9dd20c71e47f903db08b35e065d10,/Aquaman 2 - Silver_Bronze.cbl,cbl_files_lowercase.csv,2
swh:1:cnt:695dfaa51f88d00eafdcbc9e933d83b13d483a38,695dfaa51f88d00eafdcbc9e933d83b13d483a38,/ProjectPart2(1).cbl,cbl_files_lowercase.csv,1
swh:1:cnt:04c3924ab47911418b9942eccf7906e9f418ae23,04c3924ab47911418b9942eccf7906e9f418ae23,/GalhoCRD020.cbl,cbl_files_lowercase.csv,1
swh:1:cnt:97e6462dbce8f0c47fde433f5b8d8d0c6e840954,97e6462dbce8f0c47fde433f5b8d8d0c6e840954,/CPBD816BSK.cbl,cbl_files_lowercase.csv,1
swh:1:cnt:7c31733e72c759f4266c0e9b47f803841ac45a7c,7c31733e72c759f4266c0e9b47f803841ac45a7c,/CIRE010.cbl,cbl_files_lowercase.csv,1
swh:1:cnt:3b4400ad46d97d1ed63aebbe872cc2726e1695fb,3b4400ad46d97d1ed63aebbe872cc2726e1695fb,/SecuenciarArchivoClientes.cbl,cbl_files_lowercase.csv,1
swh:1:cnt:fc31f67252a8dbcc2e72ac56f7577b93f1abea20,fc31f67252a8dbcc2e72ac56f7577b93f1abea20,/connecttoserver.cbl,cbl_files_lowercase.csv,1
swh:1:cnt:539f2bde254641ff8427e106b479bb65c33672ea,539f2bde254641ff8427e106b479bb65c33672ea,/VPOPUPMSG.cbl,cbl_files_lowercase.csv,1
swh:1:cnt:d57d709e87325ca38aaa3735d18fa1c245ed5b98,d57d709e87325ca38aaa3735d18fa1c245ed5b98,/Docalc.cbl,cbl_files_lowercase.csv,1
swh:1:cnt:464e1e9d73b109f0905a5d65f2a855834daa6956,464e1e9d73b109f0905a5d65f2a855834daa6956,/pwpe0201.cbl,cbl_files_lowercase.csv,1
swh:1:cnt:8d5739b635ff224120d6310f6801d7d288519c28,8d5739b635ff224120d6310f6801d7d288519c28,/CommunicationDescriptionInput.cbl,cbl_files_lowercase.csv,1
swh:1:cnt:b64a755bfa24fae7a22468a30281887a3fb4ba12,b64a755bfa24fae7a22468a30281887a3fb4ba12,/soutfsqf02b2.cbl,cbl_files_lowercase.csv,1
swh:1:cnt:cd5a2ff1512676d4669fc08526001b510ffd2ea6,cd5a2ff1512676d4669fc08526001b510ffd2ea6,/tempCodeRunnerFile.cbl,cbl_files_lowercase.csv,1
swh:1:cnt:6389b49efe8d34bd6fb6d05ea6e9b16c341b6c45,6389b49efe8d34bd6fb6d05ea6e9b16c341b6c45,/ZECS001.cbl,cbl_files_lowercase.csv,1
swh:1:cnt:870f0c39b2ece26857aca312218a6da6f4823090,870f0c39b2ece26857aca312218a6da6f4823090,/py050087.cbl,cbl_files_lowercase.csv,1
swh:1:cnt:a6c5e6c085c5d7af45faeee58dccd155b78c936a,a6c5e6c085c5d7af45faeee58dccd155b78c936a,/ANK_WORK010.cbl,cbl_files_lowercase.csv,1
swh:1:cnt:673885971e3c8df30b03b563279e91eb98bbaaa6,673885971e3c8df30b03b563279e91eb98bbaaa6,/pw02143c.cbl,cbl_files_lowercase.csv,1
swh:1:cnt:51d66f5b1331045448f4ab816896d5d96e4a6619,51d66f5b1331045448f4ab816896d5d96e4a6619,/pw02599c.cbl,cbl_files_lowercase.csv,1
swh:1:cnt:b1a63637548fd04e4d6e2b14300274d99d5d5804,b1a63637548fd04e4d6e2b14300274d99d5d5804,/pw00178p.cbl,cbl_files_lowercase.csv,1
swh:1:cnt:52a3a55ffe934ac38f5cad9e8005ed9f6ab4b58c,52a3a55ffe934ac38f5cad9e8005ed9f6ab4b58c,/IVP01018.cbl,cbl_files_lowercase.csv,1
swh:1:cnt:584e79e3daf2433735ed607e652040c1597856be,584e79e3daf2433735ed607e652040c1597856be,/types.llvm.cbl,cbl_files_lowercase.csv,1
swh:1:cnt:9e7bf74805dc30f797c01f9d4f3c3ce6c5b9049e,9e7bf74805dc30f797c01f9d4f3c3ce6c5b9049e,/[X-Men Krakoa 2.5] Destiny of X Before the Fall.cbl,cbl_files_lowercase.csv,1
swh:1:cnt:5a7716ef6546a581c52af0e226e5893df5ccefb8,5a7716ef6546a581c52af0e226e5893df5ccefb8,/UPDATE_PART.cbl,cbl_files_lowercase.csv,1
swh:1:cnt:f0061c9964ae5722faa579963ee37e7159413fe0,f0061c9964ae5722faa579963ee37e7159413fe0,/fr-date.cbl,cbl_files_lowercase.csv,1
swh:1:cnt:82acdb244e0ca4a142f0b93a609b746697466326,82acdb244e0ca4a142f0b93a609b746697466326,/CIFPBCNV.cbl,cbl_files_lowercase.csv,1
swh:1:cnt:568f3ce519ab8c6cb29ac4a6547d148666fb3998,568f3ce519ab8c6cb29ac4a6547d148666fb3998,/Data2.cbl,cbl_files_lowercase.csv,1
swh:1:cnt:385b511c79defd216ad5d10b927c4d06ab3fd060,385b511c79defd216ad5d10b927c4d06ab3fd060,/SortStatement.rdz.cbl,cbl_files_lowercase.csv,1
swh:1:cnt:37a01ed77e39bb10a9aa57a94f6437b88d76cd0f,37a01ed77e39bb10a9aa57a94f6437b88d76cd0f,/sortandusing.cbl,cbl_files_lowercase.csv,1
swh:1:cnt:cc95ff7b5ba354e319d581876134362a44a22e94,cc95ff7b5ba354e319d581876134362a44a22e94,/CPBCO005.cbl,cbl_files_lowercase.csv,1
swh:1:cnt:90dc452f77e8e3168d676294031a1b00189c5787,90dc452f77e8e3168d676294031a1b00189c5787,/py070071.cbl,cbl_files_lowercase.csv,1
swh:1:cnt:10c6ab469c6d7b91d851a89b5cab355457a722d9,10c6ab469c6d7b91d851a89b5cab355457a722d9,/PW01316C.cbl,cbl_files_lowercase.csv,1
swh:1:cnt:1a5e5860ab58ee261dd709d826978425f85dab8d,1a5e5860ab58ee261dd709d826978425f85dab8d,/CPBD469KUS.cbl,cbl_files_lowercase.csv,1
swh:1:cnt:722954c235c771f09e80729ff4a50d37299aeec3,722954c235c771f09e80729ff4a50d37299aeec3,/HellloCoboll.cbl,cbl_files_lowercase.csv,1
swh:1:cnt:461dc024442389e14883c321766f6e7be6a14e48,461dc024442389e14883c321766f6e7be6a14e48,/ph070121.cbl,cbl_files_lowercase.csv,1
swh:1:cnt:2ed721cd27cd6374917853aeb78794c364ab1240,2ed721cd27cd6374917853aeb78794c364ab1240,/TRADER9.cbl,cbl_files_lowercase.csv,1
swh:1:cnt:ba01fa7c9eee8a5c917eee7d874861a8f1b1312a,ba01fa7c9eee8a5c917eee7d874861a8f1b1312a,/search.cbl,cbl_files_lowercase.csv,1
swh:1:cnt:c281d72aaf7288bf0efa42189648a26d36604915,c281d72aaf7288bf0efa42189648a26d36604915,/AOC04A.cbl,cbl_files_lowercase.csv,1
swh:1:cnt:7169494d83dbbc7ce5f0f4d4f7184b50506090d7,7169494d83dbbc7ce5f0f4d4f7184b50506090d7,/CPBD026GRZ.cbl,cbl_files_lowercase.csv,1
swh:1:cnt:583f6ed962c07bf6624067c6feaa101c339943ae,583f6ed962c07bf6624067c6feaa101c339943ae,/pw02499c.cbl,cbl_files_lowercase.csv,1
swh:1:cnt:aa8d25af65c77c90419a083fd6e7ba20b769958d,aa8d25af65c77c90419a083fd6e7ba20b769958d,/RelationCombinedGreaterOr.cbl,cbl_files_lowercase.csv,1
swh:1:cnt:9dba1a25b9945d096b332fca400e5d733b1fc8e3,9dba1a25b9945d096b332fca400e5d733b1fc8e3,/CGPRG004.cbl,cbl_files_lowercase.csv,1
swh:1:cnt:d627895a564bedb3a7431b7c239ea9e627f12c9f,d627895a564bedb3a7431b7c239ea9e627f12c9f,/BCE618.cbl,cbl_files_lowercase.csv,1
swh:1:cnt:cb7251f2859a788f9b04509fa950837cf0fdedf9,cb7251f2859a788f9b04509fa950837cf0fdedf9,/assign_var.cbl,cbl_files_lowercase.csv,1
swh:1:cnt:824b4440978ce9a2988832e56c654bba9becd171,824b4440978ce9a2988832e56c654bba9becd171,/ACBACSLSTS.cbl,cbl_files_lowercase.csv,1
swh:1:cnt:babcdb7e851e50b900260981e8d7f27c0f873337,babcdb7e851e50b900260981e8d7f27c0f873337,/CPBD098HKJ.cbl,cbl_files_lowercase.csv,1
swh:1:cnt:8435f1ede6623683011542708571f050a0598709,8435f1ede6623683011542708571f050a0598709,/ExecSqlWithAlterSequence.rdz.cbl,cbl_files_lowercase.csv,1
swh:1:cnt:1eb9dec4778770ef6910eb88f2dcb8270270e6b2,1eb9dec4778770ef6910eb88f2dcb8270270e6b2,/crp058.cbl,cbl_files_lowercase.csv,1
swh:1:cnt:0cf41bcd05cb5a755c929f6ad78d01bc11a0e4ca,0cf41bcd05cb5a755c929f6ad78d01bc11a0e4ca,/lbp201.cbl,cbl_files_lowercase.csv,1
swh:1:cnt:72ac2da99ab270d440bb7de13458080b714d20d0,72ac2da99ab270d440bb7de13458080b714d20d0,/euler-problem-001.cbl,cbl_files_lowercase.csv,1
swh:1:cnt:fa89c610b43446d277f464cd11aa3196001a4f1a,fa89c610b43446d277f464cd11aa3196001a4f1a,/pl900.cbl,cbl_files_lowercase.csv,1
swh:1:cnt:1126abf846f1b9aac657034831d426075e0f42fd,1126abf846f1b9aac657034831d426075e0f42fd,/[Spider-Man] 27 - The Early 2000s - Marvel Knights - Part 1.cbl,cbl_files_lowercase.csv,1
swh:1:cnt:73f3e2fff3b54c8e0981baf61b1a8ce373d51228,73f3e2fff3b54c8e0981baf61b1a8ce373d51228,/EIRemarksRemoveLevel01.rdz.cbl,cbl_files_lowercase.csv,1
swh:1:cnt:ead5da269a8bb0b7d6ddbf04cbeafb0bfd4435bf,ead5da269a8bb0b7d6ddbf04cbeafb0bfd4435bf,/[Marvel] Messiah War (WEB-CBRO).cbl,cbl_files_lowercase.csv,1
swh:1:cnt:9245af70b9a488c20d00c115ac14cf7eaa9c8893,9245af70b9a488c20d00c115ac14cf7eaa9c8893,/IF119A.cbl,cbl_files_lowercase.csv,1
swh:1:cnt:7f9f76819889b46f347201075db898abc8803f32,7f9f76819889b46f347201075db898abc8803f32,/DCRCVE.cbl,cbl_files_lowercase.csv,1
swh:1:cnt:e7f9266c487c8b1533cb724dbff1834121785f9a,e7f9266c487c8b1533cb724dbff1834121785f9a,/CARTAO.cbl,cbl_files_lowercase.csv,1
swh:1:cnt:07e0ba395aa4bbeef1a3cdb076d0e3d79bbf3300,07e0ba395aa4bbeef1a3cdb076d0e3d79bbf3300,/einfacherTaschenrechner.cbl,cbl_files_lowercase.csv,1
swh:1:cnt:383c36793a2315ad570d0f388975bd74563e42ea,383c36793a2315ad570d0f388975bd74563e42ea,/CICSCON0.cbl,cbl_files_lowercase.csv,1
swh:1:cnt:a6ea16f415a1ec0f4d55a9a7cdbb9c3ad566d48f,a6ea16f415a1ec0f4d55a9a7cdbb9c3ad566d48f,/sqlenv.cbl,cbl_files_lowercase.csv,1
swh:1:cnt:bba7807c9eaa5861d567b79536563e292a80d712,bba7807c9eaa5861d567b79536563e292a80d712,/UVSON.cbl,cbl_files_lowercase.csv,1
swh:1:cnt:4e6690b942b94ce57d1ae8ae1c0efe1df8fdb414,4e6690b942b94ce57d1ae8ae1c0efe1df8fdb414,/hello.cbl,cbl_files_lowercase.csv,1
swh:1:cnt:0a284dba8dc9452f152526f6ca25e8d86a86db48,0a284dba8dc9452f152526f6ca25e8d86a86db48,/Syracuse.cbl,cbl_files_lowercase.csv,1
swh:1:cnt:6dd1c35876dbcfc44d4bc54d8176d3c711268875,6dd1c35876dbcfc44d4bc54d8176d3c711268875,/ox.cbl,cbl_files_lowercase.csv,1
swh:1:cnt:61cdb6a47a948daf3fff060fb35ea2a36918f398,61cdb6a47a948daf3fff060fb35ea2a36918f398,/SELECT.cbl,cbl_files_lowercase.csv,1
swh:1:cnt:3a498738357b144ccc21d9a5e1b507ac371a3cd0,3a498738357b144ccc21d9a5e1b507ac371a3cd0,/solution.cbl,cbl_files_lowercase.csv,1
swh:1:cnt:1364c89d5cf22169724fb1b602680a921fb0d5dd,1364c89d5cf22169724fb1b602680a921fb0d5dd,/EqualOr.cbl,cbl_files_lowercase.csv,1
swh:1:cnt:2fcf2e8d8ccb6b0fc50f6f5f6d908dedf1fb520d,2fcf2e8d8ccb6b0fc50f6f5f6d908dedf1fb520d,/lista5e2.cbl,cbl_files_lowercase.csv,1
swh:1:cnt:b843798db1ed4877da20074a5fff755069afa1e8,b843798db1ed4877da20074a5fff755069afa1e8,/PROG_TESTE_11.cbl,cbl_files_lowercase.csv,1
swh:1:cnt:2d3828b1dbe037ffcfb66a6e3bebf5dc556fae46,2d3828b1dbe037ffcfb66a6e3bebf5dc556fae46,/HELLO.cbl,cbl_files_lowercase.csv,1
swh:1:cnt:dc7e37b45d7dba1cf3b0fd39a820fecd7ae42cbc,dc7e37b45d7dba1cf3b0fd39a820fecd7ae42cbc,/write-score1.cbl,cbl_files_lowercase.csv,2
swh:1:cnt:982665ce29a276bda91bd486b4af6ba20944ad87,982665ce29a276bda91bd486b4af6ba20944ad87,/KEYS404.cbl,cbl_files_lowercase.csv,1
swh:1:cnt:20034217a29faba09350d05254a5fb3b16259ebd,20034217a29faba09350d05254a5fb3b16259ebd,/CPBD111HTR.cbl,cbl_files_lowercase.csv,1
swh:1:cnt:51b38580849d9c808a6e352e7a9cd37945d4993e,51b38580849d9c808a6e352e7a9cd37945d4993e,/Listing 7-2  Reading the Employee file and displaying the records.cbl,cbl_files_lowercase.csv,1
swh:1:cnt:523897736ccd54c640f346c5f11718d3e45a8137,523897736ccd54c640f346c5f11718d3e45a8137,/IC227A.cbl,cbl_files_lowercase.csv,1
swh:1:cnt:c40b6dd7c350403b5fd5311bed6e7cbf431bd257,c40b6dd7c350403b5fd5311bed6e7cbf431bd257,/flightlog.cbl,cbl_files_lowercase.csv,1
swh:1:cnt:6974257b93d77b0094d15db5b82ee64302a2ae02,6974257b93d77b0094d15db5b82ee64302a2ae02,/pwpe0388.cbl,cbl_files_lowercase.csv,1
swh:1:cnt:49f150fe8375a2c7a19652b0179a5abb49bbfbcc,49f150fe8375a2c7a19652b0179a5abb49bbfbcc,/Program1.cbl,cbl_files_lowercase.csv,1
swh:1:cnt:049014181f277441ddf87ea5356dfd53b889137a,049014181f277441ddf87ea5356dfd53b889137a,/EL341CI.cbl,cbl_files_lowercase.csv,1
swh:1:cnt:c2d95c20d16d6d8babe1398d6a32ce0284133299,c2d95c20d16d6d8babe1398d6a32ce0284133299,/ga0100.cbl,cbl_files_lowercase.csv,1
swh:1:cnt:dc3e2c77890b0524bbbb16c37ea05e37cb9a2bdf,dc3e2c77890b0524bbbb16c37ea05e37cb9a2bdf,/Ex31.cbl,cbl_files_lowercase.csv,1
swh:1:cnt:0ed4db3d7fad4e4ceb91af16e5d2df838ab7d853,0ed4db3d7fad4e4ceb91af16e5d2df838ab7d853,/control3.cbl,cbl_files_lowercase.csv,1
swh:1:cnt:4a129da91f310a54030dd88ecf6bcadb6ce6cecb,4a129da91f310a54030dd88ecf6bcadb6ce6cecb,/toolchaintest.cbl,cbl_files_lowercase.csv,1
swh:1:cnt:5d45562de02ba1c89e463ca0ce9df4418c499961,5d45562de02ba1c89e463ca0ce9df4418c499961,/pw01452c.cbl,cbl_files_lowercase.csv,1
swh:1:cnt:70361799b1d11dd7c4d60a1b497d8a73004e764d,70361799b1d11dd7c4d60a1b497d8a73004e764d,/Consult.cbl,cbl_files_lowercase.csv,1
