concept_id,name,primary_record,n_records,records
concept/repo/A+,A+,repo/A+,3,repo/A+;pl/aplus;pl/a-programming-language
concept/repo/Agda,Agda,repo/Agda,3,repo/Agda;pl/agda;pl/agda-programming-language
concept/repo/Boomerang,Boomerang,repo/Boomerang,2,repo/Boomerang;pl/boomerang-programming-language
concept/repo/C#,C#,repo/C#,4,repo/C#;pl/csharp;pl/csharp-2;pl/c-sharp-programming-language
concept/repo/Carbon,Carbon,repo/Carbon,3,repo/Carbon;pl/carbon;pl/carbon-programming-language
concept/repo/Cedar,Cedar,repo/Cedar,2,repo/Cedar;pl/cedar-programming-language
concept/repo/Charm,Charm,repo/Charm,2,repo/Charm;pl/charm-programming-language
concept/repo/Clipper,Clipper,repo/Clipper,3,repo/Clipper;pl/clipper;pl/clipper-programming-language
concept/repo/Crystal,Crystal,repo/Crystal,3,repo/Crystal;pl/crystal;pl/crystal-programming-language
concept/repo/Cuneiform,Cuneiform,repo/Cuneiform,3,repo/Cuneiform;pl/cuneiform;pl/cuneiform-programming-language
concept/repo/Darwin,Darwin,repo/Darwin,2,repo/Darwin;pl/darwin-programming-language
concept/repo/Elan,Elan,repo/Elan,3,repo/Elan;pl/elan;pl/elan-programming-language
concept/repo/Elixir,Elixir,repo/Elixir,3,repo/Elixir;pl/elixir;pl/elixir-programming-language
concept/repo/Erlang,Erlang,repo/Erlang,3,repo/Erlang;pl/erlang;pl/erlang-programming-language
concept/repo/Factor,Factor,repo/Factor,3,repo/Factor;pl/factor;pl/factor-programming-language
concept/repo/Forth,Forth,repo/Forth,3,repo/Forth;pl/forth;pl/forth-programming-language
concept/repo/Futhark,Futhark,repo/Futhark,3,repo/Futhark;pl/futhark;pl/futhark-programming-language
concept/repo/GEORGE,GEORGE,repo/GEORGE,3,repo/GEORGE;pl/george;pl/george-programming-language
concept/repo/Gleam,Gleam,repo/Gleam,3,repo/Gleam;pl/gleam;pl/gleam-programming-language
concept/repo/Golo,Golo,repo/Golo,3,repo/Golo;pl/golo;pl/golo-programming-language
concept/repo/Gosu,Gosu,repo/Gosu,3,repo/Gosu;pl/gosu;pl/gosu-programming-language
concept/repo/HAGGIS,HAGGIS,repo/HAGGIS,3,repo/HAGGIS;pl/haggis;pl/haggis-programming-language
concept/repo/Hermes,Hermes,repo/Hermes,3,repo/Hermes;pl/hermes;pl/hermes-programming-language
concept/repo/Java,Java,repo/Java,3,repo/Java;pl/java;pl/java-programming-language
concept/repo/Jolie,Jolie,repo/Jolie,3,repo/Jolie;pl/jolie;pl/jolie-programming-language
concept/repo/Julia,Julia,repo/Julia,3,repo/Julia;pl/julia;pl/julia-programming-language
concept/repo/Karel,Karel,repo/Karel,3,repo/Karel;repo/Karel (programming language);pl/karel
concept/repo/Lisp,Lisp,repo/Lisp,3,repo/Lisp;pl/lisp;pl/lisp-programming-language
concept/repo/Little b,Little b,repo/Little b,3,repo/Little b;pl/little-b;pl/little-b-programming-language
concept/repo/Logo,Logo,repo/Logo,3,repo/Logo;pl/logo;pl/logo-programming-language
concept/repo/Mojo,Mojo,repo/Mojo,3,repo/Mojo;pl/mojo;pl/mojo-programming-language
concept/repo/Pico,Pico,repo/Pico,2,repo/Pico;pl/pico-programming-language
concept/repo/Pony,Pony,repo/Pony,3,repo/Pony;pl/pony;pl/pony-programming-language
concept/repo/Python,Python,repo/Python,3,repo/Python;pl/python;pl/python-programming-language
concept/repo/Qore,Qore,repo/Qore,3,repo/Qore;pl/qore;pl/qore-programming-language
concept/repo/Raku,Raku,repo/Raku,3,repo/Raku;pl/raku;pl/raku-programming-language
concept/repo/Scala,Scala,repo/Scala,3,repo/Scala;pl/scala;pl/scala-programming-language
concept/repo/Self,Self,repo/Self,3,repo/Self;pl/self;pl/self-programming-language
concept/repo/SLIP,SLIP,repo/SLIP,3,repo/SLIP;pl/slip;pl/slip-programming-language
concept/repo/Source,Source,repo/Source,2,repo/Source;pl/source-programming-language
concept/repo/Squirrel,Squirrel,repo/Squirrel,3,repo/Squirrel;pl/squirrel;pl/squirrel-programming-language
concept/repo/Swift,Swift,repo/Swift,3,repo/Swift;pl/swift;pl/swift-programming-language
concept/repo/Vala,Vala,repo/Vala,3,repo/Vala;pl/vala;pl/vala-programming-language
